date,logret
2000-01-04,0.015051105081899522
2000-01-05,0.0025188930194840684
2000-01-06,-0.0010649112773642513
2000-01-07,-0.0029100806258045425
2000-01-10,-0.0040883927287383055
2000-01-11,0.006804731224710845
2000-01-12,-0.003980008165953928
2000-01-13,-0.001070507620114708
2000-01-14,-0.01392315853864648
2000-01-18,-0.0006913921950561577
2000-01-19,-0.000593002587055285
2000-01-20,0.00177795384647173
2000-01-21,-0.0032620006189668076
2000-01-24,-0.008052133570087827
2000-01-25,0.002193420620173292
2000-01-26,-0.0029922224599524933
2000-01-27,-0.012160342802726012
2000-01-28,-0.012719581305978443
2000-01-31,-0.0008195882028292981
2000-02-01,-0.0026683102859610883
2000-02-02,0.0037950709685516497
2000-02-03,0.012109026106592369
2000-02-04,-0.012928362489994828
2000-02-07,0.002353785050290623
2000-02-08,0.008042802326642612
2000-02-09,0.0052589117964477634
2000-02-10,-0.004954760123803383
2000-02-11,-0.0018262992089136728
2000-02-14,-0.00652065479037332
2000-02-15,0.005199583514455968
2000-02-16,0.000813173454038741
2000-02-17,0.0021314395280699946
2000-02-18,-0.0013189267878589237
2000-02-22,0.021095709487595652
2000-02-23,-0.004283515041965957
2000-02-24,-0.00862247170840571
2000-02-25,-0.017061447677687115
2000-02-28,-0.009674838742123899
2000-02-29,-0.00269262797316306
2000-03-01,0.005893621981089697
2000-03-02,-0.008385576338858614
2000-03-03,-0.00010396631500760728
2000-03-06,-0.0015607931996351465
2000-03-07,-0.004487822592525864
2000-03-08,0.001672241192362152
2000-03-09,0.011215070820140068
2000-03-10,-0.0025849158786532683
2000-03-13,-0.0011394832123292134
2000-03-14,-0.00041467966590496425
2000-03-15,0.005377469008034003
2000-03-16,0.001442852976274861
2000-03-17,-0.0016491448800492296
2000-03-20,0.0016491448800492296
2000-03-21,-0.0007211662600710537
2000-03-22,-0.00983903126548006
2000-03-23,0.008601534974730554
2000-03-24,0.003399436701464014
2000-03-27,-0.008157410096184547
2000-03-28,-0.003219276885923439
2000-03-29,-0.009405440847152613
2000-03-30,0.007322974455255836
2000-03-31,-0.0020868121095548933
2000-04-03,-0.0014633639070074367
2000-04-04,0.0029245895088280335
2000-04-05,0.006134669616278621
2000-04-06,-0.006969394205647399
2000-04-07,0.0010432969125776792
2000-04-10,-0.00020857232320890123
2000-04-11,0.00031284217367612277
2000-04-12,-0.004179297693213568
2000-04-13,-0.002830932427984094
2000-04-14,0.004191120971461952
2000-04-17,-0.001464895103439487
2000-04-18,-0.007673344004581022
2000-04-19,-0.011461443519006645
2000-04-20,0.0007468658656056143
2000-04-21,0.00031991469214461
2000-04-24,0.001810919269864951
2000-04-25,-0.014040207059343258
2000-04-26,-0.0051942547257959465
2000-04-27,-0.01464507049145064
2000-04-28,0.0006603566165568758
2000-05-01,0.003404912949606681
2000-05-02,-0.005718071440957442
2000-05-03,-0.01971220350628068
2000-05-04,0.0017979553107305563
2000-05-05,0.005151187202286439
2000-05-08,-0.00033513936525490784
2000-05-09,0.008123340725599615
2000-05-10,0.008167815827561112
2000-05-11,-0.008389496165423033
2000-05-12,0.00651899993870024
2000-05-15,0.006367350527877749
2000-05-16,-0.009345348647776405
2000-05-17,-0.014688146561656887
2000-05-18,0.0034689230779776925
2000-05-19,-0.0006704659989677925
2000-05-22,0.01001009359510048
2000-05-23,-0.0004427717583958962
2000-05-24,0.007060929600873983
2000-05-25,-0.0026420094628386154
2000-05-26,0.025896344303579497
2000-05-30,0.00042955327120970666
2000-05-31,0.0015019850479510571
2000-06-01,-0.0022538244045631345
2000-06-02,0.013341358031496456
2000-06-05,0.004126335008894505
2000-06-06,0.010398707220898501
2000-06-07,0.003129893008927666
2000-06-08,-0.005431389997206874
2000-06-09,-0.00230680609791499
2000-06-12,0.001887782416946364
2000-06-13,0.007827624374863479
2000-06-14,-0.003019420275131683
2000-06-15,-0.006276171229236113
2000-06-16,0.012305922318718916
2000-06-19,-0.0026984967075675964
2000-06-20,-0.006778272993219411
2000-06-21,-0.010730168173621782
2000-06-22,-0.006046801429796883
2000-06-23,-0.004265308236599437
2000-06-26,0.0025613674622418092
2000-06-27,0.006586659317000185
2000-06-28,0.0
2000-06-29,0.007489881524846323
2000-06-30,0.0031479564295981283
2000-07-03,-0.001992554799042298
2000-07-05,0.00230680609791499
2000-07-06,-0.002201835751941328
2000-07-07,-0.004523704521483249
2000-07-10,0.003893717100395204
2000-07-11,-0.002523926042738829
2000-07-12,-0.010159892664401565
2000-07-13,-0.006616886468833114
2000-07-14,0.003740719372933632
2000-07-17,-0.002456610047204627
2000-07-18,-0.003106091502760533
2000-07-19,-0.009160040340076253
2000-07-20,0.00593665729768976
2000-07-21,0.005473584902655856
2000-07-24,-0.00310875525063313
2000-07-25,0.008233139262291106
2000-07-26,0.002339928742606634
2000-07-27,-0.00874952231319824
2000-07-28,-0.009151164685851296
2000-07-31,0.002160761428422933
2000-08-01,-0.004109446682949422
2000-08-02,-0.009910236295023703
2000-08-03,-0.010451715144070062
2000-08-04,0.003642991278501026
2000-08-07,0.0033003330286568017
2000-08-08,-0.009490249996000094
2000-08-09,-0.0031093861809352863
2000-08-10,0.009519664541854267
2000-08-11,-0.0034210704888387594
2000-08-14,-0.0009954101358326806
2000-08-15,0.010785928910151316
2000-08-16,0.0008753693523195077
2000-08-17,0.0009838754551525775
2000-08-18,-0.009220701992159477
2000-08-21,-0.00453164632926481
2000-08-22,-0.0068919792589216405
2000-08-23,0.00022306491281438856
2000-08-24,0.006779686985378758
2000-08-25,-0.0004431641995862462
2000-08-28,-0.002440919884962117
2000-08-29,-0.004007129137493251
2000-08-30,-0.004695369162961649
2000-08-31,-0.005167970158442517
2000-09-01,0.012870190520534869
2000-09-05,-0.013095491862030975
2000-09-06,-0.019798120771859093
2000-09-07,0.004357305368955761
2000-09-08,-0.008733679968754654
2000-09-11,-0.004627495532048026
2000-09-12,-0.003252035386377361
2000-09-13,0.005105604035700179
2000-09-14,-0.002665586558334432
2000-09-15,-0.00523591864629927
2000-09-18,-0.005732686071170029
2000-09-19,-0.0010565241341998488
2000-09-20,-0.006126315108084979
2000-09-21,0.01128096569674944
2000-09-22,0.027089432402239932
2000-09-25,-0.006274619867620873
2000-09-26,0.00877348532058933
2000-09-27,-0.001135073901664091
2000-09-28,0.0023821688991861184
2000-09-29,0.0012455416885118892
2000-10-02,-0.00351414520230528
2000-10-03,-0.007408707735211267
2000-10-04,-0.0017175248969329704
2000-10-05,-0.004709675008349595
2000-10-06,-0.0005758710208094986
2000-10-10,0.00023038820514298397
2000-10-11,0.0037937620945825146
2000-10-12,-0.008180240327344823
2000-10-13,-0.008831105499191833
2000-10-16,-0.009263125389616905
2000-10-17,0.0021181462379165628
2000-10-18,-0.013729651105815005
2000-10-19,0.001786033694992667
2000-10-20,-0.0007140307336570839
2000-10-23,-0.004294924282880697
2000-10-24,0.0
2000-10-25,-0.011302272530787305
2000-10-26,0.00012091167416944382
2000-10-27,0.016190315873155642
2000-10-30,0.0030882552160814702
2000-10-31,0.006383754981126699
2000-11-01,0.011482258548264263
2000-11-02,0.0011642800244060225
2000-11-03,0.0023245012791154873
2000-11-06,-0.00348878130352151
2000-11-07,-0.00011650259231454907
2000-11-08,-0.0028001418366102315
2000-11-09,0.0017510072763128048
2000-11-10,0.005930594741638068
2000-11-13,-0.002089137250086054
2000-11-14,-0.003958095970718611
2000-11-15,-0.00034999708693042586
2000-11-16,-0.004443932000584322
2000-11-17,-0.0018770535778710185
2000-11-20,-0.003529000251099923
2000-11-21,-0.003305007729836301
2000-11-22,-0.00414667971707014
2000-11-24,-0.00487950983034699
2000-11-27,0.013979613993391038
2000-11-28,0.005514180687610198
2000-11-29,0.003503857824403517
2000-11-30,0.013548930558315797
2000-12-01,0.008133385806597504
2000-12-04,0.012471816988281675
2000-12-05,-0.008032171697264251
2000-12-06,0.008257498421967158
2000-12-07,0.0015758670528195906
2000-12-08,-0.005978922430453684
2000-12-11,-0.007609781739303698
2000-12-12,0.00045594438268489745
2000-12-13,-0.0022818036141143416
2000-12-14,0.011696039763191377
2000-12-15,0.013790229187806202
2000-12-18,-0.00580682815373329
2000-12-19,-0.0030284359414168294
2000-12-20,0.017372374540359614
2000-12-21,0.00594388101085884
2000-12-22,0.012866822369879807
2000-12-26,0.006694766393401913
2000-12-27,0.0012906003082005651
2000-12-28,-0.005064393131289133
2000-12-29,0.014052255903702876
2001-01-02,0.00816850667250913
2001-01-03,0.0008448622321112764
2001-01-04,-0.002642567998336308
2001-01-05,0.009166160157321253
2001-01-08,-0.005152211596992438
2001-01-09,-0.009426538054462058
2001-01-10,-0.0010647360460731559
2001-01-11,0.014069095448419153
2001-01-12,-0.003577821347883939
2001-01-16,-0.011877127954875569
2001-01-17,-0.0072805460780576425
2001-01-18,0.014932018051468612
2001-01-19,-0.00882561951717327
2001-01-22,0.0011741475437622995
2001-01-23,0.0015988917758959637
2001-01-24,-0.014050748667331622
2001-01-25,-0.00422147079262139
2001-01-26,-0.0006510416896623322
2001-01-29,-0.0034793989652320417
2001-01-30,0.008999789669076455
2001-01-31,0.0047383246094058334
2001-02-01,0.00813186591112909
2001-02-02,-0.002881385057398475
2001-02-05,0.004052906571652762
2001-02-06,-0.009733217649065332
2001-02-07,0.0028977750355216603
2001-02-08,-0.015879350674674372
2001-02-09,0.008996863027343718
2001-02-12,0.0021558701893169274
2001-02-13,-0.008977400620751794
2001-02-14,-0.0007608282525589372
2001-02-15,-0.015339404527749123
2001-02-16,0.01152655607173901
2001-02-20,-0.007229739016315517
2001-02-21,-0.002091014903744748
2001-02-22,-0.0008817370790593915
2001-02-23,0.002862807504654813
2001-02-26,-0.0002199252263097723
2001-02-27,0.0038417258159986756
2001-02-28,0.009160369398664325
2001-03-01,0.008539207700736684
2001-03-02,0.005260062581575839
2001-03-05,-0.0054753478353676
2001-03-06,0.0025803691341370755
2001-03-07,-0.004196487570251692
2001-03-08,0.0007545136439867095
2001-03-09,0.003656704440295977
2001-03-12,-0.0016116038943414651
2001-03-13,-0.016479123998675668
2001-03-14,-0.0016410484509927492
2001-03-15,-0.00957155665389052
2001-03-16,-0.013018264520571976
2001-03-19,0.0062521137004429295
2001-03-20,0.007650128778244503
2001-03-21,-0.009320972943062056
2001-03-22,-0.009971512794337722
2001-03-23,0.0050542029307110575
2001-03-26,0.003243669305596955
2001-03-27,-0.0050377940299571045
2001-03-28,-0.0031474846128074496
2001-03-29,-0.008479897046588039
2001-03-30,-0.0014771890647041486
2001-04-02,0.00340561119258298
2001-04-03,0.0119411129372064
2001-04-04,0.00925158468586501
2001-04-05,-0.00411363079393226
2001-04-06,0.002892426090400496
2001-04-09,0.0013321493977155596
2001-04-10,-0.01452701823627553
2001-04-11,-0.0031567106258451605
2001-04-12,0.007424941299737198
2001-04-13,-0.003818084368744104
2001-04-16,-0.002929579560031176
2001-04-17,-0.005431106357502533
2001-04-18,0.00022688599076353677
2001-04-19,0.010493749327948013
2001-04-20,0.013711825108854145
2001-04-23,-0.008003599860521779
2001-04-24,-0.0015637219761828053
2001-04-25,0.002902111647305569
2001-04-26,0.004337436594938404
2001-04-27,-0.009701776682614238
2001-04-30,-0.005618623613568338
2001-05-01,0.0070743094425372716
2001-05-02,-0.001343634733552257
2001-05-03,-0.0038167985267007903
2001-05-04,0.004824693790924969
2001-05-07,-0.002016807406304541
2001-05-08,-0.007655970743643339
2001-05-09,-0.0003391171682304711
2001-05-10,-0.006010110510428324
2001-05-11,-0.0037604739203682958
2001-05-14,-0.0012566403664305004
2001-05-15,0.0045620517078423795
2001-05-16,0.006125940881687636
2001-05-17,-0.0015846070095614506
2001-05-18,-0.00613568565046782
2001-05-21,-0.001368613352315473
2001-05-22,-0.012055947158069957
2001-05-23,-0.006838624159546947
2001-05-24,-0.0032618854644013984
2001-05-25,0.0008164693985960592
2001-05-29,-0.003503857824403517
2001-05-30,0.0033872601445652517
2001-05-31,-0.014209621977902542
2001-06-01,-0.00035488259673344125
2001-06-04,-0.00035500858310247296
2001-06-05,0.006488549868939125
2001-06-06,-0.006133541285836652
2001-06-07,0.006368697077631602
2001-06-08,-0.00011757098361669938
2001-06-11,-0.00945074960939965
2001-06-12,0.00638904208344046
2001-06-13,0.0066999956775863345
2001-06-14,0.00723710407463754
2001-06-15,0.003483110452820154
2001-06-18,-0.002088410087270537
2001-06-19,-0.006057800445014305
2001-06-20,-0.006094721163183298
2001-06-21,0.0044574853863972586
2001-06-22,0.003038450391849329
2001-06-25,0.00477272310433971
2001-06-26,0.0013925962561592287
2001-06-27,-0.0002319647423994209
2001-06-28,-0.017670578563824924
2001-06-29,0.0004721435404045349
2001-07-02,-0.0022446698538238774
2001-07-03,0.0025986312757248498
2001-07-05,-0.012702729124884599
2001-07-06,0.011286131083714762
2001-07-09,0.001062636619268864
2001-07-10,0.009747009231550252
2001-07-11,0.006639125196001128
2001-07-12,-0.00979942512833118
2001-07-13,-0.000351761743675183
2001-07-16,0.002576717284184099
2001-07-17,0.0
2001-07-18,0.017623644539790706
2001-07-19,-0.0012650223065866772
2001-07-20,0.002643223971849046
2001-07-23,-0.004255570284521726
2001-07-24,0.008721652714997363
2001-07-25,0.005128508590912156
2001-07-26,-0.0036442358973397537
2001-07-27,-0.0018271102490702573
2001-07-30,0.00011429224539555305
2001-07-31,0.0002285453101023016
2001-08-01,0.004673704717239685
2001-08-02,0.002271953720658332
2001-08-03,0.003398281476074655
2001-08-06,-0.004647217204698378
2001-08-07,-0.0030721990369702024
2001-08-08,0.00034182191411283314
2001-08-09,0.012228413247674388
2001-08-10,0.006058584671706127
2001-08-13,0.0047983130616467695
2001-08-14,0.004664601971875015
2001-08-15,0.009813188622746202
2001-08-16,0.0026298502993889195
2001-08-17,0.002950338150588608
2001-08-20,-0.004154827756928117
2001-08-21,-0.0013156454041138577
2001-08-22,0.0086296892534099
2001-08-23,-0.0030501112971039607
2001-08-24,-0.0054698747034944845
2001-08-27,-0.0019765022356253853
2001-08-28,0.0004395604466378017
2001-08-29,-0.000549480754525461
2001-08-30,0.006246253391525583
2001-08-31,-0.00701603404206283
2001-09-04,-0.024725616435322437
2001-09-05,0.0032648495085652873
2001-09-06,0.005156962101413712
2001-09-07,0.01123045105167933
2001-09-10,-0.006211200092640604
2001-09-12,0.00897165014234795
2001-09-13,0.0022028866712026363
2001-09-14,0.01202989135838689
2001-09-17,-0.00010871337728825259
2001-09-18,0.0037979536727588414
2001-09-19,0.008305068498484905
2001-09-20,-0.005925145263514939
2001-09-21,-0.016999428650907034
2001-09-24,0.003948672455416219
2001-09-25,0.009478743954543817
2001-09-26,0.0009754512235006785
2001-09-27,-0.005431253846451531
2001-09-28,-0.008971613787009183
2001-10-01,0.006572485046296747
2001-10-02,-0.001092418723452282
2001-10-03,0.003491547464164718
2001-10-04,-0.00436634248988127
2001-10-05,0.0029493713007019973
2001-10-09,-0.0019652806849537185
2001-10-10,-0.003503397496180255
2001-10-11,-0.01213741039391511
2001-10-12,0.00774083263693931
2001-10-15,-0.00011016248978379384
2001-10-16,0.0018711138583286657
2001-10-17,-0.0031940111960044454
2001-10-18,-0.0044223399878697695
2001-10-19,-0.0042194155427081464
2001-10-22,-0.009053881776725864
2001-10-23,-0.0014607564820075941
2001-10-24,0.0035918772481997457
2001-10-25,0.004471779391393441
2001-10-26,-0.004920059125449752
2001-10-29,0.01291921298817228
2001-10-30,0.0025418591350692965
2001-10-31,-0.007422623122509589
2001-11-01,0.005655057483344994
2001-11-02,-0.0007742934959047015
2001-11-05,-0.008222268544594069
2001-11-06,0.0013379419991179087
2001-11-07,0.0026705256774689906
2001-11-08,-0.009939218569093564
2001-11-09,0.002801907128673356
2001-11-13,-0.01397520772679861
2001-11-14,0.002040817034852732
2001-11-15,-0.0018138538019220607
2001-11-16,0.004076554167689775
2001-11-19,-0.007714161907354675
2001-11-20,0.005791193156881008
2001-11-21,-0.005791193156881008
2001-11-23,-0.0012534899937668154
2001-11-26,0.004664134500501044
2001-11-27,0.00011348805550395746
2001-11-28,0.005770878816164213
2001-11-29,0.0018036302939288956
2001-11-30,0.008858049734918605
2001-12-03,-0.006832846522478023
2001-12-04,0.00011239112121973205
2001-12-05,-0.004731336977514267
2001-12-06,0.006752220117286545
2001-12-07,-0.0012344987819974396
2001-12-10,-0.0023610107094439448
2001-12-11,0.0022487079410626887
2001-12-12,0.004594102987438772
2001-12-13,0.003459631819658013
2001-12-14,0.007547205635382942
2001-12-17,-0.00044238001163823815
2001-12-18,-0.002325711220514004
2001-12-19,-0.0024422747485893653
2001-12-20,-0.0027825717770199043
2001-12-21,-0.012110486653033922
2001-12-24,-0.010319306858681182
2001-12-26,0.0005697681197955051
2001-12-27,0.007377594327555748
2001-12-28,-0.0023775839108500507
2001-12-31,0.008915028294046473
2002-01-02,0.01449947329186728
2002-01-03,-0.004327810117326469
2002-01-04,-0.00512878814067895
2002-01-07,-0.0016781343089072864
2002-01-08,-0.000672043036046302
2002-01-09,-0.004829570795792215
2002-01-10,0.004829570795792215
2002-01-11,-0.0022434109240778016
2002-01-14,0.003363231869766392
2002-01-15,-0.0024652634628110487
2002-01-16,-0.008902971974245583
2002-01-17,-0.003856191690173885
2002-01-18,0.004987541511039029
2002-01-22,-0.0006786562866515772
2002-01-23,-0.0002263211506774443
2002-01-24,-0.006130113418345115
2002-01-25,-0.014566983511353049
2002-01-28,-0.005793758964669854
2002-01-29,0.004406315106998293
2002-01-30,0.0005783355664061018
2002-01-31,-0.00626379498410376
2002-02-01,0.0022084044542331205
2002-02-04,0.008324709886031761
2002-02-05,-0.0014979549957779559
2002-02-06,0.0024186593996368966
2002-02-07,-0.00034516481962657
2002-02-08,0.004248728903873622
2002-02-11,0.005826923084867985
2002-02-12,-0.0011398610603825243
2002-02-13,-0.004343360354148923
2002-02-14,-0.0019492066023611143
2002-02-15,0.0019492066023611143
2002-02-19,0.003887051881709208
2002-02-20,-0.006754848513067624
2002-02-21,0.0008038124105068933
2002-02-22,0.005151994909428109
2002-02-25,-0.005037217290937701
2002-02-26,-0.003564246371747931
2002-02-27,-0.0046178793676603935
2002-02-28,0.0018497115100474526
2002-03-01,-0.0006932409289765462
2002-03-04,0.006107065129340117
2002-03-05,-0.0006894966947487147
2002-03-06,0.008356754030238028
2002-03-07,0.0026185476338796976
2002-03-08,-0.004901132509896072
2002-03-11,0.0018264845260343998
2002-03-12,-0.001026987024707826
2002-03-13,0.001255063203139728
2002-03-14,0.005231446026467079
2002-03-15,0.0007936958294088858
2002-03-18,0.00033996260738790307
2002-03-19,-0.0023821688991861184
2002-03-20,0.0035145436097013955
2002-03-21,0.0
2002-03-22,-0.005105814688829272
2002-03-25,-0.0026197406633817755
2002-03-26,-0.00011405759921118142
2002-03-27,-0.004687597905030677
2002-03-28,-0.0017204798646629493
2002-03-29,0.0006885471926840747
2002-04-01,0.010158165304123112
2002-04-02,-0.0027291351940364472
2002-04-03,0.0025019915246894953
2002-04-04,-0.002843657720143472
2002-04-05,0.0029572360040976964
2002-04-08,-0.006266041578646353
2002-04-09,0.004902250027341987
2002-04-10,0.00011372036175327782
2002-04-11,0.003972087160827115
2002-04-12,-0.004199540818125208
2002-04-15,0.001136751287579424
2002-04-16,0.003176046226969001
2002-04-17,0.006209446990745951
2002-04-18,0.0014620707772354802
2002-04-19,-0.0005620819663471055
2002-04-22,-0.0018007883313206352
2002-04-23,0.0022504791764480087
2002-04-24,0.0020211100524733377
2002-04-25,0.007041889044636734
2002-04-26,0.00022274195436783328
2002-04-29,0.005330976641181054
2002-04-30,-0.0028840840845483634
2002-05-01,0.006643071374205514
2002-05-02,-0.003316019397585565
2002-05-03,0.011120400862180996
2002-05-06,0.0036067583773903844
2002-05-07,-0.001965709926397635
2002-05-08,-0.011876101756449486
2002-05-09,0.005295687574710439
2002-05-10,0.003076249404642198
2002-05-13,-0.0009877627977563225
2002-05-14,-0.009377309599477288
2002-05-15,0.0057471422555679524
2002-05-16,0.0034105319377991106
2002-05-17,0.011031732215478415
2002-05-20,0.000760084731745353
2002-05-21,-0.0023907857508225494
2002-05-22,0.008019115361350623
2002-05-23,-0.0034598369468322315
2002-05-24,-0.0014089852219883459
2002-05-28,0.00702515723616659
2002-05-29,0.00301107873485168
2002-05-30,0.006421942224828003
2002-05-31,-0.003634035636768021
2002-06-03,0.005446113092590715
2002-06-04,0.003614333689059432
2002-06-05,-0.0035078430867543364
2002-06-06,0.007003424210898522
2002-06-07,-0.0008462922328862713
2002-06-10,-0.00031754432656345977
2002-06-11,-0.00010587052045248069
2002-06-12,0.002960145939924573
2002-06-13,-0.0034896667359881894
2002-06-14,0.0008470987376518815
2002-06-17,-0.0006352567709661111
2002-06-18,0.004332899777495361
2002-06-19,0.0064119628940246184
2002-06-20,0.01063063685116513
2002-06-21,0.0060978949741934615
2002-06-24,0.008311576245958234
2002-06-25,-0.009651989912652599
2002-06-26,0.01362935480104573
2002-06-27,0.006088298867255305
2002-06-28,-0.002938049831416283
2002-07-01,0.0037470295499214806
2002-07-02,-0.005371725276923436
2002-07-03,-0.002442003655551698
2002-07-05,-0.008799811210696673
2002-07-08,0.014184634991956456
2002-07-09,0.006967261990258726
2002-07-10,-0.004841647545508115
2002-07-11,0.0037341719729640926
2002-07-12,-0.0023196016653445947
2002-07-15,0.016820580799805904
2002-07-16,0.0014881693306521343
2002-07-17,-0.0008926358142918936
2002-07-18,-0.0010920825111201968
2002-07-19,0.008801916095145877
2002-07-22,-0.005727279405708073
2002-07-23,-0.016474837203505115
2002-07-24,0.0012073650727167
2002-07-25,0.005215135679108119
2002-07-26,-0.011570127561485453
2002-07-29,-0.010477691093420177
2002-07-30,0.01017406273219886
2002-07-31,-0.008437152972415587
2002-08-01,0.004786403557152888
2002-08-02,0.003954377776484016
2002-08-05,-0.0036496390875493615
2002-08-06,-0.021144172713554663
2002-08-07,0.010114649138054946
2002-08-08,-0.00876700989403105
2002-08-09,0.00629939605707501
2002-08-12,0.006566820232900693
2002-08-13,0.0009200102872286564
2002-08-14,0.008140881431347162
2002-08-15,-0.00518214846641929
2002-08-16,0.0020354169453358217
2002-08-19,-0.00622101848251666
2002-08-20,0.00040912345870855807
2002-08-21,0.0017369097597832728
2002-08-22,-0.010157579767512134
2002-08-23,0.002986152659184872
2002-08-26,0.0005139538582578339
2002-08-27,0.008493271827859798
2002-08-28,0.0006111846986627985
2002-08-29,0.000916077218117789
2002-08-30,-0.002342756355450757
2002-09-03,0.015482221720460957
2002-09-04,-0.0036213700173980774
2002-09-05,-0.0012100435075330278
2002-09-06,-0.006884708777497165
2002-09-09,-0.00264496593668986
2002-09-10,-0.0066431845314140064
2002-09-11,-0.0028753357250933843
2002-09-12,0.0037977977389510413
2002-09-13,-0.0018457757496237702
2002-09-16,-0.0020548656156841698
2002-09-17,-0.003915915968560842
2002-09-18,0.010681009420334023
2002-09-19,0.0028562704310911083
2002-09-20,0.0022385031732440504
2002-09-23,-0.0017293122665755986
2002-09-24,-0.0007129398886283854
2002-09-25,-0.0018356113659191917
2002-09-26,-0.004296242287430668
2002-09-27,0.0017411793204194226
2002-09-30,0.01089013866684293
2002-10-01,-0.002026548469432638
2002-10-02,-0.0017258011491178542
2002-10-03,0.0029422229919644684
2002-10-04,-0.005078215260113731
2002-10-07,-0.000509242767026824
2002-10-08,-0.0020395683186890078
2002-10-09,0.007323059577188942
2002-10-10,-0.000709615316918254
2002-10-11,-0.0007101192284206265
2002-10-15,-0.004475190544499699
2002-10-16,0.0014260978275150021
2002-10-17,-0.010848535421075452
2002-10-18,-0.0010295481193563043
2002-10-21,0.0024691370569211897
2002-10-22,0.005124537195889272
2002-10-23,-0.0010228087216714137
2002-10-24,-0.0030747180111431183
2002-10-25,0.002562921080989121
2002-10-28,0.0077511861817342285
2002-10-29,0.0008124302264678404
2002-10-30,-0.0016255210325196272
2002-10-31,0.00466626937180329
2002-11-01,0.009067158633830131
2002-11-04,-0.0018068665827293958
2002-11-05,0.0041108996580867625
2002-11-06,-0.0020032057980824674
2002-11-07,0.011761323654880652
2002-11-08,0.004646343191631356
2002-11-12,-0.003359023114858476
2002-11-13,-0.004463186183991135
2002-11-14,-0.002587838609531852
2002-11-15,0.004772329598377784
2002-11-18,9.91817506391917e-05
2002-11-19,0.002377415681447167
2002-11-20,-0.008246035498758308
2002-11-21,-0.003998405966695331
2002-11-22,-0.0018045117678589418
2002-11-25,-0.0029141356099865266
2002-11-26,-0.002418137198465951
2002-11-27,-0.0018174479962312882
2002-11-29,0.00373228859139105
2002-12-02,-0.0005035500383353186
2002-12-03,0.00412164443751252
2002-12-04,0.0031051259486149885
2002-12-05,-0.0010006004436996566
2002-12-06,0.009167976521791797
2002-12-09,0.0006941345908138778
2002-12-10,-0.0014880217020742008
2002-12-11,0.000992260450534123
2002-12-12,0.010457869581069918
2002-12-13,0.0036247896656592567
2002-12-16,-0.0015658644812333554
2002-12-17,0.0055672361402535515
2002-12-18,-0.0012669949553187204
2002-12-19,-0.003614873752222268
2002-12-20,0.004979263399607255
2002-12-23,-0.004979263399607255
2002-12-24,0.008576214733135669
2002-12-26,0.005129953659277441
2002-12-27,0.005103771490915995
2002-12-30,0.004695519144161116
2002-12-31,0.0023872057171063776
2003-01-02,-0.011896907084268514
2003-01-03,0.005486322053385111
2003-01-06,0.004883430014217982
2003-01-07,-0.004787446907171131
2003-01-08,0.0026837934253241755
2003-01-09,0.00191259501737584
2003-01-10,0.006475596383405731
2003-01-13,0.0
2003-01-14,0.0034113555303734652
2003-01-15,0.00047288032280464604
2003-01-16,-0.0006620950821203328
2003-01-17,0.008573230710488308
2003-01-21,0.0015934764584668581
2003-01-22,0.004858460458443736
2003-01-23,0.00353554517897077
2003-01-24,0.005372373054973664
2003-01-27,0.0012002032553689868
2003-01-28,-0.0004614461804922365
2003-01-29,0.0025813603344687353
2003-01-30,-0.007856952189836286
2003-01-31,-0.0034394642319832552
2003-02-03,0.0020465123421757603
2003-02-04,0.010538089756492439
2003-02-05,-0.0030390961366012215
2003-02-06,-0.0012921090860917583
2003-02-07,-0.0024966493157175806
2003-02-10,-0.0056636333556184665
2003-02-11,0.0006515567782975351
2003-02-12,-0.002888694176653814
2003-02-13,0.010951385553344642
2003-02-14,-0.0032357999850842895
2003-02-18,-0.008462411592516705
2003-02-19,0.003356333562830424
2003-02-20,0.00714123136857521
2003-02-21,-0.0031469851962196843
2003-02-24,-0.00037088549335666243
2003-02-25,-9.274287045830942e-05
2003-02-26,0.0013902407355264046
2003-02-27,-0.0031539914828422194
2003-02-28,0.001485470517330223
2003-03-03,0.005181838188830848
2003-03-04,0.004420303725602356
2003-03-05,0.007688825064147184
2003-03-06,0.0027317445507254873
2003-03-07,0.0015446825114923818
2003-03-10,0.004348620732196648
2003-03-11,-0.0030783184109360318
2003-03-12,-0.00045349418037185507
2003-03-13,-0.013977297848060413
2003-03-14,-0.013429236319037363
2003-03-17,-0.011157586099142441
2003-03-18,0.0016957140191398087
2003-03-19,-0.0032054331207630113
2003-03-20,0.0021695051663703155
2003-03-21,-0.006427850848947439
2003-03-24,0.009344539184704848
2003-03-25,0.002720834816385069
2003-03-26,0.0003747072643375676
2003-03-27,0.002899230461940655
2003-03-28,0.0050302854091218985
2003-03-31,0.012741378167870146
2003-04-01,0.00036690515913342936
2003-04-02,-0.012829563577905156
2003-04-03,-0.0026975505870002886
2003-04-04,-0.0023313294468335355
2003-04-07,-0.008438077443089935
2003-04-08,0.005914121908311844
2003-04-09,0.0035504101576315783
2003-04-10,0.0075261679295018785
2003-04-11,-0.004825099831756968
2003-04-14,0.0020442304089644675
2003-04-15,0.00259571852428174
2003-04-16,0.00655195441250539
2003-04-17,0.0032141080977633185
2003-04-18,-0.0022947368828722114
2003-04-21,-0.0023000148140184667
2003-04-22,0.00998954373214156
2003-04-23,-0.00155144909056891
2003-04-24,0.008186329144926896
2003-04-25,9.058381273460703e-05
2003-04-28,-0.003720681273969642
2003-04-29,0.0009995911596088897
2003-04-30,0.015322516992364615
2003-05-01,0.00517442496305319
2003-05-02,-0.0033871143889574323
2003-05-05,0.006319276958892575
2003-05-06,0.007337049488592914
2003-05-07,-0.0012338064489285094
2003-05-08,0.009915406115973247
2003-05-09,0.003921402785519945
2003-05-12,0.005118206792205093
2003-05-13,-0.005031238926776566
2003-05-14,-8.696786542852775e-05
2003-05-15,-0.003572210289610328
2003-05-16,0.007391659377285781
2003-05-19,0.012398987843470793
2003-05-20,-8.557614142401526e-05
2003-05-21,0.001880985506714089
2003-05-22,-0.0005981116938250652
2003-05-23,0.00732354461201129
2003-05-27,0.005668613681641732
2003-05-28,-0.009408842455369298
2003-05-29,0.00788908532395316
2003-05-30,-0.005847226523682969
2003-06-02,-0.0018715445701044386
2003-06-03,-0.003582704506115586
2003-06-04,0.0005126014635951914
2003-06-05,0.013741839791937244
2003-06-06,-0.014852808585434363
2003-06-09,0.004095918346801675
2003-06-10,-0.004865774250698646
2003-06-11,0.006652476559503129
2003-06-12,0.00025498279004343427
2003-06-13,0.005339674508503506
2003-06-16,0.0010982977490624768
2003-06-17,-0.0026210118576816543
2003-06-18,-0.008672786272050259
2003-06-19,-0.0027364477482801908
2003-06-20,-0.0053232717789055695
2003-06-23,-0.005871196281751534
2003-06-24,-0.004339154599589584
2003-06-25,0.008142097817282146
2003-06-26,-0.014161220102920369
2003-06-27,-0.0005251181636507785
2003-06-30,0.006892066539752217
2003-07-01,0.006758538853286783
2003-07-02,-0.004847654922567002
2003-07-03,-0.0018239463084087915
2003-07-07,-0.014183393080679813
2003-07-08,-0.006723903948985713
2003-07-09,0.0040751296650362034
2003-07-10,0.006960073909846778
2003-07-11,-0.007579132076864406
2003-07-14,-0.0005309264791560908
2003-07-15,-0.00576984424363812
2003-07-16,-0.002138847620473852
2003-07-17,-0.004022711364882525
2003-07-18,0.006695556862054156
2003-07-21,0.009475386368245547
2003-07-22,-0.0018525875352777277
2003-07-23,0.013942090889719816
2003-07-24,-0.003751367540010847
2003-07-25,0.006273436972720647
2003-07-28,-0.0013906999199242709
2003-07-29,-0.0026999972854120646
2003-07-30,-0.008671713781617574
2003-07-31,-0.012036608723674444
2003-08-01,0.0018680786467113603
2003-08-04,0.007525822407851157
2003-08-05,0.0010579212835403473
2003-08-06,0.0007046595905073061
2003-08-07,0.002901483549581585
2003-08-08,-0.006076369363118325
2003-08-11,0.002470226223029434
2003-08-12,-0.003972988936775515
2003-08-13,0.0011493746015780876
2003-08-14,-0.006026784173115612
2003-08-15,0.0005332385480066593
2003-08-18,-0.010449789191218736
2003-08-19,-0.0018872169159989266
2003-08-20,-0.00117006448702911
2003-08-21,-0.011594332780919411
2003-08-22,-0.009612377761666055
2003-08-25,0.0019298815896498372
2003-08-26,9.180628879525143e-05
2003-08-27,0.0011927154035614729
2003-08-28,-0.0009173470967133723
2003-08-29,0.008225985513272208
2003-09-02,-0.010431058071586133
2003-09-03,-0.0024865325700048208
2003-09-04,0.00496689762833695
2003-09-05,0.0158386708087965
2003-09-08,0.004595223655747285
2003-09-09,0.005915585952115401
2003-09-10,0.00044672772688424123
2003-09-11,-0.0008042536513218346
2003-09-12,0.010759006553711842
2003-09-15,-0.0002653575708817246
2003-09-16,-0.012283198494057637
2003-09-17,0.006516425647961205
2003-09-18,8.897192941516308e-05
2003-09-19,0.009386414438830384
2003-09-22,0.010695289116747941
2003-09-23,0.0016554131421437634
2003-09-24,-0.001306677306002646
2003-09-25,0.0010454784015530294
2003-09-26,-0.00017417051337242917
2003-09-29,0.008326153911367679
2003-09-30,0.006199434354896782
2003-10-01,0.004966188817929845
2003-10-02,0.0007684098563790209
2003-10-03,-0.010380567626609438
2003-10-06,0.00944131980962018
2003-10-07,0.006641148291299831
2003-10-08,0.0017804913771472808
2003-10-09,-0.009361770501333994
2003-10-10,0.00995456384553392
2003-10-14,-0.007477941033030178
2003-10-15,-0.006160183751457909
2003-10-16,0.0011150663762052038
2003-10-17,-0.003004938942820279
2003-10-20,0.003519165899643545
2003-10-21,0.00042832056165165167
2003-10-22,0.010987717545608039
2003-10-23,-0.0008474576778379761
2003-10-24,0.003216525542783455
2003-10-27,-0.006018242364657644
2003-10-28,-0.006225767412130878
2003-10-29,-0.0013697459551070823
2003-10-30,0.0017974070829525346
2003-10-31,-0.007295230397579983
2003-11-03,-0.01344164538423323
2003-11-04,0.0037471177999375826
2003-11-05,-0.0020896829545971884
2003-11-06,-0.004892976122815862
2003-11-07,0.0076782507931392185
2003-11-10,0.0008688097853191967
2003-11-12,0.011398102847866382
2003-11-13,0.005479934939485398
2003-11-14,0.0027287473229437587
2003-11-17,8.515348921583898e-05
2003-11-18,0.012607519872948447
2003-11-19,0.0013444250407505243
2003-11-20,-0.0011762730309378133
2003-11-21,0.001512097062303125
2003-11-24,-0.012246257518087694
2003-11-25,0.0014435530889580772
2003-11-26,0.011222325936692618
2003-11-28,0.006440033966870762
2003-12-01,-0.003256651869966487
2003-12-02,0.01064901910273408
2003-12-03,0.0007445092787129737
2003-12-04,-0.0013239555099002764
2003-12-05,0.006602318280418712
2003-12-08,0.0049232888482659
2003-12-09,0.0009817557853100956
2003-12-10,-0.0011454754975290804
2003-12-11,-0.004183934894585656
2003-12-12,0.009816832763457711
2003-12-15,0.0004883209993676585
2003-12-16,0.003087174439870999
2003-12-17,0.004289941420739907
2003-12-18,-0.00040392616778942014
2003-12-19,0.0003231539856850263
2003-12-22,0.002823151703679916
2003-12-23,-0.0007251924092042394
2003-12-24,0.004664262577466688
2003-12-26,-0.0018470191960384685
2003-12-29,0.003530453799382549
2003-12-30,0.002879310955074127
2003-12-31,0.006051455683355328
2004-01-02,-0.00039699869511844454
2004-01-05,0.006885389870763453
2004-01-06,0.007386486514828899
2004-01-07,-0.008491284607001354
2004-01-08,0.008412991398897007
2004-01-09,0.0063219722754593866
2004-01-12,-0.0039758384081832465
2004-01-13,-0.005247300288391266
2004-01-14,-0.0007069636208200114
2004-01-15,-0.010903165608440013
2004-01-16,-0.015450813715006478
2004-01-20,0.015133000268822805
2004-01-21,0.0026189451896275473
2004-01-22,0.007894570093005593
2004-01-23,-0.008449531061781701
2004-01-26,-0.004610134546096573
2004-01-27,0.00722368689902908
2004-01-28,-0.0018208452166935118
2004-01-29,-0.0184738749794654
2004-01-30,0.005072270445760085
2004-02-02,-0.0020902009378597486
2004-02-03,0.010805724063613908
2004-02-04,-0.0007167602743844148
2004-02-05,0.004292875660186768
2004-02-06,0.006956549793360106
2004-02-09,-0.0017346058122083008
2004-02-10,0.004330885937839896
2004-02-11,0.006890638806124477
2004-02-12,-0.0006244633720998427
2004-02-13,-0.0043821965425298315
2004-02-17,0.007578457303000968
2004-02-18,-0.0028059254574941683
2004-02-19,-0.009962038695666448
2004-02-20,-0.009664207028964394
2004-02-23,0.0004774789204195773
2004-02-24,0.009738408778248858
2004-02-25,-0.015003258208086623
2004-02-26,-0.004730036477472055
2004-02-27,-0.00024110910303659638
2004-03-01,-0.0008041171227754773
2004-03-02,-0.017774277936946997
2004-03-03,-0.010205849902192948
2004-03-04,0.011269810390497154
2004-03-05,0.014294079159699602
2004-03-08,-0.002422090639940644
2004-03-09,0.004596967650106254
2004-03-10,-0.016387159924267286
2004-03-11,0.003429414645471418
2004-03-12,-0.006296271668995768
2004-03-15,0.004256370508769036
2004-03-16,0.0022029136310418584
2004-03-17,-0.005967238861718904
2004-03-18,0.01586108325346633
2004-03-19,-0.009975347305521687
2004-03-22,0.008036736036020176
2004-03-23,-0.004619320179588049
2004-03-24,-0.007992213476526483
2004-03-25,-0.0035270511895156564
2004-03-26,-0.006429830082224197
2004-03-29,0.004044077644626498
2004-03-30,0.005011718167822504
2004-03-31,0.007348771538577603
2004-04-01,0.005354982370549544
2004-04-02,-0.020354648866558522
2004-04-05,-0.008375883441068405
2004-04-06,0.006722853888694036
2004-04-07,0.00676012467256501
2004-04-08,-0.006842847921981421
2004-04-09,0.0011575032296911592
2004-04-12,-0.002813406903314941
2004-04-13,-0.012088013472819903
2004-04-14,0.0014248001404611466
2004-04-15,-0.0021799287579602755
2004-04-16,0.009273636785329081
2004-04-19,-0.000499085021173018
2004-04-20,-0.009110347603442981
2004-04-21,-0.0047973832698453844
2004-04-22,0.0006747069497752556
2004-04-23,-0.004986698412161705
2004-04-26,0.004143243571334665
2004-04-27,0.006392485390220443
2004-04-28,-0.00816605960623662
2004-04-29,0.009674102787477323
2004-04-30,0.0025083625192061643
2004-05-03,-0.0031783231840776527
2004-05-04,0.011577191731691111
2004-05-05,0.007342964390893492
2004-05-06,-0.006184311608784521
2004-05-07,-0.017101563814544196
2004-05-10,-0.004300356557654816
2004-05-11,-0.0013529513310195362
2004-05-12,0.007838549975281106
2004-05-13,-0.009278069255152316
2004-05-14,0.006166862204872087
2004-05-17,0.011305232830062628
2004-05-18,-0.0031693104093134528
2004-05-19,0.003668810919199378
2004-05-20,-0.007434978487518007
2004-05-21,0.006935477977632082
2004-05-24,-0.002584734836275665
2004-05-25,0.010712163883332682
2004-05-26,-0.0004130695254736527
2004-05-27,0.014112475766775628
2004-05-28,-0.004654779544982501
2004-06-01,-0.0005731362993094125
2004-06-02,0.003270648868122672
2004-06-03,-0.003680233145812728
2004-06-04,0.004333081218616669
2004-06-07,0.005045173041833689
2004-06-08,-0.0038222304900024373
2004-06-09,-0.014444239637660089
2004-06-10,0.0010740695872897832
2004-06-11,-0.008208660992647665
2004-06-14,0.005148657777897081
2004-06-15,0.005451855565416219
2004-06-16,-0.01101688508601531
2004-06-17,0.0028279150510236717
2004-06-18,0.006457510642122355
2004-06-21,-0.0006603929577963519
2004-06-22,-0.00148748064778928
2004-06-23,-0.00016541229051031392
2004-06-24,0.006595242372734511
2004-06-25,-0.002056344545300126
2004-06-28,0.003944454123991997
2004-06-29,-0.005675057382571097
2004-06-30,0.0045261979094168014
2004-07-01,-0.0017257677784426884
2004-07-02,0.012180816863668786
2004-07-06,-0.0013822826122560083
2004-07-07,0.007619393269427732
2004-07-08,0.0004843787936799071
2004-07-09,-0.00016143353009490102
2004-07-12,0.0016937536815261889
2004-07-13,-0.008660165006305953
2004-07-14,0.00672421215514632
2004-07-15,-0.0009693837094840729
2004-07-16,0.005159221439765244
2004-07-19,-0.0004825478620255341
2004-07-20,-0.00435344125169318
2004-07-21,-0.012438679133720654
2004-07-22,0.004000495191206627
2004-07-23,-0.01237974408627801
2004-07-26,0.001071855649471487
2004-07-27,-0.006531377854370385
2004-07-28,-0.000829806702665109
2004-07-29,0.0019903804879109477
2004-07-30,-0.003153267901956136
2004-08-02,0.00016620959067598085
2004-08-03,0.00141166724709485
2004-08-04,0.0004977600899188639
2004-08-05,-0.0005807441985096751
2004-08-06,0.018255584688236348
2004-08-09,-0.0008967513746505062
2004-08-10,0.0036634550680485767
2004-08-11,-0.006849341845574758
2004-08-12,0.00016362595144089886
2004-08-13,0.010578664849542813
2004-08-16,-0.0017013006898563277
2004-08-17,-0.00032438569743534207
2004-08-18,-0.0024362526261423323
2004-08-19,0.005594533584792616
2004-08-20,-0.0035639111106446075
2004-08-23,-0.01044055160841309
2004-08-24,-0.007985224566667587
2004-08-25,-0.0007441399326394149
2004-08-26,-0.0004964011022758619
2004-08-27,-0.00489444753260071
2004-08-30,0.001993852949314673
2004-08-31,0.01105986843113091
2004-09-01,-0.0003283802672969238
2004-09-02,-0.0012323872898552801
2004-09-03,-0.009250148547063325
2004-09-07,0.00339615153508363
2004-09-08,0.005853997011979695
2004-09-09,0.002053135858581301
2004-09-10,0.0076008702335079725
2004-09-13,-0.002527209595173857
2004-09-14,0.0013866799399714358
2004-09-15,-0.01015902559873097
2004-09-16,0.0008231130598894687
2004-09-17,0.0016441963585692165
2004-09-20,-0.00016429803700804269
2004-09-21,0.0075299095347882705
2004-09-22,-0.00024464831926304664
2004-09-23,0.003013154281028052
2004-09-24,-0.0034210345330424607
2004-09-27,0.004152593191964038
2004-09-28,-8.12578719010526e-05
2004-09-29,0.0001625091414968194
2004-09-30,0.00881704397490976
2004-10-01,-0.001370028823713898
2004-10-04,-0.010213268644085866
2004-10-05,0.003416026095348662
2004-10-06,-0.0014625825309760032
2004-10-07,-0.0009762447895423632
2004-10-08,0.010686630200965469
2004-10-12,-0.007923074837327376
2004-10-13,-0.0039852031109628705
2004-10-14,0.00989304208832642
2004-10-15,0.006835296605857383
2004-10-18,0.0033602719833578376
2004-10-19,-0.00039944078821488316
2004-10-20,0.008909453572805648
2004-10-21,-0.00039605529449546206
2004-10-22,0.0013459485029414242
2004-10-25,0.011328891520895473
2004-10-26,-0.001957637366121062
2004-10-27,-0.002589963383177185
2004-10-28,0.0026683425030197827
2004-10-29,-0.0010194080475038614
2004-11-01,-0.0003923568928585197
2004-11-02,-0.0029869539579201743
2004-11-03,0.006590843787707523
2004-11-04,0.007479582980356531
2004-11-05,0.004260104812406018
2004-11-08,-0.000154595346987918
2004-11-09,-0.00046392949103973846
2004-11-10,-0.00038677238927325996
2004-11-12,0.0037068541943824918
2004-11-15,-0.002237914272739394
2004-11-16,0.00270030638948604
2004-11-17,0.003998467457146937
2004-11-18,-0.0037673515514920486
2004-11-19,0.005913768626993388
2004-11-22,-0.0008426859195574954
2004-11-23,0.003213714603095774
2004-11-24,0.005485310112118891
2004-11-26,0.009527482277066346
2004-11-29,-0.00015052306794427484
2004-11-30,-0.002034282110467689
2004-12-01,0.0036887910236484966
2004-12-02,-0.003010237071424282
2004-12-03,0.009153038618275156
2004-12-06,0.003057308223857025
2004-12-07,0.00044662796633448965
2004-12-08,-0.01386361145562326
2004-12-09,0.0016587502860837544
2004-12-10,-0.003773874205010075
2004-12-13,0.006407137585695999
2004-12-14,-0.002181354056131235
2004-12-15,0.0111574035507504
2004-12-16,-0.010630433989867405
2004-12-17,0.0006019110858122567
2004-12-20,0.007568130236975001
2004-12-21,-0.001419340618508902
2004-12-22,0.0009713453896319502
2004-12-23,0.007514636753598869
2004-12-24,0.0033300064071873914
2004-12-27,0.006553537685440425
2004-12-28,-0.00029362108410319054
2004-12-29,-0.0038986404156573506
2004-12-30,0.004045461734376532
2004-12-31,-0.0062589946975080135
2005-01-03,-0.004590220542109447
2005-01-04,-0.013522300849323265
2005-01-05,-0.00022567420263530646
2005-01-06,-0.00793085466678578
2005-01-07,-0.009524244345096577
2005-01-10,0.003591765735206698
2005-01-11,0.003958893636514527
2005-01-12,0.009076531565927082
2005-01-13,-0.005587450356446422
2005-01-14,-0.007676851444362198
2005-01-18,-0.00481854922915903
2005-01-19,-0.0005368304128309243
2005-01-20,-0.005924233522037692
2005-01-21,0.00692097502683231
2005-01-24,-0.0006132618053450445
2005-01-25,-0.006693619914039328
2005-01-26,0.009756174945364626
2005-01-27,-0.0037529244063460587
2005-01-28,7.673124883866844e-05
2005-01-31,0.0012268999315271367
2005-02-01,-0.0024553069957863882
2005-02-02,-0.00015365703779463002
2005-02-03,-0.004312010993251292
2005-02-04,-0.0024723801514668353
2005-02-07,-0.011984579241170773
2005-02-08,0.0007825951252448116
2005-02-09,0.0010946052695742503
2005-02-10,0.0066202196692400905
2005-02-11,-0.0013982756880884795
2005-02-14,0.009054037474246934
2005-02-15,0.00038510417543752284
2005-02-16,0.0006158583720443089
2005-02-17,0.0068259650703997865
2005-02-18,-0.0006116675777523839
2005-02-22,0.011784968175877597
2005-02-23,-0.0016642715090374183
2005-02-24,-0.00022716086873131314
2005-02-25,-0.0007575757938082517
2005-02-28,0.005969264768445837
2005-03-01,-0.006424085879985442
2005-03-02,-0.004711971022477335
2005-03-03,0.00022851049343441954
2005-03-04,0.008644931370295095
2005-03-07,-0.003100543187935789
2005-03-08,0.010472877790259627
2005-03-09,0.003143009397199137
2005-03-10,0.0018661596129821434
2005-03-11,0.004167602966057227
2005-03-14,-0.008877011782147393
2005-03-15,-0.0023254952155193354
2005-03-16,0.008078434239603582
2005-03-17,-0.0037319046148396318
2005-03-18,-0.004646987825777382
2005-03-21,-0.011028968116609361
2005-03-22,0.003412325585961218
2005-03-23,-0.015640219633619057
2005-03-24,-0.0036977162539410524
2005-03-25,-0.00023156188594841698
2005-03-28,-0.005961846469078547
2005-03-29,0.0027917815728676354
2005-03-30,0.0023978044516214103
2005-03-31,0.0019295340374684833
2005-04-01,-0.005644708589331859
2005-04-04,-0.004507662874686069
2005-04-05,0.00031152648227017465
2005-04-06,0.002022560004923235
2005-04-07,0.0029487101368680935
2005-04-08,0.00046479201394494796
2005-04-11,0.004636076917478582
2005-04-12,-0.007661093767574068
2005-04-13,0.003489592932783614
2005-04-14,-0.007693242280283424
2005-04-15,0.008467056448741933
2005-04-18,0.008395966901902252
2005-04-19,-0.00023014077045324655
2005-04-20,0.0035230181188641296
2005-04-21,0.0009933902165634723
2005-04-22,-0.001911242506792421
2005-04-25,-0.006448663526533616
2005-04-26,-0.0015415449329891917
2005-04-27,-0.0020075676575072032
2005-04-28,-0.00170186472576489
2005-04-29,0.00023224308213543043
2005-05-02,-0.004810685876052434
2005-05-03,0.0024858243205306274
2005-05-04,0.003639887852163348
2005-05-05,0.0
2005-05-06,-0.008072071150647203
2005-05-09,0.000545362484788009
2005-05-10,0.0029553606827002477
2005-05-11,-0.005763255827604896
2005-05-12,-0.007605195619700494
2005-05-13,-0.004812442722413018
2005-05-16,-0.001186943759528769
2005-05-17,0.0011078579909716002
2005-05-18,0.0012646223626588682
2005-05-19,-0.0025308460202849714
2005-05-20,-0.005956889859673742
2005-05-23,0.0017510351497315169
2005-05-24,0.0010332632163574107
2005-05-25,0.0011115523177033793
2005-05-26,-0.006767811173977262
2005-05-27,0.004066180607433495
2005-05-31,-0.017578812817634543
2005-06-01,-0.009519619508924188
2005-06-02,0.002775738577030673
2005-06-03,-0.0031845860417389626
2005-06-06,0.0033476250899520665
2005-06-07,0.0007333469466978548
2005-06-08,0.0034963649066708236
2005-06-09,-0.008477390189042366
2005-06-10,-0.007312196241676672
2005-06-13,-0.00761530043961936
2005-06-14,0.000249241890543761
2005-06-15,0.0056328843439163445
2005-06-16,-0.0014052492496404723
2005-06-17,0.012413328864325085
2005-06-20,-0.008203491452827838
2005-06-21,-0.0004943561112460415
2005-06-22,-0.0003297065641472974
2005-06-23,-0.006285167895106442
2005-06-24,0.0028166699095861225
2005-06-27,0.005280540323033267
2005-06-28,-0.006108149407762359
2005-06-29,0.0019024779302059813
2005-06-30,-0.0002479441311929176
2005-07-01,-0.011723268747279553
2005-07-05,-0.0033509288287738304
2005-07-06,8.391021611803273e-05
2005-07-07,0.0008387151376502144
2005-07-08,0.0005028916374528181
2005-07-11,0.01100011091867975
2005-07-12,0.011044371720640933
2005-07-13,-0.009057287112509499
2005-07-14,-8.271640684642811e-05
2005-07-15,-0.0043107088222571754
2005-07-18,0.003317577895640439
2005-07-19,-0.006312837643933922
2005-07-20,0.0037426749722249686
2005-07-21,0.0055466014131359265
2005-07-22,-0.0028108484115238475
2005-07-25,-0.002071852562288923
2005-07-26,-0.003906742012271369
2005-07-27,0.003408858008956822
2005-07-28,0.006040814430837094
2005-07-29,0.0006597938383686441
2005-08-01,0.00542675234114004
2005-08-02,0.0011473530188348402
2005-08-03,0.010429492402609097
2005-08-04,0.0037216871436339394
2005-08-05,-0.004532585663579197
2005-08-08,0.0027543763363037654
2005-08-09,-0.0011332363200795559
2005-08-10,-0.00016199578846373686
2005-08-11,0.007183533050003049
2005-08-12,-0.000482664316344944
2005-08-15,-0.005324740293719321
2005-08-16,-0.0016191713382064654
2005-08-17,-0.004222156320931564
2005-08-18,-0.009154878391561205
2005-08-19,-0.002548819468248642
2005-08-22,0.007218471176501318
2005-08-23,-0.001799738705683479
2005-08-24,0.0021266162112498765
2005-08-25,0.005865597265276606
2005-08-26,0.0010554090689434414
2005-08-29,-0.0061859223790387274
2005-08-30,-0.0035988915009595723
2005-08-31,0.010271550321829859
2005-09-01,0.009444312842587455
2005-09-02,0.007284402832936326
2005-09-06,-0.004396314182862904
2005-09-07,-0.003531020441086302
2005-09-08,-0.0031402256168364118
2005-09-09,0.0026577553598093884
2005-09-12,-0.01173105156548429
2005-09-13,-0.0020365776254273327
2005-09-14,0.0015481771273185008
2005-09-15,-0.005388207990876109
2005-09-16,-0.0001637331153882815
2005-09-19,-0.005006781912279823
2005-09-20,0.0019728736362071564
2005-09-21,0.002542548017230889
2005-09-22,-0.004515421653438045
2005-09-23,-0.006273235595425031
2005-09-26,-0.0034006585254393873
2005-09-27,-0.0020792621954455193
2005-09-28,0.0004161984494256421
2005-09-29,0.00033283408528256286
2005-09-30,0.003156410960152317
2005-10-03,-0.012014160860718104
2005-10-04,0.0003356831182914355
2005-10-05,0.005522564450076456
2005-10-06,0.012356586294872407
2005-10-07,-0.0014846588012469297
2005-10-11,-0.008288485080056834
2005-10-12,0.0020785706922427094
2005-10-13,-0.008507850134216843
2005-10-14,0.011244964603792262
2005-10-17,-0.002737114469575419
2005-10-18,-0.00842408751742374
2005-10-19,0.004095797091165643
2005-10-20,-0.0005006257926837288
2005-10-21,-0.0020050132030204892
2005-10-24,0.0033394587721886915
2005-10-25,0.008382835328439447
2005-10-26,-0.0014060628427913224
2005-10-27,0.005447805466952976
2005-10-28,-0.004868598963647497
2005-10-31,-0.0078060519281970275
2005-11-01,0.0002500729392434231
2005-11-02,0.005734484860562494
2005-11-03,-0.007987395822230958
2005-11-04,-0.012017456279002026
2005-11-07,-0.002793889130592475
2005-11-08,-0.0018669387635786017
2005-11-09,-0.0021257607596860684
2005-11-10,-0.0006811989364233495
2005-11-14,-0.006237470558230346
2005-11-15,0.002397056194422348
2005-11-16,-0.0019685888156578124
2005-11-17,0.0029087196485446942
2005-11-18,0.002985458779045491
2005-11-21,-0.000596379144406578
2005-11-22,0.00025563461431868384
2005-11-23,0.00526853699979532
2005-11-25,-0.006376759269136056
2005-11-28,0.0068004342320467925
2005-11-29,-0.0015260706649712075
2005-11-30,0.00033932813355794234
2005-12-01,-0.007491947183235342
2005-12-02,-0.00025639930057985705
2005-12-05,0.007493861178968053
2005-12-06,-0.00025455008410341096
2005-12-07,-0.005275261106091639
2005-12-08,0.009171259936058024
2005-12-09,-0.0005073137844495701
2005-12-12,0.012188609685387597
2005-12-13,-0.0035990831903192355
2005-12-14,0.009596602209167693
2005-12-15,-0.006331771549745374
2005-12-16,0.00392042876074733
2005-12-19,-0.0013328892343212329
2005-12-20,-0.01241418392126492
2005-12-21,-0.0027045317364190746
2005-12-22,0.005654262078810562
2005-12-23,-0.0021903968319557654
2005-12-27,-8.434192220238557e-05
2005-12-28,0.0016012813669738502
2005-12-29,-0.002445092065931409
2005-12-30,-0.0003377237451892001
2006-01-03,0.011586058577718938
2006-01-04,0.009222781504806488
2006-01-05,0.0008267196238056773
2006-01-06,0.0038764533675870183
2006-01-09,-0.006938735917902228
2006-01-10,-8.289468235359032e-05
2006-01-11,0.0059509225953181255
2006-01-12,-0.008274767943529437
2006-01-13,0.005634284521431415
2006-01-17,-0.002481801406216344
2006-01-18,0.0008279516949207255
2006-01-19,0.0022320515198298585
2006-01-20,-0.0007434637490855434
2006-01-23,0.014358042941574362
2006-01-24,0.0008956561279443442
2006-01-25,-0.002852603914905244
2006-01-26,-0.0018790087632959696
2006-01-27,-0.008128457251274063
2006-01-30,-0.003220348763849107
2006-01-31,0.005526015134421025
2006-02-01,-0.005443312409319084
2006-02-02,0.0006613756854837172
2006-02-03,-0.006550332280578247
2006-02-06,-0.0041680620528842804
2006-02-07,0.00025057423392746414
2006-02-08,-0.003262372712366901
2006-02-09,0.0023432933979736503
2006-02-10,-0.0036008915515634288
2006-02-13,-0.0012591816983776316
2006-02-14,-0.0008403361839049994
2006-02-15,-0.0009251861545598872
2006-02-16,-0.00016830766681150133
2006-02-17,0.0020178247976488373
2006-02-21,0.00050382065050944
2006-02-22,-0.0005878154428818894
2006-02-23,0.0015108278851688195
2006-02-24,-0.0034446578904452074
2006-02-27,-0.0018532563639702682
2006-02-28,0.005465643204825454
2006-03-01,-0.002182673801388424
2006-03-02,0.00870225557019122
2006-03-03,0.0020806465830751075
2006-03-06,-0.002163962558961674
2006-03-07,-0.009543814591917638
2006-03-08,0.0021846912310923006
2006-03-09,0.0005034824307079411
2006-03-10,-0.0028564246927346715
2006-03-13,0.0047003611803316525
2006-03-14,0.006926217867024159
2006-03-15,0.0016618200750098122
2006-03-16,0.00876183485964016
2006-03-17,0.00377854893462648
2006-03-20,-0.002380464904109425
2006-03-21,-0.007341147333850495
2006-03-22,0.0013237364388492823
2006-03-23,-0.009219717287127005
2006-03-24,0.004163550023296436
2006-03-27,-0.0015801076097277933
2006-03-28,0.005229746697277188
2006-03-29,-0.003982085899121857
2006-03-30,0.008443059839747163
2006-03-31,0.0005768200893318531
2006-04-03,-0.001236450720109944
2006-04-04,0.010991825867983362
2006-04-05,0.001141459561360414
2006-04-06,-0.004573676708569091
2006-04-07,-0.00879759014410203
2006-04-10,-0.0014876035801195675
2006-04-11,0.002808062631437097
2006-04-12,-0.0014856390979434975
2006-04-13,0.0
2006-04-14,-8.260025610792865e-05
2006-04-17,0.013211532581119456
2006-04-18,0.0005704739162904482
2006-04-19,0.005767918830237473
2006-04-20,-0.0015402702570914417
2006-04-21,0.0011351659371904022
2006-04-24,0.002670660754597015
2006-04-25,0.003147067354295069
2006-04-26,0.0041807425422585864
2006-04-27,0.004882157842536039
2006-04-28,0.007873117132589952
2006-05-01,-0.0013475488543861214
2006-05-02,0.002930579104238995
2006-05-03,-0.0003955226883820828
2006-05-04,0.0035540850111116795
2006-05-05,0.0038556919151977176
2006-05-08,-0.0010214906793224732
2006-05-09,0.002120391888808054
2006-05-10,0.0040710930728705685
2006-05-11,0.00436579784419816
2006-05-12,0.002563805156820309
2006-05-15,-0.0048222851480020645
2006-05-16,-0.0007019459789841254
2006-05-17,-0.007439636491074514
2006-05-18,0.005721691355139696
2006-05-19,-0.0035231980073171243
2006-05-22,0.007812539736793661
2006-05-23,-0.00046703511396123387
2006-05-24,-0.007580826426483334
2006-05-25,0.002350729808402008
2006-05-26,-0.0029785254815363482
2006-05-30,0.010075455249130033
2006-05-31,-0.00272363111445581
2006-06-01,-0.0007015629550722324
2006-06-02,0.006838696220341084
2006-06-05,0.003170310020525924
2006-06-06,-0.009697139717210396
2006-06-07,-0.0022632389572536937
2006-06-08,-0.011867942966483913
2006-06-09,-0.0009492169673320228
2006-06-12,-0.0038853476304709644
2006-06-13,-0.0010333453484984434
2006-06-14,0.004522919830968725
2006-06-15,-0.0011882601311008212
2006-06-16,0.0005546971099872899
2006-06-19,-0.0036507977057060603
2006-06-20,-0.0007158481116985582
2006-06-21,0.00768838250031853
2006-06-22,-0.0065750623058006
2006-06-23,-0.004780123824719207
2006-06-26,0.0025522425722213637
2006-06-27,0.002784076888782072
2006-06-28,-0.004538043694176763
2006-06-29,0.00015957871253843847
2006-06-30,0.019358246824082465
2006-07-03,0.0010949477083317394
2006-07-05,-0.005251001524297638
2006-07-06,0.0024329957455526685
2006-07-07,0.0050823050089125466
2006-07-10,-0.005552745663660763
2006-07-11,0.0002352479916751249
2006-07-12,-0.003770625048738485
2006-07-13,-0.0026005767444142736
2006-07-14,-0.002528246586506633
2006-07-17,-0.008899542250005
2006-07-18,-0.0023173129551601057
2006-07-19,0.004788516731797171
2006-07-20,0.00627011062493657
2006-07-21,0.0035540850111116795
2006-07-24,-0.004266420313701197
2006-07-25,-0.004284700675548897
2006-07-26,0.004126335008894394
2006-07-27,0.008201938724101299
2006-07-28,0.0012558871352434664
2006-07-31,0.0012543118609071313
2006-08-01,0.0010962337641544917
2006-08-02,0.0015639665371169897
2006-08-03,-0.0014857100907022802
2006-08-04,0.008958888261862225
2006-08-07,-0.0020961926855754265
2006-08-08,-0.002178480593906462
2006-08-09,0.003809232265726603
2006-08-10,-0.009589595181226096
2006-08-11,-0.0006269101372940733
2006-08-14,-0.001726032124732657
2006-08-15,0.004153122766174577
2006-08-16,0.0059254812390155676
2006-08-17,0.00046630917142470585
2006-08-18,-0.00467290569939241
2006-08-21,0.008085878295632537
2006-08-22,-0.008554372096658741
2006-08-23,-0.0007813110796706657
2006-08-24,-0.0026610331113021135
2006-08-25,0.0005484389215698882
2006-08-28,0.001330672185705123
2006-08-29,-0.001252348316465951
2006-08-30,0.004454350349380326
2006-08-31,-0.0024982447219352166
2006-09-01,0.003121831927426044
2006-09-05,-0.0017938623536812304
2006-09-06,-0.001797086079611654
2006-09-07,-0.0023488892728781297
2006-09-08,-0.00660639445622585
2006-09-11,0.0020495041069691633
2006-09-12,-0.00047258980085615465
2006-09-13,0.0011810560012294746
2006-09-14,0.002200912694757584
2006-09-15,-0.00693352919485643
2006-09-18,0.00181681790960031
2006-09-19,0.0009465962685213658
2006-09-20,0.0014182164368899408
2006-09-21,0.0022806820471326372
2006-09-22,0.005171209517956549
2006-09-25,-0.003836672286487458
2006-09-26,-0.004718102642323002
2006-09-27,0.0009454030484351839
2006-09-28,-0.00015750511924195187
2006-09-29,-0.000787897929193232
2006-10-02,0.004482725449286212
2006-10-03,-0.001334851597837361
2006-10-04,-0.0031478738514488513
2006-10-05,0.0
2006-10-06,-0.006881033201028841
2006-10-10,-0.004693537115519619
2006-10-11,0.00047831633564990317
2006-10-12,-0.0007973210436745537
2006-10-13,-0.002795640624267459
2006-10-16,0.001278976992889147
2006-10-17,0.0036679731738903376
2006-10-18,-0.003827755869764332
2006-10-19,0.006212684259915252
2006-10-20,0.0015075180385051845
2006-10-23,-0.005485564497004186
2006-10-24,0.0016727073875034693
2006-10-25,0.002067102024008116
2006-10-26,0.006175791600352559
2006-10-27,0.004410497816670272
2006-10-30,-0.0006288813979765939
2006-10-31,0.00439388702203003
2006-11-01,-0.0001565925465149276
2006-11-02,0.000704473435263836
2006-11-03,-0.00588583217726138
2006-11-06,0.0007867821019556243
2006-11-07,0.007131412222527417
2006-11-08,-0.0024236750068422352
2006-11-09,0.0046856782333355995
2006-11-10,0.0020236619608459405
2006-11-13,-0.003973360375306906
2006-11-14,0.00015611583826879993
2006-11-15,-0.00031225605249809996
2006-11-16,0.0
2006-11-17,0.0011704577825652207
2006-11-20,-0.0010143175683359207
2006-11-21,0.001092299398608998
2006-11-22,0.008077086471487721
2006-11-24,0.011765293927350484
2006-11-27,0.0029769878098530045
2006-11-28,0.003196106517984354
2006-11-29,-0.001216360192542898
2006-11-30,0.008709866854077486
2006-12-01,0.004138923017316443
2006-12-04,0.0008257328848115253
2006-12-05,0.0
2006-12-06,-0.0015018400359845252
2006-12-07,-0.0008269744485130959
2006-12-08,-0.006110690056839896
2006-12-11,0.0006051895184334133
2006-12-12,0.0007559722162264748
2006-12-13,-0.001361161734659888
2006-12-14,-0.00310735783775129
2006-12-15,-0.006014712258825827
2006-12-18,-0.001681443379952352
2006-12-19,0.009213146220956092
2006-12-20,-0.0008340600248461505
2006-12-21,-0.0006070263484069249
2006-12-22,-0.0033452475505580392
2006-12-26,7.615276247824321e-05
2006-12-27,-0.0005331911616587304
2006-12-28,0.0025111301861187596
2006-12-29,0.002959592370886277
2007-01-02,0.0067213182083569745
2007-01-03,-0.008845266514966421
2007-01-04,-0.005711472709183485
2007-01-05,-0.00682021111828468
2007-01-08,0.001383126084951336
2007-01-09,-0.002152356892112517
2007-01-10,-0.004241379020699154
2007-01-11,-0.0027859482498467925
2007-01-12,0.0017034460177959287
2007-01-16,-0.0006190992304226373
2007-01-17,0.0023196484537168494
2007-01-18,-0.0004634994289235417
2007-01-19,0.002006947798300629
2007-01-22,-0.000848601786701153
2007-01-23,0.0052344049927567915
2007-01-24,-0.004694302360129687
2007-01-25,0.001233425996643056
2007-01-26,-0.005484968751371722
2007-01-29,0.003016593539425627
2007-01-30,0.00046328469672751726
2007-01-31,0.0033908787114317884
2007-02-01,0.0017679392744340827
2007-02-02,-0.004695747822462626
2007-02-05,-0.0020855064910214605
2007-02-06,0.0027797099204971976
2007-02-07,0.003924742426818839
2007-02-08,0.001074691129765326
2007-02-09,-0.002227429009573678
2007-02-12,-0.0033118988950905925
2007-02-13,0.0047718092546601976
2007-02-14,0.007801186791346504
2007-02-15,0.0010660170049335282
2007-02-16,-0.0002283365690934347
2007-02-20,-0.00022838871859026666
2007-02-21,-0.0006092917172498269
2007-02-22,0.0006092917172498269
2007-02-23,0.0022815433123127282
2007-02-26,-0.00037989591308995596
2007-02-27,0.00658968489478412
2007-02-28,-0.0012086419359234046
2007-03-01,-0.004317697879174243
2007-03-02,0.0006829823828381487
2007-03-05,-0.006698152611628649
2007-03-06,0.001068620817668564
2007-03-07,0.003046924965404818
2007-03-08,-0.0014461318499996434
2007-03-09,-0.0008381910804294845
2007-03-12,0.005170327819564113
2007-03-13,0.0009854084557096576
2007-03-14,0.0021191258970926774
2007-03-15,0.0016618828420758014
2007-03-16,0.004368134675619362
2007-03-19,-0.0006013681305792051
2007-03-20,-0.0006017299918305574
2007-03-21,0.0010527899904568816
2007-03-22,0.004050410578022523
2007-03-23,-0.004275915145445619
2007-03-26,0.0025527455862633386
2007-03-27,0.0015734465464756209
2007-03-28,-0.0019484418634285183
2007-03-29,0.00037499531695289745
2007-03-30,0.002845378183293945
2007-04-02,0.0
2007-04-03,-0.0008228298328628036
2007-04-04,7.483069558622546e-05
2007-04-05,0.00462860102204965
2007-04-06,-0.0034320708164773395
2007-04-09,-0.0009720717107464805
2007-04-10,0.005148688760710285
2007-04-11,0.0
2007-04-12,0.003566125621768057
2007-04-13,0.0025183333063479862
2007-04-16,0.002364416647547607
2007-04-17,0.0014012318381058653
2007-04-18,0.0003684191177508178
2007-04-19,0.0022811739536430786
2007-04-20,-0.00029405278459326833
2007-04-23,-0.0015451973200662494
2007-04-24,0.0030880106885765035
2007-04-25,0.0018335844368501109
2007-04-26,-0.004185489092924433
2007-04-27,0.0025721123862554873
2007-04-30,0.0025655135933362883
2007-05-01,-0.004402061400637702
2007-05-02,-0.00014706963773858384
2007-05-03,-0.002356060580380015
2007-05-04,0.0015467907182987184
2007-05-07,0.002132118588831722
2007-05-08,-0.006188320912556222
2007-05-09,0.0012554929458320485
2007-05-10,-0.002734564358795155
2007-05-11,0.000517923876769466
2007-05-14,0.0018475414485658592
2007-05-15,0.00434671182045876
2007-05-16,-0.005972367982806814
2007-05-17,-0.00207284646325262
2007-05-18,0.0012590262725884482
2007-05-21,-0.004004751718417743
2007-05-22,0.0005200401291006185
2007-05-23,0.001336005542742269
2007-05-24,-0.0039389148322089285
2007-05-25,0.0017112462789848903
2007-05-29,0.002301838773914433
2007-05-30,-0.00475801953311672
2007-05-31,0.0025305163845849576
2007-06-01,-0.0009667944084022495
2007-06-04,0.003565066164496089
2007-06-05,0.0028133578932486025
2007-06-06,-0.002516841953344451
2007-06-07,-0.0026718139688116094
2007-06-08,-0.007234788222917121
2007-06-11,0.0
2007-06-12,-0.0025483449557667792
2007-06-13,-0.002253945356925191
2007-06-14,0.0012027363698989824
2007-06-15,0.004048588526000263
2007-06-18,0.0026899814472090555
2007-06-19,0.0011186934828162909
2007-06-20,0.0007451009956521149
2007-06-21,-0.0020130482100887415
2007-06-22,0.0029064371914872544
2007-06-25,0.0008925915498897985
2007-06-26,0.0013373952509799225
2007-06-27,-0.002602135217951884
2007-06-28,0.0024536240422129985
2007-06-29,0.004002080491728954
2007-07-02,0.007883048152865668
2007-07-03,-0.0008809926419608982
2007-07-05,-0.001690741756092018
2007-07-06,0.0024983479818456167
2007-07-09,-0.00022019156755265223
2007-07-10,0.006657668078248857
2007-07-11,0.0031305766166858096
2007-07-12,0.0013801622065164887
2007-07-13,0.0008707009692439649
2007-07-16,-0.000217604178858799
2007-07-17,-0.0002176515407438795
2007-07-18,0.0018847414060558787
2007-07-19,0.00021724175471948826
2007-07-20,0.001447073546779254
2007-07-23,-0.0010127315680384386
2007-07-24,0.0005064939871674001
2007-07-25,-0.008207781687181892
2007-07-26,0.0013847894053617416
2007-07-27,-0.0060635025239029194
2007-07-30,0.002488291682000321
2007-07-31,0.002190421436540857
2007-08-01,-0.0021173300357116287
2007-08-02,0.0008036530112902618
2007-08-03,0.006696291125663556
2007-08-06,0.00029012838384401274
2007-08-07,-0.0030505543703211457
2007-08-08,0.004427515851789132
2007-08-09,-0.0077793114701004695
2007-08-10,-0.0010954103406656812
2007-08-13,-0.004540469169918793
2007-08-14,-0.003161186238455904
2007-08-15,-0.007538838365798606
2007-08-16,-0.0057289692051536445
2007-08-17,0.0066929676484247524
2007-08-20,-0.0017804159005757603
2007-08-21,0.001113131353109531
2007-08-22,0.0038492904143269113
2007-08-23,0.0018453594459851286
2007-08-24,0.006248871648052212
2007-08-27,0.0
2007-08-28,-0.0013934218088253458
2007-08-29,0.0035896159565683705
2007-08-30,-0.0019763575587214977
2007-08-31,-0.0005130272383400691
2007-09-03,0.0
2007-09-04,-0.002569091588114192
2007-09-05,0.004619623247646865
2007-09-06,0.0020463355821681573
2007-09-07,0.0054607147235932185
2007-09-10,0.001596169532822156
2007-09-11,0.0031124486781478056
2007-09-12,0.004830404835789004
2007-09-13,-0.0013674477642733884
2007-09-14,-0.0026683028848547563
2007-09-17,0.0008661758878489856
2007-09-18,0.0006491399124409769
2007-09-19,0.005823374593176556
2007-09-20,0.010127752211616547
2007-09-21,-0.001136041019652534
2007-09-24,0.0007101768638799744
2007-09-25,0.0029772475383855745
2007-09-26,-0.00014157287487365222
2007-09-27,0.0008491367620316881
2007-09-28,0.00571289066547509
2007-10-01,0.0007030371493170207
2007-10-02,-0.0046492053312950365
2007-10-03,-0.0019789390867056555
2007-10-04,-0.0004953472839494544
2007-10-05,0.001838625791988735
2007-10-08,0.0
2007-10-09,-0.00439000917460175
2007-10-10,0.004601940933368909
2007-10-11,0.005002652673848695
2007-10-12,-0.004225953605676347
2007-10-15,0.0033821903718177504
2007-10-16,-0.003593957569870243
2007-10-17,0.0030310529673343023
2007-10-18,0.005824782249843452
2007-10-19,-0.001961196958372602
2007-10-22,-0.008802563792522866
2007-10-23,0.007750338238598331
2007-10-24,-0.000772336355751857
2007-10-25,0.004345395119101425
2007-10-26,0.006343916148566331
2007-10-29,0.0010418476372152652
2007-10-30,0.0013181173645243072
2007-10-31,0.003045828188835531
2007-11-01,-0.0022835009749531676
2007-11-02,0.0031816322315670886
2007-11-05,-0.0008290155915209318
2007-11-06,0.005926147442641971
2007-11-07,0.007665495067031569
2007-11-08,0.0016349891236719372
2007-11-09,-0.0017713589588757572
2007-11-13,-0.00457916939997377
2007-11-14,0.004920059125449905
2007-11-15,-0.0021153919656157205
2007-11-16,0.0008876447272932464
2007-11-19,0.0004094165870904831
2007-11-20,0.008762154887691886
2007-11-21,0.002836306601581684
2007-11-22,0.0
2007-11-23,-0.0002697781091429152
2007-11-26,0.002492674851488408
2007-11-27,-0.003032449508680035
2007-11-28,-0.004532087440768551
2007-11-29,0.0010841578511448513
2007-11-30,-0.005296406758839023
2007-12-03,-0.0021127968329711644
2007-12-04,0.006935029154475247
2007-12-05,-0.006321176528031103
2007-12-06,-0.0019110024925723668
2007-12-07,0.0017746233583684767
2007-12-10,0.0034039109726689
2007-12-11,-0.0008158825581768836
2007-12-12,0.0
2007-12-13,-0.007578638670010462
2007-12-14,-0.010887648896459046
2007-12-17,-0.0044441431383567265
2007-12-18,0.0015993884011623605
2007-12-19,-0.0033407603454003176
2007-12-20,0.0006272432864116162
2007-12-21,0.0005572194892383697
2007-12-24,0.0033368122723154148
2007-12-26,0.0062956380757316355
2007-12-27,0.006941370092898191
2007-12-28,0.00798121498498039
2007-12-31,-0.007844247446072927
2008-01-02,0.009202205286473197
2008-01-03,-0.00013571283185648264
2008-01-04,0.003387307621957214
2008-01-07,-0.006922321500320461
2008-01-08,0.0022448225473880035
2008-01-09,-0.0036759741870336926
2008-01-10,0.005237572766248422
2008-01-11,0.003183529630159776
2008-01-14,0.006067979783756172
2008-01-15,-0.0023553966271647186
2008-01-16,-0.013498593974821671
2008-01-17,0.003204584612665873
2008-01-18,-0.0050501711100803814
2008-01-22,-0.0004790419253285494
2008-01-23,-0.002398657902286605
2008-01-24,0.011122218983035448
2008-01-25,-0.004352268005796023
2008-01-28,0.007874590959302208
2008-01-29,-0.0014886996929952545
2008-01-30,0.0010152628710581868
2008-01-31,0.003983396550986229
2008-02-01,0.0006735821351269711
2008-02-04,-0.0012801942253088394
2008-02-05,-0.013166121644464013
2008-02-06,0.0006146491571346613
2008-02-07,-0.010431773962551183
2008-02-08,0.0006896551997484512
2008-02-11,6.893936785329347e-05
2008-02-12,0.0059110763907550545
2008-02-13,-0.0015774496601167476
2008-02-14,0.004519936471990282
2008-02-15,0.0026613001479533493
2008-02-19,0.004623342475294501
2008-02-20,-0.005373248772154893
2008-02-21,0.010177859604973027
2008-02-22,0.000809771283873939
2008-02-25,-0.00020238135462197215
2008-02-26,0.004510121744246254
2008-02-27,0.016189021497369505
2008-02-28,0.0026399170558696894
2008-02-29,0.0009881749214803448
2008-03-03,0.0005266276206235543
2008-03-04,0.0009866799024449424
2008-03-05,0.004722558954173561
2008-03-06,0.0048306119131763525
2008-03-07,-0.0014989086842990273
2008-03-10,0.002345125170922613
2008-03-11,-0.0026060344412046077
2008-03-12,0.010770932055741311
2008-03-13,0.00572735566046767
2008-03-14,0.0012825447442307847
2008-03-17,0.0102650013526141
2008-03-18,0.0012044757232900771
2008-03-19,-0.009037164540894538
2008-03-20,-0.014488807501217449
2008-03-21,0.0019440130539117306
2008-03-24,-0.003436986619988258
2008-03-25,0.012972526947640894
2008-03-26,0.01058818413363738
2008-03-27,0.0023448155488234312
2008-03-28,-0.002471719102293213
2008-03-31,0.0029147150276468414
2008-04-01,-0.012094354932539075
2008-04-02,0.0001921045054413817
2008-04-03,0.00313249417086664
2008-04-04,0.004330941105020136
2008-04-07,-0.0013991353083754876
2008-04-08,-0.0005092622173847872
2008-04-09,0.006283939558534457
2008-04-10,-0.003803732239246682
2008-04-11,0.0032974031145052707
2008-04-14,0.0019605989267431623
2008-04-15,-0.0016441131817840904
2008-04-16,0.011139546890488239
2008-04-17,-0.0033853709217794292
2008-04-18,-0.011495105417812346
2008-04-21,0.008791126408251138
2008-04-22,0.008090100880113693
2008-04-23,-0.007020211857702352
2008-04-24,-0.014572899347336077
2008-04-25,-0.002172386005446225
2008-04-28,0.0008950834943228791
2008-04-29,-0.002815821648051442
2008-04-30,-0.0023097662007608433
2008-05-01,-0.007090856758969921
2008-05-02,-0.0017481955956116235
2008-05-05,0.003880737035158177
2008-05-06,0.003672802865750835
2008-05-07,-0.011514455439472271
2008-05-08,0.002534196749211848
2008-05-09,0.0024630554323977205
2008-05-12,0.005745101816855169
2008-05-13,-0.0017394109716534212
2008-05-14,-0.002711778521312991
2008-05-15,0.001615039596502943
2008-05-16,0.006370063041908736
2008-05-19,-0.004822075116693636
2008-05-20,0.009684839833629222
2008-05-21,0.006679626604030708
2008-05-22,-0.004384439112563976
2008-05-23,0.005144991817497502
2008-05-27,-0.0033634808799465343
2008-05-28,-0.0065691106475435634
2008-05-29,-0.006483733193791474
2008-05-30,0.0021230747512129278
2008-06-02,-0.0006428801250025207
2008-06-03,-0.00619276911385086
2008-06-04,-6.47102598343996e-05
2008-06-05,0.00690035949868778
2008-06-06,0.01092976909012211
2008-06-09,-0.0008267353963844482
2008-06-10,-0.015709982936447764
2008-06-11,0.005735475687202896
2008-06-12,-0.009296387157667896
2008-06-13,-0.003248232570815024
2008-06-16,0.006744513244683004
2008-06-17,0.003033140978549287
2008-06-18,-0.0010960318301680982
2008-06-19,0.0
2008-06-20,0.007967145715232882
2008-06-23,-0.00861243192204686
2008-06-24,0.006370063041908736
2008-06-25,-0.0013478388485074766
2008-06-26,0.010732184266884714
2008-06-27,0.00069870107965192
2008-06-30,-6.349811095252011e-05
2008-07-01,0.0019031915914068387
2008-07-02,0.005750955907807331
2008-07-03,-0.010197383864942067
2008-07-07,-0.003954843452874279
2008-07-08,0.00044729864319692503
2008-07-09,0.0057967484038118355
2008-07-10,0.0017134701955229814
2008-07-11,0.008020504645500304
2008-07-14,0.0010059098044221115
2008-07-15,0.0005653799189460074
2008-07-16,-0.004784396913617872
2008-07-17,0.0008830579607517208
2008-07-18,-0.0003783579311122942
2008-07-21,0.001386613105063772
2008-07-22,-0.004165620767366318
2008-07-23,-0.006535763612244894
2008-07-24,-0.00325203538637725
2008-07-25,0.0019142425447173372
2008-07-28,0.003817527064169157
2008-07-29,-0.010148483461809632
2008-07-30,-0.0018621381436370599
2008-07-31,0.0019262879977181013
2008-08-01,-0.0014122482768315625
2008-08-04,0.0001284686538252089
2008-08-05,-0.0065083839624868745
2008-08-06,-0.0038216194453343233
2008-08-07,-0.00442277143707992
2008-08-08,-0.019350347085895392
2008-08-11,-0.005932362007265102
2008-08-12,-0.0035495466394411257
2008-08-13,-0.0006711409647890965
2008-08-14,-0.002621762114840942
2008-08-15,-0.01089652417952397
2008-08-18,0.002378930603658236
2008-08-19,0.0010856290929198154
2008-08-20,-0.003056340885629616
2008-08-21,0.01176643274986433
2008-08-22,-0.005054770661624131
2008-08-25,0.00020268216128566108
2008-08-26,-0.009707166472849582
2008-08-27,0.00163576917608238
2008-08-28,6.809901599552637e-05
2008-08-29,-0.0010901411449575349
2008-09-02,-0.010071682547570848
2008-09-03,-0.0022750001194696834
2008-09-04,-0.008943177218507181
2008-09-05,-0.006076922972446663
2008-09-08,-0.010352569660900868
2008-09-09,0.0033216751980377768
2008-09-10,-0.01085386457832438
2008-09-11,-0.005794214858694691
2008-09-12,0.01657752025547632
2008-09-15,0.00021166261059019087
2008-09-16,-0.0014119310499528526
2008-09-17,0.0042298265391001455
2008-09-18,0.011679679577339175
2008-09-19,0.00013905304896216775
2008-09-22,0.021526913595283026
2008-09-23,0.00271794690657845
2008-09-24,-0.005579764068270099
2008-09-25,-0.000819168589735686
2008-09-26,-0.00321488699891892
2008-09-29,-0.014839627669958666
2008-09-30,-0.021081519969067986
2008-10-01,-0.0016347421814609797
2008-10-02,-0.014617629153300282
2008-10-03,-0.002746658756035858
2008-10-06,-0.02254523832105615
2008-10-07,0.01038415635073714
2008-10-08,0.0022686533203460924
2008-10-09,-0.0024884738011725638
2008-10-10,-0.012907211676801034
2008-10-14,0.013786203822466536
2008-10-15,-0.0066850570357259165
2008-10-16,-0.011192348982263844
2008-10-17,0.0034228770676137388
2008-10-20,-0.01105478841000962
2008-10-21,-0.016051222868827153
2008-10-22,-0.020589075986580857
2008-10-23,0.0033446147928880288
2008-10-24,-0.018733157451002624
2008-10-27,-0.01538798551796311
2008-10-28,0.002407512598530781
2008-10-29,0.029614830579447193
2008-10-30,-7.781798377531901e-05
2008-10-31,-0.013160146063388861
2008-11-03,0.0029132731915075816
2008-11-04,0.023466500277243812
2008-11-05,0.0013814276947439752
2008-11-06,-0.021943117293523995
2008-11-07,0.0016449304613749272
2008-11-10,-0.0013314016925423389
2008-11-12,-0.015957365224726128
2008-11-13,-0.0025514285886966415
2008-11-14,0.016233479976287185
2008-11-17,-0.00039281926890788466
2008-11-18,-0.002832863084304138
2008-11-19,-0.007514371921722662
2008-11-20,-0.005573262833645121
2008-11-21,0.00047892721221962087
2008-11-24,0.028246242767947904
2008-11-25,0.01080257418565772
2008-11-26,-0.015624109305845263
2008-11-28,-0.010500840946630008
2008-12-01,-0.004737848407769724
2008-12-02,0.00709838141038896
2008-12-03,-0.004331909266981515
2008-12-04,0.013407233641898997
2008-12-05,-0.014591927537122545
2008-12-08,0.022504465910381743
2008-12-09,-0.00038641369930941805
2008-12-10,0.006702386324419551
2008-12-11,0.020518996359205566
2008-12-12,0.004128670054205252
2008-12-15,0.023323161372618806
2008-12-16,0.010628330374986672
2008-12-17,0.038914310733090485
2008-12-18,-0.004187610809631204
2008-12-19,-0.030031007712161883
2008-12-22,0.005534207534125646
2008-12-23,0.0010029372572197826
2008-12-24,-0.00014321518105392395
2008-12-26,0.006993534534179835
2008-12-29,0.012016826586564555
2008-12-30,-0.010382549035198085
2008-12-31,-0.011855588083072521
2009-01-02,0.0019379155535556025
2009-01-05,-0.026889200866893948
2009-01-06,-0.009696238211097108
2009-01-07,0.020101549356301596
2009-01-08,-0.0002916302149569283
2009-01-09,-0.016097962392204734
2009-01-12,-0.011027605977953492
2009-01-13,-0.011226337530784503
2009-01-14,-0.0018201127427288077
2009-01-15,-0.006091080199601584
2009-01-16,0.011390509666100335
2009-01-20,-0.022757759561681468
2009-01-21,-0.005887838515283184
2009-01-22,0.0065827924060381515
2009-01-23,-0.008215826712729801
2009-01-26,0.021100428612806033
2009-01-27,0.0027395192538539614
2009-01-28,0.006438684516996307
2009-01-29,-0.0195187654444004
2009-01-30,-0.014268232132982867
2009-02-02,0.00031235358679690406
2009-02-03,0.01564831683000034
2009-02-04,-0.01182988242230204
2009-02-05,-0.0014788872125253705
2009-02-06,0.0028002507408377286
2009-02-09,0.014650582037739834
2009-02-10,-0.007529808915360092
2009-02-11,-0.005646018324103441
2009-02-12,-0.005522082863634897
2009-02-13,0.004435632345467705
2009-02-17,-0.024205503977839188
2009-02-18,-0.0019109807551314917
2009-02-19,0.01014995629968432
2009-02-20,0.0011827322490493009
2009-02-23,0.004481668074487938
2009-02-24,-0.0003923261064877337
2009-02-25,-0.0008636596147881814
2009-02-26,0.002588744336488813
2009-02-27,-0.0080233262940623
2009-03-02,-0.006497130849640292
2009-03-03,-0.0024672701441234846
2009-03-04,0.004611234120961288
2009-03-05,-0.0033370442535768097
2009-03-06,0.008637479905769824
2009-03-09,-0.003002767961486491
2009-03-10,0.009138239108020335
2009-03-11,0.0017237330915383653
2009-03-12,0.0019551877342572355
2009-03-13,0.00716235058731296
2009-03-16,0.008189168138483749
2009-03-17,-0.0019253731543799613
2009-03-18,0.010582109330536937
2009-03-19,0.04620792200427126
2009-03-20,-0.012016557255991878
2009-03-23,0.00022111663992796515
2009-03-24,-0.0033218943181761995
2009-03-25,0.001108524667334354
2009-03-26,0.00154987299927567
2009-03-27,-0.018909221192553838
2009-03-30,-0.012097531478311274
2009-03-31,0.008709866854077486
2009-04-01,-0.0028696591207761357
2009-04-02,0.01761598719144053
2009-04-03,-0.0008176919243934599
2009-04-06,-0.006266339042808988
2009-04-07,-0.006079958680401953
2009-04-08,0.0004516371924717655
2009-04-09,-0.010515662206211973
2009-04-10,-0.00045641260491063873
2009-04-13,0.015926667935805883
2009-04-14,-0.005782750521911906
2009-04-15,-0.007180952283236897
2009-04-16,0.0011372684041642822
2009-04-17,-0.012735139897938785
2009-04-20,-0.009794548667044711
2009-04-21,0.005795773729267761
2009-04-22,0.002616392412128188
2009-04-23,0.002762856707607786
2009-04-24,0.017398349595052376
2009-04-27,-0.010676662203692622
2009-04-28,-0.005725862114688285
2009-04-29,0.019936229736049027
2009-04-30,-0.006022300646433332
2009-05-01,0.0017351292497798099
2009-05-04,0.007359600656102638
2009-05-05,0.000747943191187872
2009-05-06,-0.0046462913322901644
2009-05-07,0.007334264279023006
2009-05-08,0.006169876476430525
2009-05-11,0.0092941585161328
2009-05-12,0.0013207133770947177
2009-05-13,-0.001908257459801832
2009-05-14,-0.0002939015450986182
2009-05-15,-0.00508344558058671
2009-05-18,-0.0026625265340685655
2009-05-19,0.007745972114655275
2009-05-20,0.011471283501010066
2009-05-21,0.002829266641186323
2009-05-22,0.014456003476314871
2009-05-26,-0.0009286709957709305
2009-05-27,-0.004871767767108459
2009-05-28,0.001722158864212231
2009-05-29,0.012680942173325827
2009-06-01,0.0046613545804931045
2009-06-02,0.005481005921521398
2009-06-03,-0.005340091385953871
2009-06-04,-0.0004932877729427187
2009-06-05,-0.013983263652458666
2009-06-08,-0.007605690677849941
2009-06-09,0.009319731948802257
2009-06-10,-0.0022145238896284503
2009-06-11,0.007835914150660317
2009-06-12,-0.003767821611708966
2009-06-15,-0.018401899372036457
2009-06-16,0.006796353251728504
2009-06-17,-0.002019619844009557
2009-06-18,0.009199432421589715
2009-06-19,0.001429797212410655
2009-06-22,-0.010918080011514175
2009-06-23,0.013557827558012103
2009-06-24,-0.0014260251970942273
2009-06-25,-0.004433645706681921
2009-06-26,0.007354811974726372
2009-06-29,0.00014227786891751748
2009-06-30,-0.0027067471472695948
2009-07-01,0.011770681173451092
2009-07-02,-0.011913344701762085
2009-07-03,-0.001927952326984117
2009-07-06,-0.003795342734821794
2009-07-07,0.001935276380813089
2009-07-08,-0.008124572856964607
2009-07-09,0.012483123574543231
2009-07-10,-0.00715515359436375
2009-07-13,0.0033692995779557866
2009-07-14,-0.00014314342996096796
2009-07-15,0.010325153144673749
2009-07-16,-7.084410757096649e-05
2009-07-17,0.00035417035964335764
2009-07-20,0.006424080544628452
2009-07-21,-0.0010560778254743997
2009-07-22,0.0016891895908447419
2009-07-23,0.0032296594807516565
2009-07-24,-0.0037220450989716714
2009-07-27,-7.036059809412132e-05
2009-07-28,0.00021106694418243643
2009-07-29,-0.012886046333964396
2009-07-30,0.002348839116827872
2009-07-31,0.015029388562331603
2009-08-03,0.009548774417823924
2009-08-04,-0.0011104942840271526
2009-08-05,-0.0006251953939183097
2009-08-06,-0.0023653830424797406
2009-08-07,-0.012405107041575492
2009-08-10,-0.0026127190656186627
2009-08-11,-0.00014142271272332696
2009-08-12,0.005219365777323681
2009-08-13,0.0047722737775282575
2009-08-14,-0.004701928028141122
2009-08-17,-0.009044719658445166
2009-08-18,-0.0009231971681509799
2009-08-19,0.013198483580357745
2009-08-20,-0.0018949368761109198
2009-08-21,0.004905405772072768
2009-08-24,0.0010480350304258312
2009-08-25,0.0020927806731306786
2009-08-26,-0.008397530103869122
2009-08-27,0.002947163735892544
2009-08-28,0.006007702316637664
2009-08-31,-0.00027862914641108016
2009-09-01,-0.008324928277879284
2009-09-02,0.0007724448261612338
2009-09-03,0.002243725524106621
2009-09-04,0.0
2009-09-08,0.01522184038849167
2009-09-09,0.005228770082799206
2009-09-10,-0.0003431591262527123
2009-09-11,0.0012348221367343148
2009-09-14,0.0018493789304740993
2009-09-15,0.0002736914146403424
2009-09-16,0.005526195199523798
2009-09-17,0.002514186082978598
2009-09-18,-0.0021060505763268456
2009-09-21,-0.0008164376559102737
2009-09-22,0.006986157894752043
2009-09-23,-0.002910619037934936
2009-09-24,-0.0038033189014134994
2009-09-25,-0.0009530942242349516
2009-09-28,-0.002181918225513224
2009-09-29,-0.0066431775318871455
2009-09-30,0.005277057100843752
2009-10-01,-0.006721100673077407
2009-10-02,0.003983248175738752
2009-10-05,0.003899173801475697
2009-10-06,0.006600684031352111
2009-10-07,-0.004690854653361942
2009-10-08,0.006926552207336678
2009-10-09,-0.004204536236060763
2009-10-13,0.008391468338553254
2009-10-14,0.0040352465812127924
2009-10-15,0.0030826991306989737
2009-10-16,-0.0037541104624877475
2009-10-19,0.0038879255302640137
2009-10-20,-0.0028138836736426587
2009-10-21,0.00695329404414291
2009-10-22,-0.0003998400693013271
2009-10-23,0.0017314868470809097
2009-10-26,-0.005872556083009461
2009-10-27,-0.008064017894169828
2009-10-28,-0.00392104342282712
2009-10-29,0.0037860906560905905
2009-10-30,-0.004328132813138652
2009-11-02,0.004935276893583029
2009-11-03,-0.011531023784827343
2009-11-04,0.012070398123685933
2009-11-05,0.001414475027871509
2009-11-06,-0.001481880912430733
2009-11-09,0.010994278470437269
2009-11-10,-0.002603559666891242
2009-11-12,-0.006370516096270207
2009-11-13,0.0014117174876579486
2009-11-16,0.0060945170725396625
2009-11-17,-0.0098635348604178
2009-11-18,0.010731155964665617
2009-11-19,-0.005686584984471665
2009-11-20,-0.0023509666579709654
2009-11-23,0.006568828499724677
2009-11-24,-0.0020732326436330717
2009-11-25,0.009859516282869019
2009-11-27,-0.008120385409742081
2009-11-30,0.002069633879588084
2009-12-01,0.007044622740008277
2009-12-02,-0.0027189247161962804
2009-12-03,0.0014598542738654685
2009-12-04,-0.013081678910808192
2009-12-07,-0.004376374599798838
2009-12-08,-0.005344892802799706
2009-12-09,-0.0010859975274907785
2009-12-10,-0.0006113922951224149
2009-12-11,-0.007845317723101042
2009-12-14,0.003008960760269852
2009-12-15,-0.008985279423751491
2009-12-16,0.004331243235930371
2009-12-17,-0.017997301713685188
2009-12-18,-0.0025176599073943873
2009-12-21,0.00265734422107311
2009-12-22,-0.005321768739420085
2009-12-23,0.006857009794626112
2009-12-24,0.001811342281506867
2009-12-28,0.0017385866196499289
2009-12-29,-0.0025045233628711583
2009-12-30,-0.002790180381581464
2009-12-31,0.0011170065389280448
2010-01-04,0.0060519818818024484
2010-01-05,-0.0011796954978348095
2010-01-06,0.0001388599599537188
2010-01-07,-0.0062678664702229825
2010-01-08,0.0029995488291510997
2010-01-11,0.012390702948313181
2010-01-12,-0.0008947314682031249
2010-01-13,-0.002136826592836094
2010-01-14,-0.0009665171618811752
2010-01-15,-0.007070106389691744
2010-01-19,-0.007470797532819706
2010-01-20,-0.012340177043607459
2010-01-21,0.0008510638811567439
2010-01-22,0.003397030867605455
2010-01-25,-0.0005653710397947043
2010-01-26,-0.005884663725687522
2010-01-27,-0.0007113387695027451
2010-01-28,-0.004278691545031688
2010-01-29,-0.008828970246836043
2010-02-01,0.0024483341962960314
2010-02-02,0.0036612984652492075
2010-02-03,-0.0034455564918116632
2010-02-04,-0.01069915505079444
2010-02-05,-0.011035300352118749
2010-02-08,0.006664982375691797
2010-02-09,0.006983370199996952
2010-02-10,-0.005305823400550247
2010-02-11,-0.005993731853383033
2010-02-12,-0.0011003118660082856
2010-02-16,0.008550496059576473
2010-02-17,-0.008697295824960483
2010-02-18,-0.0044140438033459795
2010-02-19,-0.001844950894162034
2010-02-22,0.0038336820766365354
2010-02-23,-0.003907550959403261
2010-02-24,0.002876850728276037
2010-02-25,-0.007393202387618758
2010-02-26,0.013561528598337758
2010-03-01,-0.010597685290600678
2010-03-02,0.0035450554113488075
2010-03-03,0.012236826076222451
2010-03-04,-0.011720887240381062
2010-03-05,0.002722691994327009
2010-03-08,0.00036736343677534755
2010-03-09,-0.0019853677612257647
2010-03-10,0.005285579769787219
2010-03-11,0.0011707889527047266
2010-03-12,0.005760762640968531
2010-03-15,-0.007370951088110089
2010-03-16,0.007734442059361746
2010-03-17,-0.0013819691620112762
2010-03-18,-0.009948147290518072
2010-03-19,-0.005380914468596343
2010-03-22,7.3907098810444e-05
2010-03-23,0.0002955737847573636
2010-03-24,-0.013987282574250026
2010-03-25,-0.00022479487562349076
2010-03-26,0.004038596469684963
2010-03-29,0.004988284177486313
2010-03-30,-0.004167602966057227
2010-03-31,0.008687635855243236
2010-04-01,0.0031740200110675354
2010-04-02,-0.006061520629095207
2010-04-05,-7.414822233037244e-05
2010-04-06,-0.008040543616173845
2010-04-07,-0.0010470422017062053
2010-04-08,-0.0002993563860104187
2010-04-09,0.008051333190328303
2010-04-12,0.0087969519433585
2010-04-13,0.0003679311274443209
2010-04-14,0.0054296119889557515
2010-04-15,-0.009262728874457615
2010-04-16,-0.003922008949408418
2010-04-19,-0.0021525337685942003
2010-04-20,-0.0008920607192813845
2010-04-21,-0.0046964192326075516
2010-04-22,-0.006371596833974147
2010-04-23,0.0046515201282364416
2010-04-26,-0.0017980226600069482
2010-04-27,-0.007980167321628484
2010-04-28,-0.007587289812159503
2010-04-29,0.008569422630122503
2010-04-30,0.004445288917402146
2010-05-03,-0.008986279086396542
2010-05-04,-0.011136652095191102
2010-05-05,-0.011339651729545819
2010-05-06,-0.015716340536318513
2010-05-07,0.0025186947592964193
2010-05-10,0.010945305109875847
2010-05-11,-0.011417077409866722
2010-05-12,-0.005757794823976037
2010-05-13,-0.005870703096787
2010-05-14,-0.014264205312268796
2010-05-17,-0.007371737380777732
2010-05-18,0.004785668378514379
2010-05-19,-0.0033232046794405834
2010-05-20,0.004293764445049364
2010-05-21,0.016436529581406345
2010-05-24,-0.013530489434877224
2010-05-25,-0.010289740372550094
2010-05-26,-0.004489253754210998
2010-05-27,0.01187295398023197
2010-05-28,-8.084401152386178e-05
2010-06-01,-0.008362135189080827
2010-06-02,-0.004903573081488782
2010-06-03,-0.0010656175441753901
2010-06-04,-0.016122047347226415
2010-06-07,-0.003255836244230953
2010-06-08,0.00300576330498753
2010-06-09,0.004159739775176696
2010-06-10,0.005464494472078918
2010-06-11,-0.002811313245675323
2010-06-14,0.016424775905464678
2010-06-15,0.004064385370679435
2010-06-16,-0.0003245436133962609
2010-06-17,0.0034024660173934407
2010-06-18,-0.0004044489438347898
2010-06-21,0.0020206109117781312
2010-06-22,-0.006642927863290987
2010-06-23,0.0005688051183303788
2010-06-24,-0.0017887637910459497
2010-06-25,0.0035743336185877217
2010-06-28,-0.001298279961650023
2010-06-29,-0.010529420220888763
2010-06-30,0.008497477391478575
2010-07-01,0.01397720189554863
2010-07-02,0.009025259936626118
2010-07-06,0.005471210571402901
2010-07-07,-0.004120449569870427
2010-07-08,0.007042004018741499
2010-07-09,-0.0034752424203033094
2010-07-12,-0.005235614053944987
2010-07-13,0.011545280858303253
2010-07-14,0.0028264131244273294
2010-07-15,0.010761176834925695
2010-07-16,0.002014567549463775
2010-07-19,0.0034000496397415536
2010-07-20,-0.004484312447328609
2010-07-21,-0.006764400088542066
2010-07-22,0.006609409387673848
2010-07-23,-0.0022500688392848023
2010-07-26,0.008431035747692217
2010-07-27,0.0
2010-07-28,0.001154690094040789
2010-07-29,0.005064856196006828
2010-07-30,0.00038265794673481013
2010-08-02,0.008002176603602307
2010-08-03,0.004921828737018796
2010-08-04,-0.006137080291713726
2010-08-05,-7.600228010495869e-05
2010-08-06,0.00945579873482072
2010-08-09,-0.0030916587609021162
2010-08-10,-0.011087598397944542
2010-08-11,-0.015080688976676193
2010-08-12,-0.0025616159941905248
2010-08-13,-0.007724456150594861
2010-08-16,0.005545806051372726
2010-08-17,0.0040422940615095215
2010-08-18,-0.0013974072610139499
2010-08-19,-0.002722783587292499
2010-08-20,-0.011753778944328358
2010-08-23,-0.0018934916899897847
2010-08-24,0.0009471940087755482
2010-08-25,-0.0018162440338444497
2010-08-26,0.005124375595207342
2010-08-27,0.003767369654837288
2010-08-30,-0.0062080274817417624
2010-08-31,0.0014178812930745466
2010-09-01,0.00854337602265931
2010-09-02,0.0008581347798126138
2010-09-03,0.00474542879707654
2010-09-07,-0.012652464943765013
2010-09-08,0.0003143418493466721
2010-09-09,-0.0014940046026403475
2010-09-10,0.0018082476722385832
2010-09-13,0.01241185287158772
2010-09-14,0.009573884121696297
2010-09-15,-0.0004611482673375078
2010-09-16,0.0054433377015606355
2010-09-17,-0.0025263171331111334
2010-09-20,0.0021439518166334603
2010-09-21,0.004731027519534747
2010-09-22,0.0187781242622434
2010-09-23,-0.0030678313559249215
2010-09-24,0.0098434799279154
2010-09-27,-7.420874924557452e-05
2010-09-28,0.007982894045292954
2010-09-29,0.004041003258107356
2010-09-30,-0.0027166946478446863
2010-10-01,0.011186371447027943
2010-10-04,-0.0048101543077520015
2010-10-05,0.010609793588500616
2010-10-06,0.0064846397707995496
2010-10-07,-0.00021547854276238176
2010-10-08,0.00014365752071837656
2010-10-12,-0.005545766671314789
2010-10-13,0.008486206986955958
2010-10-14,0.00727794864303688
2010-10-15,-0.004846075618478662
2010-10-18,-0.001429797212410655
2010-10-19,-0.010861462648456277
2010-10-20,0.008784618703617242
2010-10-21,0.00171907498821261
2010-10-22,-0.004950327575274527
2010-10-25,0.0058802607586388445
2010-10-26,-0.008112324183086661
2010-10-27,-0.006145856443969533
2010-10-28,0.010174349051275455
2010-10-29,-0.0025159054352052457
2010-11-01,-0.000431934352694785
2010-11-02,0.009887592196724415
2010-11-03,-0.0008559201663766447
2010-11-04,0.014873848823206692
2010-11-05,-0.01351898000255014
2010-11-08,-0.007582296698043722
2010-11-09,-0.004461723003213569
2010-11-10,-0.009930136322134908
2010-11-12,-0.0020417099115271897
2010-11-15,-0.006223706708356425
2010-11-16,-0.007223973624032265
2010-11-17,0.0028073304489382167
2010-11-18,0.004636964110146025
2010-11-19,0.0026400719353136815
2010-11-22,-0.0030807623574292675
2010-11-23,-0.016592973289579094
2010-11-24,-0.0028423985028216414
2010-11-26,-0.008047273901431229
2010-11-29,-0.011467754305893252
2010-11-30,-0.004286595663618886
2010-12-01,0.008630949129466603
2010-12-02,0.005990085014764557
2010-12-03,0.01045318786978966
2010-12-06,-0.006906415861333504
2010-12-07,0.003609297850072468
2010-12-08,-0.006098268475420554
2010-12-09,-0.0027223247302747833
2010-12-10,0.0027223247302747833
2010-12-13,0.01103987781258814
2010-12-14,0.00044802868132948204
2010-12-15,-0.006666441676876245
2010-12-16,-0.00754378954731616
2010-12-17,-0.0038693572801236087
2010-12-20,-0.0023592993934007933
2010-12-21,0.0005332317780127327
2010-12-22,-0.0032036640672857275
2010-12-23,0.0009163803619514077
2010-12-27,0.0034289666698508747
2010-12-28,-0.001827318918698695
2010-12-29,0.004637909853147104
2010-12-30,0.006502366778466495
2011-01-03,0.007657695078229054
2011-01-04,-0.0048731213128326845
2011-01-05,-0.010197618302786371
2011-01-06,-0.010993316301482425
2011-01-07,-0.006391766399291066
2011-01-10,7.725288736504243e-05
2011-01-11,0.0025460029954758046
2011-01-12,0.006757820219581823
2011-01-13,0.022551088075951575
2011-01-14,-0.0026974390700232886
2011-01-18,0.005312991881984197
2011-01-19,0.0071391691634968835
2011-01-20,-0.0038607219978522567
2011-01-21,0.010213232649815607
2011-01-24,0.005287520580683269
2011-01-25,-0.0006594131462152042
2011-01-26,0.003219672033492993
2011-01-27,0.0
2011-01-28,-0.005935170381170918
2011-01-31,0.007905758180845102
2011-02-01,0.005671092703816272
2011-02-02,-0.001015523081616787
2011-02-03,-0.009113175015677488
2011-02-04,-0.0051398894270969775
2011-02-07,-0.0019896104717392893
2011-02-08,0.009543458131877014
2011-02-09,7.305936076307251e-05
2011-02-10,-0.003732849714195574
2011-02-11,-0.008616616260878673
2011-02-14,-0.0034081680763500266
2011-02-15,0.0014832396667655012
2011-02-16,0.003919978393365775
2011-02-17,0.004786636040059911
2011-02-18,0.004471328688285314
2011-02-22,-0.0008780274215944295
2011-02-23,0.0070754151984722125
2011-02-24,0.0026132419052771194
2011-02-25,-0.0026859295302409936
2011-02-28,0.0026134316145243197
2011-03-01,0.0014489606244399433
2011-03-02,0.004045955956375358
2011-03-03,0.005608297702359322
2011-03-04,0.002577874682156256
2011-03-07,-0.000500733226958261
2011-03-08,-0.004589795779773531
2011-03-09,-0.0004313753751557514
2011-03-10,-0.005986530194605877
2011-03-11,0.0029616809310847314
2011-03-14,0.007974466627857835
2011-03-15,-0.0005010199439163809
2011-03-16,-0.0032986763507716343
2011-03-17,0.00708588299251961
2011-03-18,0.008522173586644977
2011-03-21,0.0030361894462674344
2011-03-22,0.0019721093868738104
2011-03-23,-0.00621120009264059
2011-03-24,0.005366486541074966
2011-03-25,-0.003951458711927314
2011-03-28,-0.0028320607997185387
2011-03-29,-0.0009931191849802956
2011-03-30,0.0003547986554869875
2011-03-31,0.006223939746394569
2011-04-01,0.0022536807904926515
2011-04-04,0.00042200028759614705
2011-04-05,0.0006326667112018236
2011-04-06,0.007212158839317584
2011-04-07,-0.0032145380580575478
2011-04-08,0.0104443227646564
2011-04-11,0.0011768372131118476
2011-04-12,6.918260752003524e-05
2011-04-13,0.001520807703597138
2011-04-14,-0.0008983795220858792
2011-04-15,-0.0014529355307910108
2011-04-18,-0.01619355550930518
2011-04-19,0.0075710140821447225
2011-04-20,0.013457472796356673
2011-04-21,0.004948803831458848
2011-04-22,-0.002746311372519794
2011-04-25,0.0021290485704376083
2011-04-26,0.003356052600317627
2011-04-27,0.0023220881899739254
2011-04-28,0.008558671996546474
2011-04-29,0.002431940670337418
2011-05-02,0.0033006664972858313
2011-05-03,0.000336190959629723
2011-05-04,-0.0010762091574831323
2011-05-05,-0.018749275542782273
2011-05-06,-0.0060527043578092465
2011-05-09,-0.013474297482820585
2011-05-10,0.003977813263493002
2011-05-11,-0.0062179262058530416
2011-05-12,-0.0028072163848838483
2011-05-13,-0.00620375623791497
2011-05-16,0.0055007190885979496
2011-05-17,-0.004511179850374414
2011-05-18,0.008091512924882138
2011-05-19,-0.0011218624090660878
2011-05-20,-0.005769382076453389
2011-05-23,-0.011140002386474002
2011-05-24,0.006542943475613738
2011-05-25,-0.000354496795516579
2011-05-26,-0.000993260102943705
2011-05-27,0.014026661689116038
2011-05-31,0.006210116598236837
2011-06-01,0.003818520972682815
2011-06-02,-0.00034653637245979363
2011-06-03,0.012263329711909465
2011-06-06,0.0010949905282420236
2011-06-07,0.00375491139252776
2011-06-08,-0.006014644610083941
2011-06-09,-0.0036399889096320748
2011-06-10,-0.011696039763191224
2011-06-13,0.00020881912859088692
2011-06-14,0.007281333095623732
2011-06-15,-0.017565099264908346
2011-06-16,-0.0046518268266962925
2011-06-17,0.012008149628396636
2011-06-20,-0.00041890665976007657
2011-06-21,0.005501598193633883
2011-06-22,0.00027775849077954495
2011-06-23,-0.016591790885482016
2011-06-24,0.0016222891937454076
2011-06-27,0.006532986601741897
2011-06-28,0.0060035084329256305
2011-06-29,0.004167251481448808
2011-06-30,0.0065628365843742875
2011-07-01,-0.0010333782050109264
2011-07-05,-0.002622680777263464
2011-07-06,-0.00979208490892669
2011-07-07,0.0013947976318037236
2011-07-08,-0.006853173675194446
2011-07-11,-0.015344122860978193
2011-07-12,-0.0014261268817548078
2011-07-13,0.010858486448871829
2011-07-14,0.001058238484590912
2011-07-15,-0.0018349923985879202
2011-07-18,-0.008085723888159924
2011-07-19,0.008085723888159924
2011-07-20,0.0022579744281585046
2011-07-21,0.01288533233989686
2011-07-22,-0.00041756559866240606
2011-07-25,-0.0006266755070530317
2011-07-26,0.009566134228061962
2011-07-27,-0.008452315804524047
2011-07-28,-0.004882141096331838
2011-07-29,0.0059252203606146026
2011-08-01,-0.013011726073475727
2011-08-02,0.0021101506036322326
2011-08-03,0.006164211168965428
2011-08-04,-0.011377326180502023
2011-08-05,0.0
2011-08-08,0.005845292885293174
2011-08-09,7.021732264234082e-05
2011-08-10,-0.003446460242812255
2011-08-11,0.00260352678464032
2011-08-12,0.0006322666970964841
2011-08-15,0.014848134486536269
2011-08-16,-0.002147335705460496
2011-08-17,0.0010396092006088042
2011-08-18,-0.008067925248042618
2011-08-19,0.0061264463411555
2011-08-22,-0.0016671301443905717
2011-08-23,0.003262192724676316
2011-08-24,-0.0020115846272656945
2011-08-25,-0.0015287335337744734
2011-08-26,0.005755311798694318
2011-08-29,0.003244402804501667
2011-08-30,-0.005182253781198132
2011-08-31,-0.0020110266477271765
2011-09-01,-0.00857476758667991
2011-09-02,-0.00561680898150041
2011-09-06,-0.014467311406302807
2011-09-07,0.004205730261025442
2011-09-08,-0.007927197377156137
2011-09-09,-0.020353435017970822
2011-09-12,-0.002270980061034822
2011-09-13,0.003294895896852723
2011-09-14,0.0021905813798185347
2011-09-15,0.010737189630966426
2011-09-16,-0.005426734492887608
2011-09-19,-0.01072259443664525
2011-09-20,0.004463476477027495
2011-09-21,0.001969294243519215
2011-09-22,-0.020464460949358332
2011-09-23,0.00534046663131732
2011-09-26,-0.00014796182611886977
2011-09-27,0.006636703070825645
2011-09-28,0.0016156278758510667
2011-09-29,0.0008068361460178419
2011-09-30,-0.01402858210332586
2011-10-03,-0.012570311423298397
2011-10-04,0.000978363201276311
2011-10-05,0.002554279805096815
2011-10-06,0.00598445831524036
2011-10-07,0.0077266357657717055
2011-10-11,0.010674031190788469
2011-10-12,0.010778634685830402
2011-10-13,-0.005447625602238104
2011-10-14,0.009495921451336375
2011-10-17,-0.006586828490652563
2011-10-18,-0.0037105793965357403
2011-10-19,0.004073621694950402
2011-10-20,-0.007505409225688431
2011-10-21,0.014594559285298736
2011-10-24,0.004243847405166312
2011-10-25,-0.001508458426321302
2011-10-26,-0.005261463000814204
2011-10-27,0.02384975592660632
2011-10-28,-0.0005646527535682067
2011-10-31,-0.015439102873099964
2011-11-01,-0.019621959599502636
2011-11-02,0.009243488064386518
2011-11-03,-0.004283594599541696
2011-11-04,0.0012361390412450879
2011-11-07,-0.0012361390412450879
2011-11-08,0.002978679233860526
2011-11-09,-0.013805412641890613
2011-11-10,0.0002941609081368868
2011-11-14,0.001836547807301414
2011-11-15,-0.007440455703668247
2011-11-16,-0.001405897601060635
2011-11-17,0.0012580014239072512
2011-11-18,-7.395629186524033e-05
2011-11-21,0.00029579235592430697
2011-11-22,-0.001850139288161412
2011-11-23,-0.011398044952369402
2011-11-25,-0.00774702080701456
2011-11-28,0.006772544510868339
2011-11-29,0.0006747385644154114
2011-11-30,0.008210226743122162
2011-12-01,0.00252412903131477
2011-12-02,-0.00751687385627009
2011-12-05,0.005735797318647318
2011-12-06,-0.004914380702249088
2011-12-07,-0.0008214166163982295
2011-12-08,-0.004642464347017261
2011-12-09,0.0032968709616593705
2011-12-12,-0.013556466083607999
2011-12-13,-0.007153215190585038
2011-12-14,-0.009360921573828063
2011-12-15,0.0031556693495486954
2011-12-16,0.0009217298448104261
2011-12-19,-0.000614392155107224
2011-12-20,0.004522293377640874
2011-12-21,-0.0027569323634573095
2011-12-22,0.0003833620901848023
2011-12-23,-0.0003833620901848023
2011-12-27,0.002603968692030778
2011-12-28,-0.011384738349834056
2011-12-29,0.0020094295346302915
2011-12-30,0.001620058213541331
2012-01-03,0.006760416006508896
2012-01-04,-0.010080497811618128
2012-01-05,-0.011434029597881396
2012-01-06,-0.004704784025321318
2012-01-09,0.001727658667515397
2012-01-10,0.0028988934000112876
2012-01-11,-0.007538908016384682
2012-01-12,0.010351409870329786
2012-01-13,-0.01066676780419526
2012-01-17,0.0045629848661774275
2012-01-18,0.006649740912815921
2012-01-19,0.008695031878931697
2012-01-20,0.0008499131282329597
2012-01-23,0.0066967113214672636
2012-01-24,-0.002381044943806254
2012-01-25,-0.002001386242682146
2012-01-26,0.013318222114847289
2012-01-27,0.003036746943473667
2012-01-30,-0.005244169343148086
2012-01-31,-0.005348423507496924
2012-02-01,0.009606661255099569
2012-02-02,-0.0009109542875456178
2012-02-03,-0.0046435587569015335
2012-02-06,0.0018295476973996805
2012-02-07,0.008644931370295095
2012-02-08,0.0006793222135417221
2012-02-09,0.003314503976027283
2012-02-10,-0.00830695004900689
2012-02-13,0.0018183200706549663
2012-02-14,-0.004704105791435209
2012-02-15,-0.004726339031438209
2012-02-16,0.0017559267022648761
2012-02-17,0.002970412329173333
2012-02-21,0.008029129636207055
2012-02-22,-0.0003018184584897554
2012-02-23,0.004292336873731206
2012-02-24,0.011579823840867531
2012-02-27,-0.0039444847035106645
2012-02-28,0.0031270965844359955
2012-02-29,-0.006937478870348068
2012-03-01,-0.0029236498954319234
2012-03-02,-0.00889833184566402
2012-03-05,0.001816255985891524
2012-03-06,-0.008504227411043064
2012-03-07,0.0026653482633541836
2012-03-08,0.00810457001947995
2012-03-09,-0.011227549287693595
2012-03-12,0.002514382824932937
2012-03-13,-0.00243809644582893
2012-03-14,-0.006428429576241512
2012-03-15,0.003448939996699929
2012-03-16,0.0076979153807788525
2012-03-19,0.005376153485744994
2012-03-20,-0.001511487591267957
2012-03-21,-0.002423142182163218
2012-03-22,0.00030321407145583734
2012-03-23,0.005216022711536816
2012-03-26,0.0048888819122709926
2012-03-27,0.0006000600240059217
2012-03-28,-0.0027031102207846214
2012-03-29,-0.00263504763800515
2012-03-30,0.005188176606165218
2012-04-02,-0.0006751941439599451
2012-04-03,0.0009001575883492707
2012-04-04,-0.01594713158872657
2012-04-05,-0.0047346403833669615
2012-04-06,0.0019118271414181875
2012-04-09,-0.00015281173623865607
2012-04-10,-0.0014528773345198198
2012-04-11,0.002751033371889866
2012-04-12,0.0050999159061957955
2012-04-13,-0.00678020347788838
2012-04-16,-0.0011472715320119398
2012-04-17,0.004276447907140546
2012-04-18,-7.620499146382409e-05
2012-04-19,0.0007617887166603832
2012-04-20,0.006073507889196972
2012-04-23,-0.006301983576569858
2012-04-24,0.005923468109694019
2012-04-25,0.0002271264725666189
2012-04-26,0.0016640197471015084
2012-04-27,0.001208459361568437
2012-04-30,-0.0014352081626608504
2012-05-01,-0.0002268002277723835
2012-05-02,-0.0054586943733114235
2012-05-03,-0.0005322991646919961
2012-05-04,-0.004268624516505282
2012-05-07,-0.0029835924668877856
2012-05-08,-0.0028388402845453964
2012-05-09,-0.0046979176858033544
2012-05-10,0.00038590669255206267
2012-05-11,-0.0016991045175125397
2012-05-14,-0.006981101886292362
2012-05-15,-0.0060899626069285395
2012-05-16,-0.003058945873228941
2012-05-17,-0.0016510086693817816
2012-05-18,0.0009437672741405834
2012-05-21,0.003766187268470139
2012-05-22,-0.0026662500111236387
2012-05-23,-0.013120643488720024
2012-05-24,0.001113231667130482
2012-05-25,-0.005179088107321095
2012-05-29,-0.002399425289378865
2012-05-30,-0.0066685660693666104
2012-05-31,-0.00331059287389443
2012-06-01,0.004519052235462867
2012-06-04,0.006020487781583039
2012-06-05,-0.004652663615311747
2012-06-06,0.007848830938652768
2012-06-07,0.0026291693430632035
2012-06-08,-0.0068662944414687455
2012-06-11,0.0017609866073242386
2012-06-12,-0.0021616436902911207
2012-06-13,0.00949235380989391
2012-06-14,0.0009522298767450088
2012-06-15,0.00198090473237722
2012-06-18,-0.004363181726588838
2012-06-19,0.009022617599637572
2012-06-20,0.0008663123203744294
2012-06-21,-0.009253100936581854
2012-06-22,-0.003262905286356227
2012-06-25,-0.005194816877103964
2012-06-26,-0.00072141400267145
2012-06-27,-0.0011232350346545017
2012-06-28,-0.0019284859331550885
2012-06-29,0.01872490070559274
2012-07-02,-0.006652962920416616
2012-07-03,0.002856691357090435
2012-07-05,-0.018877540265695852
2012-07-06,-0.00818912429041399
2012-07-09,0.0013017657033161656
2012-07-10,-0.0035839412801975112
2012-07-11,-0.00089799589690992
2012-07-12,-0.0036820399165654882
2012-07-13,0.0027014874601607175
2012-07-16,0.0028572614238536187
2012-07-17,-0.0026937692302416993
2012-07-18,0.0022045324298767544
2012-07-19,-0.00032629089122179766
2012-07-20,-0.006630401239698075
2012-07-23,-0.004114893469791159
2012-07-24,-0.005291892620743893
2012-07-25,0.005786574797539745
2012-07-26,0.012125332892661655
2012-07-27,0.007302263685400212
2012-07-30,-0.009748249413660537
2012-07-31,0.0052920945817652165
2012-08-01,-0.0013000733122278396
2012-08-02,-0.012271096387668295
2012-08-03,0.019642833768446027
2012-08-06,0.002579398496060037
2012-08-07,0.0
2012-08-08,-0.004680069867241371
2012-08-09,-0.006979981264565227
2012-08-10,0.001627604525973353
2012-08-13,0.0033283303851187607
2012-08-14,-0.0008107670299809522
2012-08-15,-0.003331034481099504
2012-08-16,0.00551859865101903
2012-08-17,-0.0033237434838340185
2012-08-20,0.00227106918929032
2012-08-21,0.010397030993683859
2012-08-22,0.0
2012-08-23,0.00886056485435538
2012-08-24,-0.003981530980445569
2012-08-27,-0.0015171480532134574
2012-08-28,0.003987564100228269
2012-08-29,-0.0020715488246232927
2012-08-30,-0.0032754173481301385
2012-08-31,0.006460640617664992
2012-09-04,-0.0009545021405564236
2012-09-05,0.0029401268745994635
2012-09-06,0.0018232990900791668
2012-09-07,0.013374442141837778
2012-09-10,-7.815247551942739e-05
2012-09-11,0.004911716107742825
2012-09-12,0.002795901168933468
2012-09-13,0.0013950246391644106
2012-09-14,0.017656096948083233
2012-09-17,-0.0012943999979886933
2012-09-18,-0.005654049292296903
2012-09-19,0.001072139787185289
2012-09-20,-0.008995562908577948
2012-09-21,0.0032384946185102237
2012-09-24,-0.006255088157935851
2012-09-25,0.002784870678928686
2012-09-26,-0.007210171949888988
2012-09-27,0.0017103323768122292
2012-09-28,-0.0013991451952126699
2012-10-01,0.0034166829324149273
2012-10-02,0.0039456938738236524
2012-10-03,-0.0032482627168778366
2012-10-04,0.007101535055459407
2012-10-05,0.004451273658238553
2012-10-09,-0.0141124378017084
2012-10-10,0.0009315324381113932
2012-10-11,0.0030988559040663333
2012-10-12,0.0013913583445788746
2012-10-15,0.0003089280222282609
2012-10-16,0.006618972829768477
2012-10-17,0.007413385627707658
2012-10-18,-0.0020580059857177035
2012-10-19,-0.00642990580263475
2012-10-22,0.003143571689755875
2012-10-23,-0.007067710145890249
2012-10-24,-0.0019292362352175685
2012-10-25,0.0009264979044471544
2012-10-26,-0.0015446404059718533
2012-10-29,-0.002476398108145761
2012-10-30,0.005640347191973982
2012-10-31,-0.0016193086778563681
2012-11-01,-0.0016219350920006481
2012-11-02,-0.006903265731359132
2012-11-05,-0.004524541613654537
2012-11-06,0.0021868174912838823
2012-11-07,-0.004613528142428935
2012-11-08,-0.0014902547955888967
2012-11-09,-0.0019642512699342973
2012-11-13,7.864417447331351e-05
2012-11-14,0.0018856070954609838
2012-11-15,0.0033695130418673613
2012-11-16,-0.005333764311801659
2012-11-19,0.007131412222527417
2012-11-20,0.000624512120219467
2012-11-21,0.0001560671091735688
2012-11-23,0.011096137127274003
2012-11-26,0.0005400192995264619
2012-11-27,-0.00200725768004939
2012-11-28,-0.0013146195297001895
2012-11-29,0.002318752005064484
2012-11-30,0.004390870976295036
2012-12-03,0.004295143894144704
2012-12-04,0.0011473592875314576
2012-12-05,-0.0003058337817247181
2012-12-06,-0.008370177490990338
2012-12-07,-0.002006947798300629
2012-12-10,-0.0009276438513082796
2012-12-11,0.004783590635556001
2012-12-12,0.0035343870830255586
2012-12-13,0.002986791422017687
2012-12-14,0.004349325844415497
2012-12-17,0.0026612949593022295
2012-12-18,0.004167777790640037
2012-12-19,0.002718624238993439
2012-12-20,-0.002718624238993439
2012-12-21,-0.00439561147303813
2012-12-24,0.000986904616067319
2012-12-26,0.003711141457794054
2012-12-27,0.0
2012-12-28,-0.0006049606960060183
2012-12-31,-0.0025751737324323787
2013-01-02,0.0006823092641793926
2013-01-03,-0.0064626721796788855
2013-01-04,-0.004817075491997391
2013-01-07,0.003977669131900896
2013-01-08,-0.0023693976766882008
2013-01-09,0.0007649354002605135
2013-01-10,0.010799405284456054
2013-01-11,0.010010244278286617
2013-01-14,0.0011975152991585691
2013-01-15,-0.0020216397136617603
2013-01-16,-0.0027770498576711877
2013-01-17,0.003825817651755492
2013-01-18,-0.003976148379639333
2013-01-22,7.516818885788812e-05
2013-01-23,0.0003006162656036815
2013-01-24,0.005246208539986086
2013-01-25,0.005813536534375829
2013-01-28,0.00022292402098650355
2013-01-29,0.0018557701202356336
2013-01-30,0.005915426891577924
2013-01-31,0.0014734053055993068
2013-02-01,0.00791909109894734
2013-02-04,-0.01212403256088207
2013-02-05,0.003100091056758958
2013-02-06,-0.0030261675675365973
2013-02-07,-0.01085109123565392
2013-02-08,-0.0011963512717468316
2013-02-11,0.00358476858866702
2013-02-12,0.00268016837030266
2013-02-13,-0.00014870994153359796
2013-02-14,-0.008513231910446284
2013-02-15,0.002097693307417381
2013-02-19,0.0018692293004750615
2013-02-20,-0.0027677019575021444
2013-02-21,-0.010996570855311916
2013-02-22,-0.0028820649452616642
2013-02-25,0.0004556154684328684
2013-02-26,-0.0089987643010922
2013-02-27,0.0038229268976879838
2013-02-28,-0.0019096366036981949
2013-03-01,-0.006982036266415914
2013-03-04,0.0006157635662544791
2013-03-05,0.001768211108406137
2013-03-06,-0.002229998232751995
2013-03-07,0.008279716113353819
2013-03-08,-0.008125763376539863
2013-03-11,0.0016919176534702096
2013-03-12,0.0006913239127739335
2013-03-13,-0.005698459898863251
2013-03-14,0.0019287897041607716
2013-03-15,0.007831134071100532
2013-03-18,-0.009219487552881322
2013-03-19,-0.005262355434409727
2013-03-20,0.004799142270873469
2013-03-21,-0.0017002863668071355
2013-03-22,0.005246116028114423
2013-03-25,-0.008888260392903136
2013-03-26,-0.0017871716944558025
2013-03-27,-0.005928254491404994
2013-03-28,0.004683118143766596
2013-03-29,-0.0020266590458531686
2013-04-01,0.0031940197761083644
2013-04-02,-0.0016346868545013271
2013-04-03,0.0008565978018620635
2013-04-04,0.0005447258996219562
2013-04-05,0.013369079766332448
2013-04-08,-0.0014595739099722005
2013-04-09,0.0064368038334792765
2013-04-10,-0.002447232790649012
2013-04-11,0.0048884912505701705
2013-04-12,-0.0022885050799556494
2013-04-15,-0.0009168704798785399
2013-04-16,0.004499874122480041
2013-04-17,-0.007025611181391278
2013-04-18,0.0017610356375372116
2013-04-19,-0.0004591016990884156
2013-04-22,-0.001225302649856208
2013-04-23,-0.0029161251575974267
2013-04-24,-0.0011534470116534856
2013-04-25,0.0005384408422074438
2013-04-26,0.0015368068185255823
2013-04-29,0.0050547706616240196
2013-04-30,0.005941064012905506
2013-05-01,0.0018209413225837023
2013-05-02,-0.009597148838739133
2013-05-03,0.0035144050229699575
2013-05-06,-0.003437873434519456
2013-05-07,0.001376567975100107
2013-05-08,0.007006349581006044
2013-05-09,-0.005479048787745577
2013-05-10,-0.011512022761296259
2013-05-13,0.002004935896784077
2013-05-14,-0.0009248555572530792
2013-05-15,-0.008673484251492558
2013-05-16,0.003183850486073836
2013-05-17,-0.0062218275061505235
2013-05-20,0.0036600126516723175
2013-05-21,0.0034917591248436186
2013-05-22,-0.0035694924219405455
2013-05-23,0.006199647879525372
2013-05-24,-0.001855861961680083
2013-05-28,-0.003877476746420583
2013-05-29,0.005733338708100666
2013-05-30,0.007542558654874687
2013-05-31,-0.004149064730411101
2013-06-03,0.00843369255526244
2013-06-04,-0.0017575368448752293
2013-06-05,0.0009937699094045294
2013-06-06,0.012150817782512646
2013-06-07,-0.0004530011402494871
2013-06-10,-0.0006043209127867266
2013-06-11,0.003319254707100039
2013-06-12,0.005707435138709305
2013-06-13,-0.002999852257165203
2013-06-14,0.001201021012105452
2013-06-17,0.0008248660060518609
2013-06-18,0.0049349584227550425
2013-06-19,-0.00022378874436013163
2013-06-20,-0.014276296267370148
2013-06-21,-0.007672769058406803
2013-06-24,-0.001679133351325135
2013-06-25,-0.0008406251689092592
2013-06-26,-0.00567355658209262
2013-06-27,0.0007685804697766807
2013-06-28,-0.0004610773923228728
2013-07-01,0.003835831323871164
2013-07-02,-0.003297928363961644
2013-07-03,-0.0009222965837085151
2013-07-05,-0.01346978098773366
2013-07-08,0.0024908551836971826
2013-07-09,-0.006943117957180889
2013-07-10,0.0056206236962031975
2013-07-11,0.015449094538303565
2013-07-12,0.00015329194480845354
2013-07-15,-0.0006899988773774735
2013-07-16,0.008020514293631709
2013-07-17,-0.0038112707160674053
2013-07-18,-0.0012226808798153077
2013-07-19,0.004881779336591896
2013-07-22,0.0038731774259633256
2013-07-23,0.0014391216269036833
2013-07-24,0.0012102875910031674
2013-07-25,0.00045348047032134353
2013-07-26,0.0026412119644317333
2013-07-29,-0.0005276846076234798
2013-07-30,0.0003015681566883588
2013-07-31,0.001205364015157695
2013-08-01,-0.004905855342852206
2013-08-02,0.003851241309136222
2013-08-05,-0.0008294062680933023
2013-08-06,0.0029375232963796405
2013-08-07,0.002478874508788753
2013-08-08,0.004715401125238383
2013-08-09,-0.004040409537004852
2013-08-12,-0.001951220131261866
2013-08-13,-0.004894772376728251
2013-08-14,0.0006791684221372218
2013-08-15,0.0005279233879541545
2013-08-16,0.004363533857109914
2013-08-19,0.002024823519801766
2013-08-20,0.005826564627432251
2013-08-21,-0.004329334223467207
2013-08-22,-0.0004489337898069823
2013-08-23,0.0022426562438338515
2013-08-26,-0.0017189197461339734
2013-08-27,0.0013454928027751833
2013-08-28,-0.0045670726634152725
2013-08-29,-0.007381219020799079
2013-08-30,-0.002422041753211257
2013-09-03,-0.002427922285241524
2013-09-04,0.0036396764474496135
2013-09-05,-0.006987724012600116
2013-09-06,0.0034999655297419108
2013-09-09,0.007114235712031569
2013-09-10,0.0
2013-09-11,0.003087235613442707
2013-09-12,0.0010519988947362835
2013-09-13,-0.0029333254081673754
2013-09-16,0.005558490988530396
2013-09-17,0.0005242071487098765
2013-09-18,-0.00044930358701050777
2013-09-19,0.013096399699098926
2013-09-20,-0.00036969943857062537
2013-09-23,-0.00014791805366809463
2013-09-24,-0.0022214003951536165
2013-09-25,0.0034041326442029174
2013-09-26,-0.0038490054920530814
2013-09-27,0.003922879831834758
2013-09-30,-0.00014775413738460363
2013-10-01,-7.388525623075459e-05
2013-10-02,0.004276346559597133
2013-10-03,0.0036718848628968237
2013-10-04,-0.004407882540927943
2013-10-07,-0.0009576075277839546
2013-10-08,0.0009576075277839546
2013-10-09,-0.005093201635650746
2013-10-10,0.0016267380103154871
2013-10-11,0.0017716104139077204
2013-10-15,-0.00480539127493862
2013-10-16,-0.00029647198556909116
2013-10-17,0.012815966826549618
2013-10-18,0.00212011630388248
2013-10-21,-0.0015348075368068481
2013-10-22,0.007723171357714331
2013-10-23,0.0005804672924560328
2013-10-24,0.001739382957740676
2013-10-25,-0.001159252412101297
2013-10-28,-0.000580130545639379
2013-10-29,-0.0011612717228965952
2013-10-30,7.261900442534497e-05
2013-10-31,-0.01293641282054242
2013-11-01,-0.007828117664946788
2013-11-04,0.002073767592543796
2013-11-05,-0.0034091784297708427
2013-11-06,0.004444451760424073
2013-11-07,-0.010401282479615526
2013-11-08,-0.002467567708112739
2013-11-12,0.005301487122820081
2013-11-13,0.0020830241128036997
2013-11-14,0.0008913980682358491
2013-11-15,0.0008906041853329882
2013-11-18,0.0029629651306570803
2013-11-19,0.000665459006405078
2013-11-20,-0.0057820768947787204
2013-11-21,0.0014115376958281356
2013-11-22,0.0057001301763267564
2013-11-25,-0.0033272979789205626
2013-11-26,0.003917660330950035
2013-11-27,0.0005900140299490153
2013-11-29,0.0031653749422912436
2013-12-02,-0.003976734013170502
2013-12-03,0.0038297292352504897
2013-12-04,-0.0036083841943202466
2013-12-05,0.00800915409558528
2013-12-06,0.0019010022541434135
2013-12-09,0.0026262051860854174
2013-12-10,0.0028372941081277747
2013-12-11,0.002394515529346164
2013-12-12,-0.0033393860433687528
2013-12-13,-0.002038143084344801
2013-12-16,0.0024016604826551657
2013-12-17,-0.0006544264912710096
2013-12-18,0.0013084249885850219
2013-12-19,-0.007290787617585892
2013-12-20,0.000512088968357971
2013-12-23,0.002045737544027093
2013-12-24,-0.0018263510939168781
2013-12-26,0.001023167523302726
2013-12-27,0.00553614467581498
2013-12-30,0.0036255568682049266
2013-12-31,-0.0026816468326114062
2014-01-02,-0.007942043275907806
2014-01-03,-0.004692778812989129
2014-01-06,0.002202482352787527
2014-01-07,-0.0013209072148817613
2014-01-08,-0.0023525962916646215
2014-01-09,0.00036795820410001623
2014-01-10,0.005356828073003861
2014-01-13,-0.001244919790237331
2014-01-14,0.002561383082829549
2014-01-15,-0.005717233193857252
2014-01-16,-0.00029407440294265674
2014-01-17,-0.003388086028085213
2014-01-21,0.000442575798328404
2014-01-22,-0.00103298171953764
2014-01-23,0.009843611401692542
2014-01-24,0.0
2014-01-27,-7.310208709732091e-05
2014-01-28,-0.0012435537976495659
2014-01-29,7.319304669323179e-05
2014-01-30,-0.00837870549205677
2014-01-31,-0.00362305841991023
2014-02-03,0.0017022540468389358
2014-02-04,-0.0011838699125956698
2014-02-05,0.0008880338036412749
2014-02-06,0.006267763762680678
2014-02-07,0.0007348078808105951
2014-02-10,0.002201189530639691
2014-02-11,0.0007326544396891732
2014-02-12,-0.004551134626457676
2014-02-13,0.005649110800885093
2014-02-14,0.0015351441298415702
2014-02-18,0.004954833803464842
2014-02-19,0.0002906976764658342
2014-02-20,-0.005245531479930676
2014-02-21,0.002334744968341629
2014-02-24,0.0016019809732004675
2014-02-25,0.0003637289531970844
2014-02-26,-0.005908759942051256
2014-02-27,0.004088790743157877
2014-02-28,0.005957155285080562
2014-03-03,-0.0031194482838883264
2014-03-04,-0.0023277816577808585
2014-03-05,0.0002184598588699238
2014-03-06,0.008266307675423523
2014-03-07,0.0014432099488688732
2014-03-10,0.000864927255881387
2014-03-11,-0.0009370383069312038
2014-03-12,0.0026646517513090884
2014-03-13,0.001652833547918675
2014-03-14,-0.00021543212176244886
2014-03-17,0.00021543212176244886
2014-03-18,-0.0010057472112152688
2014-03-19,-0.00021564892438813432
2014-03-20,-0.009099506709722982
2014-03-21,-7.255051332671902e-05
2014-03-24,7.255051332671902e-05
2014-03-25,-0.0005079641631666187
2014-03-26,0.0006530494009981402
2014-03-27,-0.002469316382911979
2014-03-28,7.271405202258219e-05
2014-03-31,0.0017435529298912567
2014-04-01,0.001957870173295073
2014-04-02,-0.003119900952612331
2014-04-03,-0.003858900270782284
2014-04-04,-0.0002918429905435782
2014-04-07,0.0029873605953902316
2014-04-08,0.004138387581201108
2014-04-09,0.0010138316459672447
2014-04-10,0.005485794037450142
2014-04-11,0.00043181001030800914
2014-04-14,-0.005338732830435733
2014-04-15,-0.0013029317804159612
2014-04-16,0.0010135380582398934
2014-04-17,0.0008679300414656255
2014-04-18,-0.0011574075366119763
2014-04-21,-0.0018836490391669902
2014-04-22,0.0010147134305465988
2014-04-23,0.0007241654310241041
2014-04-24,0.0010129513925969946
2014-04-25,0.0007229090172411468
2014-04-28,0.00043349469647857575
2014-04-29,-0.002603791432025715
2014-04-30,0.004480099985668118
2014-05-01,-0.00021631755501305694
2014-05-02,-0.00021636435842220525
2014-05-05,0.0014415455862348825
2014-05-06,0.0028768719496526374
2014-05-07,-0.000502855511476219
2014-05-08,-0.003815562024411301
2014-05-09,-0.0073117204159094396
2014-05-12,-0.00021799949219802883
2014-05-13,-0.0035674021306795756
2014-05-14,0.0005104087026116533
2014-05-15,-0.00043747722170561776
2014-05-16,-0.0002917578430615686
2014-05-19,0.000583430588311451
2014-05-20,-0.0010212270199664863
2014-05-21,-0.0032895968844199874
2014-05-22,-0.00036617965182678125
2014-05-23,-0.0017595312457404644
2014-05-27,-0.000734052737945301
2014-05-28,-0.0016168152269053215
2014-05-29,0.0008822232596911173
2014-05-30,0.002348797321755469
2014-06-02,-0.0024957804924470306
2014-06-03,0.001322071437518113
2014-06-04,-0.0003670667735667932
2014-06-05,-7.34295260455542e-05
2014-06-06,0.001540888883963143
2014-06-09,-0.003672694006377597
2014-06-10,-0.0033908332651260698
2014-06-11,-0.0008125577547722918
2014-06-12,0.0017720028263428222
2014-06-13,-0.0025112650763186584
2014-06-16,0.004132847210969071
2014-06-17,-0.0025810272062209427
2014-06-18,0.0017705648299372045
2014-06-19,0.0038989272181948476
2014-06-20,-0.0024994499522561497
2014-06-23,0.0005151035840005869
2014-06-24,-0.000367904054773327
2014-06-25,0.0036729638001236076
2014-06-26,-0.0020551974350863644
2014-06-27,0.0015417939253312696
2014-06-30,0.004319028711651518
2014-07-01,-0.0006576303623804236
2014-07-02,-0.0018290234458376298
2014-07-03,-0.0033741688287647342
2014-07-07,-0.00044094951842565955
2014-07-08,0.0007348078808105951
2014-07-09,0.0011745706826815638
2014-07-10,-0.0022034529664348157
2014-07-11,-0.00014706963773858384
2014-07-14,0.0016165776170985469
2014-07-15,-0.003456775405538348
2014-07-16,-0.0031730831331313603
2014-07-17,0.0
2014-07-18,-0.0011092624542857754
2014-07-21,0.0006657051172286876
2014-07-22,-0.004000894423366985
2014-07-23,-0.0005940888337511718
2014-07-24,0.00044559971030661005
2014-07-25,-0.002751033371889866
2014-07-28,0.0006698671680653856
2014-07-29,-0.002234637801416417
2014-07-30,-0.002389130597370781
2014-07-31,0.0008965930068647876
2014-08-01,0.003429512046965122
2014-08-04,-0.0016387340725008137
2014-08-05,-0.00358476858866702
2014-08-06,-0.0008233225269542732
2014-08-07,0.0005240109413614524
2014-08-08,0.0037349711006964825
2014-08-11,-0.002015151631666212
2014-08-12,-0.002094084977347477
2014-08-13,0.0007483909943675759
2014-08-14,0.0006730733530097566
2014-08-15,0.0011954574047737254
2014-08-18,-0.0025420574436751386
2014-08-19,-0.002848791191201183
2014-08-20,-0.0027063615977429567
2014-08-21,0.0
2014-08-22,-0.0035443647828663494
2014-08-25,-0.002344666959254227
2014-08-26,-0.0012881229286318963
2014-08-27,0.00022743641354999733
2014-08-28,-0.0010618127656694676
2014-08-29,-0.002127013867854688
2014-09-02,-0.0019791435249183476
2014-09-03,0.0009139376112172748
2014-09-04,-0.016115765869368803
2014-09-05,0.002318214468379265
2014-09-08,-0.0006176652450850528
2014-09-09,-0.003016593539425627
2014-09-10,-7.746833485688942e-05
2014-09-11,0.0021668480850904337
2014-09-12,0.0014676917392675848
2014-09-15,-0.0003088087726232924
2014-09-16,0.0019284921316070625
2014-09-17,-0.0013881393452915836
2014-09-18,-0.0034788021632510824
2014-09-19,-0.0060587415414107
2014-09-22,-0.0004675810559006677
2014-09-23,0.002257952452291906
2014-09-24,-0.005458954521900067
2014-09-25,-0.0031328346425050224
2014-09-26,-0.004875373343384587
2014-09-29,0.0013391628296182956
2014-09-30,-0.005921615345578474
2014-10-01,-0.0007922047471274063
2014-10-02,0.004112628384429856
2014-10-03,-0.012149273987161147
2014-10-06,0.005973971329161026
2014-10-07,0.002696488270386349
2014-10-08,0.004504334139858651
2014-10-09,0.0
2014-10-10,-0.0037126311454536987
2014-10-14,0.0018975337761913402
2014-10-15,0.009277525464121417
2014-10-16,0.0026572895667600627
2014-10-17,-0.004458880153136835
2014-10-20,0.002192811592109878
2014-10-21,-0.004626189298987005
2014-10-22,-0.005200547533784017
2014-10-23,0.0
2014-10-24,0.0013421231241332876
2014-10-27,0.002914879757168004
2014-10-28,0.0027495205663692346
2014-10-29,0.0011760556453709603
2014-10-30,-0.011030682284107363
2014-10-31,-0.007315554254070933
2014-11-03,-0.0034376657749688178
2014-11-04,0.00535123676233204
2014-11-05,-0.005271156682209177
2014-11-06,-0.005943315221669854
2014-11-07,0.0006442261456501841
2014-11-10,0.00024147784558117835
2014-11-12,0.002491862549004853
2014-11-13,0.0016043642138596215
2014-11-14,0.0014417303258213443
2014-11-17,-0.003768899052537744
2014-11-18,0.006965321783643341
2014-11-19,0.0011163385259478353
2014-11-20,-0.00175480622521057
2014-11-21,-0.010593999563305284
2014-11-24,0.002659040283941677
2014-11-25,0.0036146069316179974
2014-11-26,0.002482483757387133
2014-11-28,-0.00521231283116505
2014-12-01,0.004172021455788849
2014-12-02,-0.008038628496435218
2014-12-03,-0.006965282877763074
2014-12-04,0.010349380862003599
2014-12-05,-0.010349380862003599
2014-12-08,-0.0009757684950498224
2014-12-09,0.009956774691891684
2014-12-10,0.000805153022562427
2014-12-11,-0.002256064126682583
2014-12-12,0.0069933165525231655
2014-12-15,-0.001122064716587795
2014-12-16,0.0027228334272302868
2014-12-17,-0.00786836656824974
2014-12-18,-0.009312939318081942
2014-12-19,-0.004566590338208776
2014-12-22,0.0013884920758938657
2014-12-23,-0.005893926688777917
2014-12-24,0.0006565988417117363
2014-12-29,-0.0007387040184892446
2014-12-30,-0.0004106270332407125
2014-12-31,-0.006014436255817324
2015-01-02,-0.007132224627483169
2015-01-05,-0.008106006863645099
2015-01-06,0.001509181136617882
2015-01-07,-0.009766031483452925
2015-01-08,-0.0007617113482419058
2015-01-09,0.0016073773605852493
2015-01-12,0.0001690474182032553
2015-01-13,-0.004489440431851288
2015-01-14,0.0022895918418502914
2015-01-15,-0.017775207364248896
2015-01-16,-0.0070084647674784895
2015-01-20,0.0036401496253598564
2015-01-21,0.0021604813312304794
2015-01-22,-0.014784163528844319
2015-01-23,-0.011898082456736653
2015-01-26,0.0009747885037909715
2015-01-27,0.007060929600874025
2015-01-28,-0.0024656581706083147
2015-01-29,-0.0030022097604924247
2015-01-30,-0.0015930616697732852
2015-02-02,0.0041543348738909
2015-02-03,0.010965503094084256
2015-02-04,-0.0038461585874784154
2015-02-05,0.0012253830854988823
2015-02-06,-0.008962365587651316
2015-02-09,-0.0012364216005942563
2015-02-10,0.0
2015-02-11,-0.001414927721025902
2015-02-12,0.009687438155689496
2015-02-13,-0.00017530020204414853
2015-02-17,-0.001140200974292599
2015-02-18,-0.004662013105811186
2015-02-19,0.004398705077783588
2015-02-20,-0.0017571608808666095
2015-02-23,-0.002288934884377841
2015-02-24,-0.0034432559512673905
2015-02-25,0.004940459982764003
2015-02-26,-0.013377829633330285
2015-02-27,-0.0013387480244819866
2015-03-02,-0.0006253629542259803
2015-03-03,0.001964110978707967
2015-03-04,-0.012745886581996324
2015-03-05,-0.005798168082978422
2015-03-06,-0.013814775307311997
2015-03-09,-0.0008294549113861682
2015-03-10,-0.012898615242735945
2015-03-11,-0.012310450066802404
2015-03-12,0.003680812045888958
2015-03-13,-0.00860973197717322
2015-03-16,0.004834361754295469
2015-03-17,0.0028328630843039992
2015-03-18,0.003576811042261499
2015-03-19,-0.002069225719504658
2015-03-20,0.01597194556605209
2015-03-23,0.012523183922979547
2015-03-24,-0.0018318378450921657
2015-03-25,0.007125269937086592
2015-03-26,-0.006117343888499396
2015-03-27,-0.0025676309383799306
2015-03-30,-0.00672534664431404
2015-03-31,-0.007143218833325304
2015-04-01,0.0025105782864619647
2015-04-02,0.009795845821356883
2015-04-03,0.01061114969180113
2015-04-06,0.0016365127754578712
2015-04-07,-0.014457201204519321
2015-04-08,-0.002953666537233224
2015-04-09,-0.013681631814807527
2015-04-10,-0.006864477563857371
2015-04-13,-0.0015108595886303977
2015-04-14,0.008469044691327823
2015-04-15,-0.00714691776344447
2015-04-16,0.013684720073444283
2015-04-17,0.0035312739975835172
2015-04-20,-0.0015782391986899486
2015-04-21,-0.0004646624311103048
2015-04-22,-0.002699308196441777
2015-04-23,0.006873517680238778
2015-04-24,0.006734653435376284
2015-04-27,0.0014700480412889183
2015-04-28,0.007955782441082332
2015-04-29,0.017605293784361542
2015-04-30,-0.0010744986707150878
2015-05-01,0.0028627681029258917
2015-05-04,-0.004386953631335566
2015-05-05,0.0025986841991247622
2015-05-06,0.015187467194848106
2015-05-07,-0.005479950075495996
2015-05-08,-0.0037293596766490023
2015-05-11,-0.008846056881036277
2015-05-12,0.008757092866921293
2015-05-13,0.011675349323208226
2015-05-14,-0.00035180299395379255
2015-05-15,0.005264093573727119
2015-05-18,-0.006496379619992221
2015-05-19,-0.018040924765309677
2015-05-20,-0.006477755444688829
2015-05-21,0.004233287114565568
2015-05-22,-0.008393929874932524
2015-05-26,-0.014332255007944786
2015-05-27,0.0011027385789407484
2015-05-28,0.0023851034148751893
2015-05-29,0.0073033006744284285
2015-06-01,-0.00739493030751584
2015-06-02,0.01968942615650074
2015-06-03,0.013830244982045603
2015-06-04,-0.0012413550095575349
2015-06-05,-0.0145674858153884
2015-06-08,0.011101277838902163
2015-06-09,0.004618945856294632
2015-06-10,0.0020362098133581835
2015-06-11,-0.006299093711110926
2015-06-12,0.003731016142993121
2015-06-15,-0.001064584912468039
2015-06-16,-0.0024884477825158763
2015-06-17,0.0005337603542791142
2015-06-18,0.014129518006140124
2015-06-19,-0.006068887090933339
2015-06-22,0.003786382368963309
2015-06-23,-0.016661144004621736
2015-06-24,-0.0010729614763275303
2015-06-25,0.0016090108057006947
2015-06-26,-0.003579101887964564
2015-06-29,0.0021489979617107385
2015-06-30,-0.002328289759591276
2015-07-01,-0.006295550966629884
2015-07-02,0.0005411743615436199
2015-07-06,-0.001263196053560317
2015-07-07,-0.011258517322567621
2015-07-08,0.010897310889165998
2015-07-09,-0.004253977542403989
2015-07-10,0.011274076573218036
2015-07-13,-0.011727694181359258
2015-07-14,-0.00045382347046213356
2015-07-15,-0.004549598384454831
2015-07-16,-0.006129095708944848
2015-07-17,-0.004598554962866944
2015-07-20,0.00018434878842878144
2015-07-21,0.007071710602139791
2015-07-22,-0.003942969667608431
2015-07-23,0.008417250062529441
2015-07-24,0.0
2015-07-27,0.012314534468513286
2015-07-28,-0.005142791142633066
2015-07-29,-0.002626694141917685
2015-07-30,-0.010209751403451733
2015-07-31,0.01039112439751018
2015-08-03,-0.006002746537625586
2015-08-04,-0.0008213552823152781
2015-08-05,-0.007790699777508153
2015-08-06,0.004956412165860721
2015-08-07,0.0032906793862620687
2015-08-10,0.003279886322244477
2015-08-11,0.004356514423384375
2015-08-12,0.014029007064848525
2015-08-13,-0.004833954449196834
2015-08-14,-0.0030556328259660065
2015-08-17,-0.0028844440406265576
2015-08-18,-0.004523666449361752
2015-08-19,0.002987914758566912
2015-08-20,0.01248837038093173
2015-08-21,0.013832460309675748
2015-08-24,0.019533233534124422
2015-08-25,-0.014789308270864832
2015-08-26,-0.001754386414893505
2015-08-27,-0.013345904922960838
2015-08-28,-0.00597922445319965
2015-08-31,0.0019672723862374925
2015-09-01,0.006145096596391744
2015-09-02,-0.0018662524856762203
2015-09-03,-0.012351360815434573
2015-09-04,0.00117006448702911
2015-09-08,0.005829874352975786
2015-09-09,-0.0015214573123323999
2015-09-10,0.008650341540305612
2015-09-11,0.006725689069685042
2015-09-14,-0.0027379129490037873
2015-09-15,-0.004165380241563876
2015-09-16,0.0039000226706821517
2015-09-17,0.0007074637719905463
2015-09-18,0.004058232301023798
2015-09-21,-0.01365148405737858
2015-09-22,-0.006357186651291952
2015-09-23,0.0024222862065947787
2015-09-24,0.008209933674445419
2015-09-25,-0.005346653264430359
2015-09-28,0.003923671878817148
2015-09-29,0.0008896006280128266
2015-09-30,-0.007497357503768107
2015-10-01,0.0033986259348070536
2015-10-02,0.006762794950817108
2015-10-05,-0.006762794950817108
2015-10-06,0.005875562171473309
2015-10-07,-0.0015101046618334057
2015-10-08,0.002929299507095584
2015-10-09,0.007153927618087669
2015-10-13,0.0016706972450601376
2015-10-14,0.004820553618147372
2015-10-15,-0.0016626562570122294
2015-10-16,-0.005092644249062195
2015-10-19,-0.003527340517968408
2015-10-20,0.003439308474247671
2015-10-21,-0.0012332630174793635
2015-10-22,-0.018234883732667045
2015-10-23,-0.011193473072784399
2015-10-26,0.0031721601802914973
2015-10-27,9.048545452491896e-05
2015-10-28,0.0012659374147479668
2015-10-29,-0.00935137778351501
2015-10-30,0.007180217169449915
2015-11-02,-0.00145006369436107
2015-11-03,-0.007282027445765435
2015-11-04,-0.007795701423827378
2015-11-05,0.0007363092831507989
2015-11-06,-0.011381108274420126
2015-11-09,0.0019523085269501778
2015-11-10,-0.007551427298000304
2015-11-12,0.0076442993667923675
2015-11-13,-0.004281067497025934
2015-11-16,-0.0013065797472399804
2015-11-17,-0.006934710575959409
2015-11-18,0.00037608123797926857
2015-11-19,0.010101095986503814
2015-11-20,-0.008035173568931187
2015-11-23,-0.0054557561720841655
2015-11-24,0.004705005386071361
2015-11-25,-0.0033853709217792557
2015-11-27,-0.0018857256200831146
2015-11-30,-0.0032139171250819207
2015-12-01,0.005476361529051385
2015-12-02,-0.004435434063403444
2015-12-03,0.030642676891699798
2015-12-04,-0.001652437721089292
2015-12-07,-0.0040508249094996646
2015-12-08,0.0033155307587239696
2015-12-09,0.009881141695445766
2015-12-10,-0.0032828772872373208
2015-12-11,0.004920283274833764
2015-12-14,0.0020883468796433213
2015-12-15,-0.010393966659948087
2015-12-16,0.0023800816801269886
2015-12-17,-0.01223510042271947
2015-12-18,0.003972108127711316
2015-12-21,0.006707426258678581
2015-12-22,0.005297299810938516
2015-12-23,-0.009426693152949861
2015-12-24,0.007329396072682057
2015-12-28,0.002552649758779127
2015-12-29,-0.006119019960116948
2015-12-30,-0.0003665017449857033
2015-12-31,-0.004868871866342758
2016-01-04,-0.005170355899915574
2016-01-05,-0.005569493650442542
2016-01-06,0.0017670313828225814
2016-01-07,0.009064903438561506
2016-01-08,0.0022993801807213304
2016-01-11,-0.0006432936857416888
2016-01-12,-0.0037761960599108496
2016-01-13,0.0023042546717953333
2016-01-14,0.0
2016-01-15,0.00934671882788582
2016-01-19,-0.0053040819366695635
2016-01-20,0.00018336847947224288
2016-01-21,-0.006899434019911763
2016-01-22,-0.001755440003617284
2016-01-25,0.0016631252101060867
2016-01-26,0.0012916322489497922
2016-01-27,0.0019343256618456345
2016-01-28,0.00779141390543317
2016-01-29,-0.011017371816228597
2016-02-01,0.005156549179245823
2016-02-02,0.001835199634177137
2016-02-03,0.013024456623303066
2016-02-04,0.013303566993911248
2016-02-05,-0.006090480089467651
2016-02-08,0.0034976045700205877
2016-02-09,0.011571112637185466
2016-02-10,-0.006926588389514474
2016-02-11,0.012398316806154913
2016-02-12,-0.011240548497642791
2016-02-16,-0.008491671138154397
2016-02-17,0.0
2016-02-18,-0.0043181067456064814
2016-02-19,0.00315045942203189
2016-02-22,-0.009844288125038764
2016-02-23,-0.0001815376241710437
2016-02-24,0.0004537822830513183
2016-02-25,0.00045357645808689895
2016-02-26,-0.008561852101670334
2016-02-29,-0.005871576501720238
2016-03-01,-0.0019341475060208196
2016-03-02,-0.0001843997792427554
2016-03-03,0.009452646899594921
2016-03-04,0.0056471595561559396
2016-03-07,-0.0005451076722604309
2016-03-08,0.0021786500992221625
2016-03-09,-0.0005442177005066523
2016-03-10,0.01262187690519824
2016-03-11,0.0016113153607112962
2016-03-14,-0.006550927541970217
2016-03-15,0.0004500652670596378
2016-03-16,-0.003335289520843346
2016-03-17,0.021527337508121427
2016-03-18,-0.0021231430480778274
2016-03-21,-0.002837887679698642
2016-03-22,-0.00284596421190815
2016-03-23,-0.004821007462679092
2016-03-24,-0.0009849130043617926
2016-03-25,8.957764148059821e-05
2016-03-28,0.004111921409992753
2016-03-29,-0.0005353796862063998
2016-03-30,0.011183217642052809
2016-03-31,0.005281702419175832
2016-04-01,-0.0004390779433877945
2016-04-04,8.7831013187184e-05
2016-04-05,-0.0010544816442822624
2016-04-06,0.004911428922111383
2016-04-07,-0.0038569472778291203
2016-04-08,0.0017550022054569903
2016-04-11,0.0005259006169063829
2016-04-12,-0.001490770653606005
2016-04-13,-0.01005476807486419
2016-04-14,-0.0016856677903565043
2016-04-15,0.0029259230875396947
2016-04-18,0.0023875856945017038
2016-04-19,0.004670229222545813
2016-04-20,-0.003963889797099107
2016-04-21,-0.0025628576619011467
2016-04-22,-0.0055013448418838595
2016-04-25,0.003109317123253283
2016-04-26,0.003895189060948781
2016-04-27,0.0003533568941362364
2016-04-28,0.00026493575462951946
2016-04-29,0.010190723349708969
2016-05-02,0.006533978031122656
2016-05-03,-0.0006949270606278757
2016-05-04,-0.0019135432471966696
2016-05-05,-0.007164731391679224
2016-05-06,0.0014895950180442707
2016-05-09,-0.0016649874590796698
2016-05-10,-0.001404248080500048
2016-05-11,0.005081044658973716
2016-05-12,-0.005608146489679111
2016-05-13,-0.007585817447539861
2016-05-16,0.0030059257007190587
2016-05-17,0.0007941760840975698
2016-05-18,-0.005395139783595487
2016-05-19,-0.0055135755503853134
2016-05-20,-0.0006244146315897842
2016-05-23,-0.0013393457067109316
2016-05-24,-0.004208270525347807
2016-05-25,0.0008072111295296946
2016-05-26,0.002686007524092579
2016-05-27,-0.003941950992316451
2016-05-31,-0.0004489337898071627
2016-06-01,0.0026905845827903535
2016-06-02,-0.0007167816810786376
2016-06-03,0.015386971428872354
2016-06-06,0.002116029708619488
2016-06-07,-0.00035236082112274913
2016-06-08,0.004395611473037991
2016-06-09,-0.006247545509098132
2016-06-10,-0.004245915268568198
2016-06-13,8.86406950010854e-05
2016-06-14,-0.006759186174691623
2016-06-15,0.002940523393037131
2016-06-16,-0.007233143112793439
2016-06-17,0.008744590388751361
2016-06-20,0.005493058908244142
2016-06-21,-0.004960151887905162
2016-06-22,0.0021287927145215296
2016-06-23,0.007679105655359078
2016-06-24,-0.021957413549205954
2016-06-27,-0.009209997381798701
2016-06-28,0.0027176391397683575
2016-06-29,0.005683114840406692
2016-06-30,-0.007675327760477205
2016-07-01,0.010190826346831577
2016-07-05,-0.005849285518694389
2016-07-06,-0.00027079478434213766
2016-07-07,-0.0010839130317826795
2016-07-08,-0.002443108485703574
2016-07-11,0.0006339718547710843
2016-07-12,0.002622181528694853
2016-07-13,0.0034255870512672343
2016-07-14,-0.0002700148524572843
2016-07-15,-0.004511014506362307
2016-07-18,0.0015360292154923127
2016-07-19,-0.005613414468425643
2016-07-20,-0.0006357567990349922
2016-07-21,0.0008173273850989454
2016-07-22,-0.00436681916634038
2016-07-25,0.0010934938213713885
2016-07-26,0.000364232384285304
2016-07-27,0.00036409976735746197
2016-07-28,0.009600653400015327
2016-07-29,0.0066481243869739165
2016-08-01,0.000716075934643956
2016-08-02,0.004374811673657414
2016-08-03,-0.004911820547208706
2016-08-04,-0.003228123319793358
2016-08-05,-0.004861808442178137
2016-08-08,-0.00018052170822577263
2016-08-09,0.0028844440406265576
2016-08-10,0.005475530937172679
2016-08-11,-0.0002685885686946332
2016-08-12,0.00035810206291363167
2016-08-15,0.002413840517626095
2016-08-16,0.006940764649594172
2016-08-17,-0.0012422361845910307
2016-08-18,0.006284040681867942
2016-08-19,-0.0007060900558141792
2016-08-22,-0.001060070770649374
2016-08-23,-0.00053045708961999
2016-08-24,-0.004609120019256063
2016-08-25,0.0015978698472953606
2016-08-26,-0.0032872847336179872
2016-08-29,-0.0049065623213116055
2016-08-30,-0.0028658446983258756
2016-08-31,-0.0003588087587831218
2016-09-01,0.00429723132182315
2016-09-02,-0.0032211910458312815
2016-09-06,0.007055175502428734
2016-09-07,8.89877642411413e-05
2016-09-08,0.0016004271220814853
2016-09-09,-0.003738322110607123
2016-09-12,0.0014257710488710662
2016-09-13,0.0010679958295315012
2016-09-14,0.002576290680058213
2016-09-15,-0.002220545389931522
2016-09-16,-0.007676552916845034
2016-09-19,0.0017010613350236237
2016-09-20,-0.0006263702052582976
2016-09-21,-0.0006267627908090601
2016-09-22,0.005715832298280377
2016-09-23,-0.0005344735562827635
2016-09-26,0.004179084017566087
2016-09-27,-0.005516519016979041
2016-09-28,-0.0007140307336569451
2016-09-29,0.0039208747432365465
2016-09-30,-0.0005337603542791142
2016-10-03,-0.00249465560593784
2016-10-04,0.00017839621847327847
2016-10-05,-0.0014280616493348025
2016-10-06,-0.0033998422298705117
2016-10-07,-0.00017925965809405253
2016-10-11,-0.008461658192756114
2016-10-12,-0.004348620732196648
2016-10-13,0.0021766741770197495
2016-10-14,-0.004813159180735882
2016-10-17,0.0013645669617970563
2016-10-18,-0.0002727644695733056
2016-10-19,-0.0028229313469405742
2016-10-20,-0.0029223765090492793
2016-10-21,-0.006238552343476117
2016-10-24,0.0020226172198336
2016-10-25,0.00018367159570413516
2016-10-26,0.0023846659012228683
2016-10-27,-0.0010999084518604207
2016-10-28,0.002747506078575934
2016-10-31,0.0025575461511172654
2016-11-01,0.0072714372379282105
2016-11-02,0.00694917285925932
2016-11-03,-0.0022509350880695056
2016-11-04,0.0024307912036622414
2016-11-07,-0.007491347819395547
2016-11-08,-0.00036245016707046884
2016-11-09,-0.007459326864091259
2016-11-10,-0.00641203992241407
2016-11-14,-0.014719080825725026
2016-11-15,0.0002797333227248233
2016-11-16,-0.002520421404263881
2016-11-17,-0.004027165358436141
2016-11-18,-0.005269112680011914
2016-11-21,-0.0002830589253224741
2016-11-22,0.0019797319687807832
2016-11-23,-0.005477395883364357
2016-11-25,0.003308913442147038
2016-11-28,-0.0017949086109319348
2016-11-29,0.0047165449194209175
2016-11-30,-0.004527455384963235
2016-12-01,0.005280042438358397
2016-12-02,0.003004697096263824
2016-12-05,0.005329855059598154
2016-12-06,-0.0005597015071485273
2016-12-07,0.0038183981201908163
2016-12-08,-0.012439949040570386
2016-12-09,-0.007937299537428347
2016-12-12,0.006147463441886061
2016-12-13,0.002730569937262173
2016-12-14,0.0019726651458330108
2016-12-15,-0.02672404768127134
2016-12-16,0.0077769102051588185
2016-12-19,-0.0011483254850384941
2016-12-20,-0.005183845725746455
2016-12-21,0.0033629625737291793
2016-12-22,0.002586579973500834
2016-12-23,-0.00028706760639219536
2016-12-27,0.0008609557139651614
2016-12-28,-0.006619681677544391
2016-12-29,0.009293480061946476
2016-12-30,0.006274381264672377
2017-01-03,-0.012972329948799884
2017-01-04,0.005743841179252036
2017-01-05,0.011578377425104862
2017-01-06,-0.0035920257924549476
2017-01-09,0.001514004831215103
2017-01-10,-0.00037828636728787224
2017-01-11,-0.0067385060181863465
2017-01-12,0.015590621454554122
2017-01-13,-0.003851397367929943
2017-01-17,0.00656662772388833
2017-01-18,-0.0012162606167902545
2017-01-19,-0.004879889563722088
2017-01-23,0.010294896726862172
2017-01-24,0.0008376379102077308
2017-01-25,-0.0005583473065210454
2017-01-26,-0.006818314370743414
2017-01-27,0.0018726597232918557
2017-01-30,-0.0008422629293953626
2017-01-31,0.01052396208889253
2017-02-01,-0.003340760345400068
2017-02-02,0.0040816383196485145
2017-02-03,-0.000926183265244726
2017-02-06,-0.005668369960464367
2017-02-07,-0.003828023908036521
2017-02-08,0.0016824006211522413
2017-02-09,-0.004680341783515465
2017-02-10,-0.0007508917191565156
2017-02-13,-0.004422912211772892
2017-02-14,-0.0024551475977452747
2017-02-15,0.0018891098467831297
2017-02-16,0.005927476544999505
2017-02-17,-0.004324534331995408
2017-02-21,-0.005953242245748107
2017-02-22,0.00037903914032901
2017-02-23,0.002932692135511762
2017-02-24,-0.0005669470056424222
2017-02-27,0.004150166303924674
2017-02-28,-0.0005649185725982303
2017-03-01,-0.00509867972659403
2017-03-02,-0.004744292037629584
2017-03-03,0.00360771301775719
2017-03-06,0.0032169580207824025
2017-03-07,-0.0003779289538557856
2017-03-08,-0.003312985187462862
2017-03-09,0.0036909141413186478
2017-03-10,0.007622490207549959
2017-03-13,0.00028120167031620014
2017-03-14,-0.0023457669682191568
2017-03-15,-0.001410105991586287
2017-03-16,0.010108659646521322
2017-03-17,0.00037243948288981366
2017-03-20,0.0011164869042186165
2017-03-21,0.005193853263630616
2017-03-22,-0.0009254975209428001
2017-03-23,-0.0012044287368820766
2017-03-24,0.0017598300285820295
2017-03-27,0.0070085126418596155
2017-03-28,-0.002760653267048385
2017-03-29,-0.008885656390067123
2017-03-30,-0.002793037845884694
2017-03-31,-0.0026138924516750095
2017-04-03,-0.004027542558478078
2017-04-04,0.0008443173258271958
2017-04-05,-0.0002813599080694479
2017-04-06,-0.0009384385073094997
2017-04-07,-0.0032914874311221268
2017-04-10,-0.0009424183149682394
2017-04-11,0.0007540056907648918
2017-04-12,-0.00028268551424993904
2017-04-13,0.0017889934624033196
2017-04-14,-0.00047047754337598696
2017-04-17,0.0032887039272180146
2017-04-18,0.004305913233490999
2017-04-19,9.340120494343018e-05
2017-04-20,0.004751930674917942
2017-04-21,-0.005966827324511176
2017-04-24,0.014113511892329178
2017-04-25,0.008720852075784019
2017-04-26,-0.006326523645810392
2017-04-27,-0.0007361060325021956
2017-04-28,0.002849397580242774
2017-05-01,0.0015591327045231251
2017-05-02,-0.0001833012561268249
2017-05-03,0.0009161704717796371
2017-05-04,0.004294793461312771
2017-05-05,0.002640806524927375
2017-05-08,-0.006203267474564955
2017-05-09,-0.004861725853686535
2017-05-10,-0.00018392495913535645
2017-05-11,-0.00036795143456250234
2017-05-12,0.00523056939247607
2017-05-15,0.004839087279069523
2017-05-16,0.00843504162271827
2017-05-17,0.0055840908860022576
2017-05-18,-0.00035932447386251287
2017-05-19,0.005376357036380397
2017-05-22,0.004102386918163323
2017-05-23,-0.003387718315295718
2017-05-24,-0.002056050427068981
2017-05-25,0.003840490586512618
2017-05-26,-0.004288018005035768
2017-05-30,0.0011631549649420148
2017-05-31,0.004728141195945834
2017-06-01,-0.001959911540516432
2017-06-02,0.004981330350204191
2017-06-05,-0.0017761994012557986
2017-06-06,0.0014212118220931214
2017-06-07,-0.002666431230525082
2017-06-08,-0.0016924245789108894
2017-06-09,-0.0024099623392524333
2017-06-12,0.0012503350740282887
2017-06-13,-0.0008929369286943545
2017-06-14,0.007387332780982775
2017-06-15,-0.011146399231982518
2017-06-16,0.003759066450999743
2017-06-19,-0.0030419635160028186
2017-06-20,-0.003231020581446517
2017-06-21,0.00170656169319848
2017-06-22,0.0004486115547848585
2017-06-23,0.004296462033505227
2017-06-26,0.0
2017-06-27,0.009246154065087775
2017-06-28,0.005647738273646771
2017-06-29,0.0049157402359225055
2017-06-30,-0.0007884017753214401
2017-07-03,-0.003863381747969158
2017-07-05,-0.0027309183161942086
2017-07-06,0.006419015225853059
2017-07-07,-0.0011401009785705074
2017-07-10,0.0
2017-07-11,0.002979061171057479
2017-07-12,-0.0016636753541766636
2017-07-13,-0.0022811029368396407
2017-07-14,0.005867687720165632
2017-07-17,0.0015705439054107262
2017-07-18,0.009371814515533483
2017-07-19,-0.005195716572332254
2017-07-20,0.010020816404089167
2017-07-21,0.0018034269991507035
2017-07-24,-0.0011160236381767552
2017-07-25,0.0012018200433600024
2017-07-26,-0.002061148101740129
2017-07-27,0.002061148101740129
2017-07-28,0.008372539297554993
2017-07-31,0.006106889208179533
2017-08-01,-0.002285715280856082
2017-08-02,0.005240924929356516
2017-08-03,0.001600606887360162
2017-08-04,-0.01066270574404013
2017-08-07,0.00288845668498966
2017-08-08,-0.005444042026802265
2017-08-09,0.002044990487727605
2017-08-10,0.000255330015430294
2017-08-11,0.005092957277906207
2017-08-14,-0.002118914213988521
2017-08-15,-0.004251345575041088
2017-08-16,-0.0028158216480515252
2017-08-17,0.0028158216480515252
2017-08-18,0.0010219724956931076
2017-08-21,0.0056022555486698045
2017-08-22,-0.004411272847279324
2017-08-23,0.003395012597212782
2017-08-24,-8.47349913653539e-05
2017-08-25,0.006166862204872087
2017-08-28,0.008302978886222862
2017-08-29,0.004333701257118239
2017-08-30,-0.008183078395292726
2017-08-31,-0.0027706663121301045
2017-09-01,-0.0013461216907335316
2017-09-05,0.0027743933050954905
2017-09-06,0.002682989787525847
2017-09-07,0.007091932439992954
2017-09-08,0.0010802277837992091
2017-09-11,-0.006415352142380398
2017-09-12,0.00033428046441996706
2017-09-13,-0.005866102466407591
2017-09-14,-0.0010090818212449282
2017-09-15,0.006122896042201398
2017-09-18,-0.001757543240212267
2017-09-19,0.003512002940845138
2017-09-20,0.001501376543598082
2017-09-21,-0.004343474920786988
2017-09-22,0.0019234795811191308
2017-09-25,-0.009823344179914623
2017-09-26,-0.006772799340092478
2017-09-27,-0.002125941529477371
2017-09-28,0.0024656731447714186
2017-09-29,0.0031370579798624676
2017-10-02,-0.005773001855506693
2017-10-03,0.0011912867304024743
2017-10-04,8.503762920214486e-05
2017-10-05,-0.004602411601451584
2017-10-06,0.00221862024617539
2017-10-10,0.006118305965488263
2017-10-11,0.003636213891929252
2017-10-12,-0.0005910415167625638
2017-10-13,-0.0002534104841030449
2017-10-16,-0.00228358876248555
2017-10-17,-0.004753022018812281
2017-10-18,0.0017850317120227388
2017-10-19,0.005673894207102875
2017-10-20,-0.0060986128373989035
2017-10-23,-0.0006799252344212303
2017-10-24,0.0003400204045001243
2017-10-25,0.0030549921927126578
2017-10-26,-0.008680166831266573
2017-10-27,-0.010309369658861256
2017-10-30,0.003964497134309769
2017-10-31,0.0018905221751712997
2017-11-01,-0.0025788718839894753
2017-11-02,0.004637191650143813
2017-11-03,-0.004809353138044287
2017-11-06,-0.00137835997012134
2017-11-07,-0.001984726888727556
2017-11-08,0.0012085636830166113
2017-11-09,0.004905556547722234
2017-11-13,0.0006865774385735046
2017-11-14,0.009222951798844803
2017-11-15,0.0025469068865638933
2017-11-16,-0.001867097207086027
2017-11-17,0.002290951746555775
2017-11-20,-0.004927792469707426
2017-11-21,0.0
2017-11-22,0.00407990366191574
2017-11-24,0.012392150151414566
2017-11-27,-0.0020967005626411073
2017-11-28,-0.0027743933050954905
2017-11-29,-0.001685204308492505
2017-11-30,0.003367573480537983
2017-12-01,0.0010080646014948846
2017-12-04,-0.00521930640171106
2017-12-05,-0.0023660649875456297
2017-12-06,-0.002710947102503747
2017-12-07,0.0001696496738312625
2017-12-08,-0.0024627416803801594
2017-12-11,0.0034800357660774994
2017-12-12,-0.006545694302633798
2017-12-13,0.0031506817054210157
2017-12-14,0.0013593884846148097
2017-12-15,0.0
2017-12-18,0.0022050725583138975
2017-12-19,0.001523745321484804
2017-12-20,0.004978283073972606
2017-12-21,-0.000757799051125635
2017-12-22,-0.0027835199955255074
2017-12-26,0.002362272253502967
2017-12-27,0.0029450145396581473
2017-12-28,0.004192175167801265
2017-12-29,0.0058396762265087165
2018-01-02,0.002326355319693829
2018-01-03,-0.0016611299500765009
2018-01-04,0.0028222812790126284
2018-01-05,-0.002074431312710845
2018-01-08,-0.005497265218182806
2018-01-09,-0.004268681936971802
2018-01-10,0.0030150776609778884
2018-01-11,0.006418560776322663
2018-01-12,0.007862651720923541
2018-01-16,0.009354298127207172
2018-01-17,-0.0012258408759331096
2018-01-18,0.0007356848331158683
2018-01-19,0.0
2018-01-22,-0.0006539153412677134
2018-01-23,0.003835643499621816
2018-01-24,0.009162102442348302
2018-01-25,0.007878487572079707
2018-01-26,-0.00529908907601967
2018-01-29,-0.005651100854690783
2018-01-30,0.0030717023586307457
2018-01-31,0.003062295889749711
2018-02-01,0.00433561498105034
2018-02-02,-0.002888320364825142
2018-02-05,-0.002252253204325011
2018-02-06,-0.0029839935041466314
2018-02-07,-0.00810968681030741
2018-02-08,-0.0035074875878982614
2018-02-09,-0.0009810334338151705
2018-02-12,0.00334789844408126
2018-02-13,0.007795410974175104
2018-02-14,0.0026656989007118603
2018-02-15,0.006913766586349401
2018-02-16,-0.003209760419023211
2018-02-20,-0.007583739452915239
2018-02-21,-0.0027572801508943534
2018-02-22,0.0009740260510329168
2018-02-23,-0.0022742050087733723
2018-02-26,-0.00016264129498319568
2018-02-27,-0.004646431836093368
2018-02-28,-0.0022903895493165405
2018-03-01,0.00040938306544646696
2018-03-02,0.007990258572687092
2018-03-05,0.001298490687234588
2018-03-06,0.006870101783876953
2018-03-07,-0.0014509111041201561
2018-03-08,-0.006717681366991385
2018-03-09,0.0009740260510329168
2018-03-12,-0.0006492452751998001
2018-03-13,0.006473562014876116
2018-03-14,-0.0029079180426460904
2018-03-15,-0.0033221275945503614
2018-03-16,-0.0033332009235348126
2018-03-19,0.003982288167419384
2018-03-20,-0.004715455892004949
2018-03-21,-0.0002445087424058079
2018-03-22,0.003417693944357203
2018-03-23,0.004053511833182477
2018-03-26,0.006451635281488677
2018-03-27,-0.002414488094517442
2018-03-28,-0.004765567760638523
2018-03-29,-0.004381701265567195
2018-03-30,0.001868627915063481
2018-04-02,-0.002600781700057425
2018-04-03,-0.0021996831550663565
2018-04-04,0.002525151017988364
2018-04-05,-0.005056694569157222
2018-04-06,0.003591254267824251
2018-04-09,0.0037407541384683884
2018-04-10,0.0014599726820732073
2018-04-11,0.0037213860599243642
2018-04-12,-0.0051813587419975715
2018-04-13,0.00016232448700523316
2018-04-16,0.004130396639459827
2018-04-17,-0.0022655564346959756
2018-04-18,0.0028311444593072665
2018-04-19,-0.003560450435476342
2018-04-20,-0.004387040913766266
2018-04-23,-0.005388207990876109
2018-04-24,0.00081826369020227
2018-04-25,-0.0039337864201512696
2018-04-26,-0.005351789151717162
2018-04-27,-0.0004128648751928754
2018-04-30,-0.0028120107852378506
2018-05-01,-0.0061477305862341625
2018-05-02,-0.002670228555878784
2018-05-03,0.00016709833776035188
2018-05-04,-0.0020070252597675087
2018-05-07,-0.0015917567135822763
2018-05-08,-0.005380424917565907
2018-05-09,-0.0009276829676473086
2018-05-10,0.003705579446535101
2018-05-11,0.004612747726890021
2018-05-14,0.0020896902325832634
2018-05-15,-0.009396042281696354
2018-05-16,-0.006426539960182526
2018-05-17,0.0008479607054351357
2018-05-18,-0.0019513856784020567
2018-05-21,-0.000594656603344984
2018-05-22,0.0012738314320671351
2018-05-23,-0.007667442573022154
2018-05-24,0.0030740353811866405
2018-05-25,-0.005385779207922131
2018-05-29,-0.00990661502490267
2018-05-30,0.009735161959759153
2018-05-31,0.0005142710321622279
2018-06-01,0.0007709109979636697
2018-06-04,0.0014545457109943483
2018-06-05,-0.0020540917869381337
2018-06-06,0.00904057330189445
2018-06-07,0.0031365261164921776
2018-06-08,-0.0035611365428113995
2018-06-11,0.0024602345389171942
2018-06-12,-0.0008476731879961397
2018-06-13,-0.0006786562866517576
2018-06-14,-0.012810833671759309
2018-06-15,-0.0015483874061295033
2018-06-18,-0.0008612523140236472
2018-06-19,-0.002501834544825249
2018-06-20,0.0012948337947899236
2018-06-21,0.0006898930939376324
2018-06-22,0.0025828684182541972
2018-06-25,0.005487923222905644
2018-06-26,-0.0016260861985177566
2018-06-27,-0.007479723647856984
2018-06-28,-0.0005179111035060469
2018-06-29,0.008168926289979839
2018-07-02,-0.006271228834420134
2018-07-03,0.004213791331968614
2018-07-05,0.0037687410774436547
2018-07-06,0.0034990434675727933
2018-07-09,0.0005110297360171323
2018-07-10,-0.0013633267278641281
2018-07-11,-0.0005117270900583115
2018-07-12,-0.0025625708052378904
2018-07-13,-0.0021405034072795315
2018-07-16,0.003678833767906009
2018-07-17,-0.003936002343323586
2018-07-18,-0.0016302719299980117
2018-07-19,-0.003527037077146744
2018-07-20,0.0089225025704818
2018-07-23,-0.0005126014635951914
2018-07-24,-0.0015393828405496357
2018-07-25,-0.0005992894319168385
2018-07-26,-0.001971626372695351
2018-07-27,0.0005147122014638184
2018-07-30,0.004961940200250592
2018-07-31,-0.001024590253567631
2018-08-01,-0.003422902537583289
2018-08-02,-0.004639582169062462
2018-08-03,-0.001292602187817321
2018-08-06,-0.0028496198204664425
2018-08-07,0.0028496198204664425
2018-08-08,8.622547968265004e-05
2018-08-09,-0.0027629097182222118
2018-08-10,-0.014544127481385144
2018-08-13,-0.00026321561897962864
2018-08-14,-0.003956570862459485
2018-08-15,-0.0016752638049322144
2018-08-16,0.004929587447521033
2018-08-17,0.0019299944581931405
2018-08-20,0.0024509816191400913
2018-08-21,0.008358049700096487
2018-08-22,0.005274775514274077
2018-08-23,-0.0024177543942304203
2018-08-24,0.005001735160155563
2018-08-27,0.004377501518448207
2018-08-28,0.003761331156998199
2018-08-29,-0.001793416083402083
2018-08-30,-0.004540594650536134
2018-08-31,-0.004302562355519235
2018-09-04,-0.0025904513233824533
2018-09-05,0.004657991687738505
2018-09-06,0.00034417484421678246
2018-09-07,-0.004483539154093219
2018-09-10,0.0027614791452690024
2018-09-11,-0.0011209313525497033
2018-09-12,0.0030150343725509343
2018-09-13,0.003948841941325637
2018-09-14,-0.0013717423275808327
2018-09-17,0.0026560440581163136
2018-09-18,0.000513259207161415
2018-09-19,-0.0006844041673600698
2018-09-20,0.0050365038813385
2018-09-21,-0.0004258399757748055
2018-09-24,0.0028921421996747076
2018-09-25,-0.0002548528238743575
2018-09-26,-0.0010200612921222318
2018-09-27,-0.007512413681598523
2018-09-28,-0.004121592645550898
2018-10-01,-0.00474363733964922
2018-10-02,-0.0006053530690331987
2018-10-03,-0.0030322743615190384
2018-10-04,-0.0014761431934107727
2018-10-05,-0.0005215123977391767
2018-10-09,-0.0017403415461171856
2018-10-10,0.00512532069282251
2018-10-11,0.0020773832451349006
2018-10-12,-0.0005189413712723967
2018-10-15,0.003023368605410942
2018-10-16,-8.625522927674378e-05
2018-10-17,-0.004582206608310935
2018-10-18,-0.003994100994403671
2018-10-19,0.0016516716059776226
2018-10-22,-0.004003486635360015
2018-10-23,0.0011330458352529216
2018-10-24,-0.00795841359920621
2018-10-25,-0.001317928407606167
2018-10-26,0.0012301205311832375
2018-10-29,0.00017560804329963542
2018-10-30,-0.0022853134671492192
2018-10-31,-0.0028198820236714495
2018-11-01,0.0056318346673917
2018-11-02,-0.0015807503072062246
2018-11-05,0.0014052347297482115
2018-11-06,0.0015785322930497447
2018-11-07,0.004110014093057529
2018-11-08,-0.003759567269775832
2018-11-09,-0.008003208805437478
2018-11-13,-0.0032724568185848596
2018-11-14,0.0021238946037040185
2018-11-15,0.0010602580954363061
2018-11-16,0.006864411359736991
2018-11-19,0.004026263644759609
2018-11-20,-0.004991472336374869
2018-11-21,0.0001755617982037161
2018-11-23,-0.005368549747708562
2018-11-26,0.0003529204201091485
2018-11-27,-0.004863607765595912
2018-11-28,0.00044312492416502536
2018-11-29,0.008470140633983866
2018-11-30,-0.005197104849029688
2018-12-03,0.0029101832788221427
2018-12-04,-0.0009691203789196079
2018-12-06,0.0025529306528028206
2018-12-07,0.001405728574482873
2018-12-10,-0.0019333866642912423
2018-12-11,-0.0047614938738356205
2018-12-12,0.004233557213971312
2018-12-13,-0.00035211267969451066
2018-12-14,-0.005119615736945929
2018-12-17,0.0034453852714078775
2018-12-18,0.0022023530022388937
2018-12-19,0.005090856250729692
2018-12-20,0.0008751203848950118
2018-12-21,-0.002627662018176047
2018-12-26,0.0005260850625499192
2018-12-27,0.0003505696793134061
2018-12-28,0.0028875200532765266
2018-12-31,0.0009606568137596749
2019-01-02,-0.00867931630878055
2019-01-03,0.0036913383451322446
2019-01-04,0.0009645316193428455
2019-01-07,0.005070384147139145
2019-01-08,-0.002094972833259545
2019-01-09,0.00696624203441823
2019-01-10,-0.0006076125355118089
2019-01-11,-0.0033049256034106966
2019-01-15,-0.0076079244137396695
2019-01-16,0.0014035090023201968
2019-01-17,-0.001930333143049967
2019-01-18,-0.0021100763939549405
2019-01-22,-0.000264072885650779
2019-01-23,0.00272539620980633
2019-01-24,-0.005988041844622538
2019-01-25,0.007479466431292603
2019-01-28,0.0027139434473635315
2019-01-29,-0.001224739895895749
2019-01-30,-0.0005253480551612455
2019-01-31,0.003147956429598142
2019-02-01,0.0017445922080137621
2019-02-04,-0.00314246068655491
2019-02-05,-0.0028016127587772166
2019-02-06,-0.0022821040361623857
2019-02-07,-0.002023134788675579
2019-02-08,-0.002733326217895904
2019-02-11,-0.004335714441462732
2019-02-12,0.0034524001891701322
2019-02-13,-0.0024774388888077897
2019-02-14,-0.0003544214107629867
2019-02-15,-0.0014189431256237395
2019-02-19,0.005310686937237796
2019-02-21,0.0008823789507479141
2019-02-22,0.00035273368972446595
2019-02-25,0.0002644686399687346
2019-02-26,0.0025529306528028206
2019-02-27,-0.0003517411221632405
2019-02-28,0.0007912436124268285
2019-03-01,-0.0002636783139864929
2019-03-04,-0.00422833610952103
2019-03-05,-0.0024748112330691824
2019-03-06,0.0017683470567419896
2019-03-07,-0.009408075073556038
2019-03-08,0.002582715066141883
2019-03-11,-0.001513196247615034
2019-03-12,0.0044440567318584645
2019-03-13,0.0030107168761630276
2019-03-14,-0.000530644745802708
2019-03-15,0.0019443223093869172
2019-03-18,0.0009707453438482505
2019-03-19,0.0007935458689139474
2019-03-20,0.0005286809533660286
2019-03-21,0.0007924977300260427
2019-03-22,-0.006977902269983127
2019-03-25,0.0037158319318687932
2019-03-26,-0.0038931211797404858
2019-03-27,-0.002663117419483607
2019-03-28,-0.0012452194084319607
2019-03-29,-0.0007122507423611008
2019-04-01,-0.0016044214155675335
2019-04-02,-0.002143240684672282
2019-04-03,0.0049937681804870515
2019-04-04,-0.002315434287649104
2019-04-05,8.915437085207922e-05
2019-04-08,0.00400374216934056
2019-04-09,0.0014196985525634503
2019-04-10,-0.001064584912468039
2019-04-11,-0.00035511364009541135
2019-04-12,0.0037224185497995305
2019-04-15,0.0
2019-04-16,-0.0009735806406931946
2019-04-17,0.00035413900325846626
2019-04-18,-0.004969395265131557
2019-04-19,0.00044470139034991085
2019-04-22,0.001066477171824759
2019-04-23,-0.004005167563091133
2019-04-24,-0.0018745821155636
2019-04-25,-0.004657002864041984
2019-04-26,0.0012559434682238718
2019-04-29,0.001075268920806824
2019-04-30,0.003129613141433771
2019-05-01,0.004009449840407492
2019-05-02,-0.0055283243785555075
2019-05-03,0.0001788109079417649
2019-05-06,0.0009828888786635737
2019-05-07,-0.0016983244305535106
2019-05-08,0.0025017882955864906
2019-05-09,0.0019613093565432616
2019-05-10,0.0011571499800240165
2019-05-13,-0.0008009611962048052
2019-05-14,-0.0022282642135643266
2019-05-15,8.922596481493461e-05
2019-05-16,-0.0026802481871995715
2019-05-17,-0.0010741139593375831
2019-05-20,0.00035816619294058716
2019-05-21,-0.001074883657772821
2019-05-22,-0.00017925965809405253
2019-05-23,0.0014331783176878415
2019-05-24,0.0022352371951295386
2019-05-28,-0.0017877898745854437
2019-05-29,-0.0036749918114106356
2019-05-30,0.00035913090707428985
2019-05-31,0.0008075732862963814
2019-06-03,0.005099541357658388
2019-06-04,0.0026735600989043623
2019-06-05,0.0005338553378861355
2019-06-06,0.004614846670761605
2019-06-07,0.0026527559990083133
2019-06-10,-0.0011486637004092248
2019-06-11,0.00044194989007668994
2019-06-12,-0.0005303633112916095
2019-06-13,-0.00309940473928709
2019-06-14,-0.005157400725655709
2019-06-17,0.0016034209742061545
2019-06-18,-0.0034773339840854234
2019-06-19,0.0016064260482737264
2019-06-20,0.006222795438269174
2019-06-21,0.003891743811614057
2019-06-24,0.005721594764614701
2019-06-25,-0.0006146011870885038
2019-06-26,0.0003512469302006105
2019-06-27,-0.0015815836703374497
2019-06-28,0.00017585509585457682
2019-07-01,-0.0059080459314998085
2019-07-02,-0.0005307855750942975
2019-07-03,-0.002303331989271809
2019-07-05,-0.005246555096507788
2019-07-08,-0.0007135212575283129
2019-07-09,0.00017842804936264722
2019-07-10,0.004450385627475684
2019-07-11,8.880600334437716e-05
2019-07-12,-0.000621807703801408
2019-07-15,0.0005330017004570309
2019-07-16,-0.004271989409002405
2019-07-17,0.0017822139809134663
2019-07-18,-0.00035618878381921126
2019-07-19,-0.0007127584050857227
2019-07-22,-0.0005349023930696084
2019-07-23,-0.0051855279362382906
2019-07-24,-0.0013454726880628987
2019-07-25,0.0013454726880628987
2019-07-26,-0.003142256928537465
2019-07-29,0.0018865387619188267
2019-07-30,0.0005383580210779754
2019-07-31,-0.0016159443322483341
2019-08-01,-0.006128353714967116
2019-08-02,0.004509793879556273
2019-08-05,0.0076202798260172205
2019-08-06,-8.931362485281591e-05
2019-08-07,0.0035663375887901583
2019-08-08,-0.0023166721579286342
2019-08-09,0.0010699002447117772
2019-08-12,-0.0008915040262384988
2019-08-13,-0.0026792906980881853
2019-08-14,-0.003404106126949011
2019-08-15,-0.003415733658089143
2019-08-16,-0.0013515341968109579
2019-08-19,0.0004507143899258603
2019-08-20,-0.0003605552589988209
2019-08-21,0.0005407841501778449
2019-08-22,-0.0008112859326306066
2019-08-23,0.005306483648622989
2019-08-26,-0.0032345041676591774
2019-08-27,-0.0016211838189998662
2019-08-28,-0.0009017946323107151
2019-08-29,-0.00225805090750901
2019-08-30,-0.0063498036284360265
2019-09-03,-0.00191283020477373
2019-09-04,0.0051834790728964575
2019-09-05,0.0011784436843997187
2019-09-06,0.00036231884454349106
2019-09-09,0.0012670831634610663
2019-09-10,-0.0012670831634610663
2019-09-11,-0.0037200061045542104
2019-09-12,0.006613840643476657
2019-09-13,0.0
2019-09-16,-0.006159439763208305
2019-09-17,0.005165628415206791
2019-09-18,-0.00018079913265664493
2019-09-19,-0.0013570364411213953
2019-09-20,-0.003809528416667679
2019-09-23,-0.00118208697556485
2019-09-24,0.0007276034882163912
2019-09-25,-0.004556231683691861
2019-09-26,-0.0010051629667067463
2019-09-27,0.00036563071705315864
2019-09-30,-0.0033871959880418384
2019-10-01,0.002472868412229129
2019-10-02,0.00173650822780054
2019-10-03,0.003645979793141227
2019-10-04,-0.001547917449979716
2019-10-07,0.0009108298288863781
2019-10-08,-0.003191540574382132
2019-10-09,0.002645142236409742
2019-10-10,0.0036370289228271208
2019-10-11,0.0019041579856900331
2019-10-15,-0.00027180068117514666
2019-10-16,0.003527659576159692
2019-10-17,0.004863998060088803
2019-10-18,0.0023335138932076976
2019-10-21,-0.0008968610466635468
2019-10-22,-0.0006282816703554461
2019-10-23,-0.0017972686361991397
2019-10-24,-0.001800504627568228
2019-10-25,-0.0015329819495209368
2019-10-28,0.001172491678854276
2019-10-29,0.0020710466184351017
2019-10-30,0.0005395683584144412
2019-10-31,0.0028727912746034784
2019-11-01,0.001254255674193766
2019-11-04,-0.00224084708118491
2019-11-05,-0.006662489756959128
2019-11-06,0.0005418585881698385
2019-11-07,-0.002802768436634809
2019-11-08,-0.0023567813664404913
2019-11-12,-0.00018152114771224914
2019-11-13,-0.0011806912955996396
2019-11-14,0.0010899183640254995
2019-11-15,0.0027196100526421796
2019-11-18,0.0029830530595401084
2019-11-19,-0.00036110860733666594
2019-11-20,-0.0010841088784254022
2019-11-21,0.0003615002298744119
2019-11-22,-0.003439539958638424
2019-11-25,-0.001815047235743772
2019-11-26,0.00027246719209475523
2019-11-27,-0.0009085128270944348
2019-11-29,0.001543981052373633
2019-12-02,0.005069260425559233
2019-12-03,0.0012633100398795338
2019-12-04,-0.0011730206623634665
2019-12-05,0.002524798455733404
2019-12-06,-0.004693996703278677
2019-12-09,0.0013563002214782155
2019-12-10,0.0020760940796273747
2019-12-11,0.0001803263912559111
2019-12-12,0.0020714196626282766
2019-12-13,0.0011689072049819588
2019-12-16,0.0009880092419108227
2019-12-17,0.0008076457566491696
2019-12-18,-0.0031445154161923866
2019-12-19,0.0013488604176323943
2019-12-20,-0.0046838493124264635
2019-12-23,0.0013533633138891887
2019-12-24,-0.0006313416218724915
2019-12-26,0.0016226452672375852
2019-12-27,0.006464378768987367
2019-12-30,0.003840833626129303
2019-12-31,0.0008911068135561556
2020-01-02,-0.005448144588473702
2020-01-03,0.0006267066770320878
2020-01-06,0.0012522362995926323
2020-01-07,-0.004389704697316685
2020-01-08,-0.0018872169159989266
2020-01-09,-0.0009899654320623674
2020-01-10,0.0011698539016967713
2020-01-13,0.0017073284463645227
2020-01-14,-0.0007185198800233189
2020-01-15,0.0026917916657115126
2020-01-16,-0.0026019484420762296
2020-01-17,-0.0034197297545662114
2020-01-21,0.00027040425600785567
2020-01-22,-0.000991839944255557
2020-01-23,-0.003977226611274809
2020-01-24,-0.0013594962895081553
2020-01-27,-0.000635064661851828
2020-01-28,-0.0009987743146521871
2020-01-29,-0.0003634381286597016
2020-01-30,0.002541297428672498
2020-01-31,0.004522029954157333
2020-02-03,-0.0018063588726716373
2020-02-04,-0.0017190685074925244
2020-02-05,-0.0033561644274267416
2020-02-06,-0.0024562213849716324
2020-02-07,-0.002644900990085644
2020-02-10,-0.0031098534164178543
2020-02-11,9.160445204041412e-05
2020-02-12,-0.0022008261978239962
2020-02-13,-0.004139649902268616
2020-02-14,-0.0008299903644268108
2020-02-18,-0.0022166814285909386
2020-02-19,-0.0019436352085710207
2020-02-20,0.0002778935685524564
2020-02-21,0.005357485565251646
2020-02-24,0.00018422991946009937
2020-02-25,0.001012658314386114
2020-02-26,0.0017467253349416761
2020-02-27,0.008232757806136387
2020-02-28,0.002184003052119368
2020-03-02,0.014708137916777067
2020-03-03,0.0009848248255566877
2020-03-04,-0.0040349752121790206
2020-03-05,0.006448168500187174
2020-03-06,0.010390395862642385
2020-03-09,0.008883474577581055
2020-03-10,-0.006853554636027714
2020-03-11,-0.005481403521923611
2020-03-12,-0.017799316115724273
2020-03-13,-0.0013545854782704425
2020-03-16,0.0065751193871345925
2020-03-17,-0.015197036027698799
2020-03-18,-0.012658396871923508
2020-03-19,-0.012446751806960754
2020-03-20,-0.001590197238890964
2020-03-23,0.007275472816059822
2020-03-24,0.0031548694628125568
2020-03-25,0.003791210791871308
2020-03-26,0.01738378634458744
2020-03-27,0.003079154760313299
2020-03-30,-0.003714277042698333
2020-03-31,-0.0001815376241710437
2020-04-01,-0.0074715609535461885
2020-04-02,-0.0066067408601538785
2020-04-03,-0.006002141847650147
2020-04-06,0.0010182828928942816
2020-04-07,0.007190959354110585
2020-04-08,-0.002022989195667957
2020-04-09,0.006148218495358029
2020-04-10,0.0018279869819236988
2020-04-13,-0.004117679789752235
2020-04-14,0.005942331331483988
2020-04-15,-0.0056672912197341385
2020-04-16,-0.006345140604119462
2020-04-17,0.003958942702424417
2020-04-20,-0.0008273199901957934
2020-04-21,-0.001840943082515839
2020-04-22,-0.0023059549949706604
2020-04-23,-0.0012936612412203508
2020-04-24,-0.0015731276089266805
2020-04-27,0.0028667888501470312
2020-04-28,0.000646203576606233
2020-04-29,0.0015676152410292465
2020-04-30,0.007435661008929631
2020-05-01,0.005836237612815598
2020-05-04,-0.007941983412661419
2020-05-05,-0.006159523036542519
2020-05-06,-0.003510396214545089
2020-05-07,0.0008325239831479675
2020-05-08,0.003599616236191011
2020-05-11,-0.003322262191977704
2020-05-12,0.004243157367105038
2020-05-13,-0.002488365875482096
2020-05-14,-0.00342007081068417
2020-05-15,0.0014803851704340981
2020-05-18,0.00810317509362335
2020-05-19,0.003021841958857102
2020-05-20,0.003923899728296029
2020-05-21,-0.00246204473977521
2020-05-22,-0.005401212380126794
2020-05-26,0.006952095325656202
2020-05-27,-9.116185794179332e-05
2020-05-28,0.009075295974289854
2020-05-29,0.0034271317814960622
2020-06-01,0.0014394964249093145
2020-06-02,0.00385841027827645
2020-06-03,0.007139062981841263
2020-06-04,0.0067352257444582425
2020-06-05,-0.0022105318696765963
2020-06-08,-0.00035413900325846626
2020-06-09,0.004858452205071764
2020-06-10,0.0006166586109168093
2020-06-11,0.0020234907709338334
2020-06-12,-0.011046906560595648
2020-06-15,0.001509568283824994
2020-06-16,-0.0009765192306915582
2020-06-17,-0.003559039258165836
2020-06-18,-0.0002674392705933337
2020-06-19,-0.002410177466650093
2020-06-22,0.006325469885960111
2020-06-23,0.00549111290292402
2020-06-24,-0.004425961018089175
2020-06-25,-0.004534751913649784
2020-06-26,-0.0005348547105576973
2020-06-29,0.001959736953593652
2020-06-30,0.0
2020-07-01,0.0019559038952281366
2020-07-02,-0.0019559038952281366
2020-07-06,0.006210098027342861
2020-07-07,-0.0007077767259989903
2020-07-08,0.002651583664242438
2020-07-09,-0.002740090988281263
2020-07-10,0.0017686598172617224
2020-07-13,0.004056085271609555
2020-07-14,0.003689068742405599
2020-07-15,0.0
2020-07-16,0.0023643778254856807
2020-07-17,0.00043723493329153595
2020-07-20,0.000349650353212716
2020-07-21,0.004621362368807752
2020-07-22,0.007971621799780476
2020-07-23,0.003102113646645671
2020-07-24,0.0010319030926840278
2020-07-27,0.009835443835912977
2020-07-28,-0.0014478561486812314
2020-07-29,0.0031485368306986283
2020-07-30,0.0017826073223509153
2020-07-31,0.0026256738076413655
2020-08-03,-0.006108961812009678
2020-08-04,0.001360775852096291
2020-08-05,0.011156302323449607
2020-08-06,-0.0035362502119828387
2020-08-07,-0.006770506567210649
2020-08-10,-0.0016998134298495116
2020-08-11,0.0006802721350775975
2020-08-12,0.0027164702612813008
2020-08-13,0.0018633019704530074
2020-08-14,0.0012684454789390065
2020-08-17,0.003037720671946381
2020-08-18,0.004958618388069158
2020-08-19,-0.002518258696723452
2020-08-20,-0.003030305349179113
2020-08-21,-0.00736137351405336
2020-08-24,0.00237509654445045
2020-08-25,0.0012700564765509292
2020-08-26,-0.00042317295709992653
2020-08-27,0.0009307442394629883
2020-08-28,0.006491065994456868
2020-08-31,0.004108848177216989
2020-09-01,-8.368550990278667e-05
2020-09-02,-0.009163963411757375
2020-09-03,-0.0006759040473608702
2020-09-04,-0.0010147134305465988
2020-09-08,-0.002626118667961641
2020-09-09,0.0017797368992805151
2020-09-10,0.005909683725227849
2020-09-11,-0.004133108662973034
2020-09-14,0.0036279305769578996
2020-09-15,-0.002360877993710181
2020-09-16,-0.0009290148888262406
2020-09-17,-0.0010144560849710271
2020-09-18,0.002871623594957212
2020-09-21,-0.010172165357946628
2020-09-22,-0.002901025925357764
2020-09-23,-0.002224124099051261
2020-09-24,-0.0009424667621318605
2020-09-25,-0.004123008761105218
2020-09-28,0.003608561352005546
2020-09-29,0.004876597763672219
2020-09-30,0.0005119454036726645
2020-10-01,0.0024707147818850417
2020-10-02,-0.003921908002546964
2020-10-05,0.006641148291299831
2020-10-06,-0.0005092946379500751
2020-10-07,-0.0010193680801146854
2020-10-08,-0.001105489291547218
2020-10-09,0.005599878879386427
2020-10-13,-0.006962160912116683
2020-10-14,0.0015324368740460004
2020-10-15,-0.004604373755212027
2020-10-16,0.0013664704491976876
2020-10-19,0.0060412861894298675
2020-10-20,0.00304929933039752
2020-10-21,0.003882844415730835
2020-10-22,-0.003882844415730835
2020-10-23,0.0016900460334988987
2020-10-26,-0.002366865010266117
2020-10-27,0.0015221990254236928
2020-10-28,-0.007038400902698361
2020-10-29,-0.007945703728445996
2020-10-30,-0.0009440035028431271
2020-11-02,-0.0011167906319451137
2020-11-03,0.007706177360076338
2020-11-04,0.0005116398167380465
2020-11-05,0.00671228995376047
2020-11-06,0.006499284325324373
2020-11-09,-0.006329936314758783
2020-11-10,-8.467042043922013e-05
2020-11-12,0.0003386386757725235
2020-11-13,0.0008460953208023758
2020-11-16,0.0016900460334988987
2020-11-17,0.00151860317719002
2020-11-18,0.0005899456578334072
2020-11-19,-0.002192983335010279
2020-11-20,0.0011814347365755318
2020-11-23,-0.0026179130772952253
2020-11-24,0.004050638449845462
2020-11-25,0.002859307305046327
2020-11-30,0.0033534572003334207
2020-12-01,0.00758747959902592
2020-12-02,0.004475392850249116
2020-12-03,0.004866992490333316
2020-12-04,-0.0008232485852295301
2020-12-07,-0.0003294892945788497
2020-12-08,-0.0022268968747498896
2020-12-09,-0.002562938032244666
2020-12-10,0.003140758016128453
2020-12-11,-0.000495253827704295
2020-12-14,0.0027208657590427343
2020-12-15,0.0010698268723950133
2020-12-16,0.0013972796421227451
2020-12-17,0.006794116094886504
2020-12-18,-0.0017963587748829613
2020-12-21,-0.0004904765895759888
2020-12-22,-0.004753717664356366
2020-12-23,0.0018057954508997054
2020-12-28,0.0015569307033271307
2020-12-29,0.0031882307815773447
2020-12-30,0.002282733748467519
2020-12-31,-0.004079973019915334
2021-01-04,0.0019604646043818175
2021-01-05,0.003340261364693037
2021-01-06,-0.00040675209021237557
2021-01-07,-0.00203624586749096
2021-01-08,-0.001060488739923704
2021-01-11,-0.006797454615865783
2021-01-12,-8.217939767127258e-05
2021-01-13,-0.0007399186427106408
2021-01-14,-0.0002467612597345237
2021-01-15,-0.004700070495205877
2021-01-19,0.002229103090198109
2021-01-21,0.001400964422142964
2021-01-22,0.0029602850332915986
2021-01-25,-0.0033721296913100385
2021-01-26,0.0007411983044702808
2021-01-27,-0.0037941319022182785
2021-01-28,0.0017338897131778386
2021-01-29,0.001071855649471487
2021-02-01,-0.005370804069124546
2021-02-02,-0.004151106002378696
2021-02-03,0.0004158868847632946
2021-02-04,-0.004250183488664461
2021-02-05,0.005081438731874971
2021-02-08,0.000830564831799302
2021-02-09,0.0050515614026608036
2021-02-10,0.002145392356839332
2021-02-11,-0.00041221815168007714
2021-02-12,-8.246402511577489e-05
2021-02-16,-0.0015681099239355512
2021-02-17,-0.005383258683347297
2021-02-18,0.0029850768434533936
2021-02-19,0.004790626160521699
2021-02-22,0.0015643657218555873
2021-02-23,-0.001070091059844458
2021-02-24,8.235536343959016e-05
2021-02-25,0.007057308135551055
2021-02-26,-0.011183407404094431
2021-03-01,-0.0032302177422860734
2021-03-02,0.002071852562288923
2021-03-03,-0.0004968532728909514
2021-03-04,-0.0023219182834157692
2021-03-05,-0.010935456860338894
2021-03-08,-0.005470703371892732
2021-03-09,0.003033624977554189
2021-03-10,0.0012612993053265076
2021-03-11,0.00653323372478698
2021-03-12,-0.0021730054518091235
2021-03-15,-0.002932676281792418
2021-03-16,-0.0018478083537480927
2021-03-17,0.0008403361839049994
2021-03-18,0.001762410762088218
2021-03-19,-0.001426473915055404
2021-03-22,0.0019294498666432847
2021-03-23,-0.00504118022747746
2021-03-24,-0.0034594811534988668
2021-03-25,-0.004574728412114398
2021-03-26,0.0017815487214720982
2021-03-29,-0.0016117406042360782
2021-03-30,-0.004680262128001322
2021-03-31,0.001619295534297932
2021-04-01,0.0024665119882823494
2021-04-02,-0.0007648183929221675
2021-04-05,0.003987618230966772
2021-04-06,0.0035499995020478736
2021-04-07,0.0032010809913716742
2021-04-08,0.0011767673880454521
2021-04-09,-0.000588210596347033
2021-04-12,0.0008401949746491555
2021-04-13,0.002683889894213115
2021-04-14,0.0029272801399091164
2021-04-15,-0.0008354917354587987
2021-04-16,0.0013364519196017166
2021-04-19,0.0039986724389794726
2021-04-20,0.0014123709405518825
2021-04-21,-0.0009967606108090554
2021-04-22,-0.0017467253349416623
2021-04-23,0.004734031514677051
2021-04-26,0.0011593244094101618
2021-04-27,-0.00033109842202977413
2021-04-28,0.0015717420615811717
2021-04-29,0.000991407880278461
2021-04-30,-0.006628027578413381
2021-05-03,0.0024077391348678867
2021-05-04,-0.0037386326934857605
2021-05-05,-0.0009160178847620881
2021-05-06,0.0038250503979318506
2021-05-07,0.00958130729434642
2021-05-10,0.0004109307639499904
2021-05-11,-8.217264477278219e-05
2021-05-12,-0.007837353980428646
2021-05-13,-0.00033134526479425275
2021-05-14,0.005865119452397982
2021-05-17,0.0011524532062485437
2021-05-18,0.003941215381615709
2021-05-19,0.0010647447666289056
2021-05-20,0.000736467444604344
2021-05-21,-0.0038519901745533436
2021-05-24,0.0026242429362310637
2021-05-25,0.0018819299421659608
2021-05-26,-0.0023734512103562033
2021-05-27,-0.0008197393687987553
2021-05-28,0.0
2021-06-01,0.0038469456077510067
2021-06-02,-0.002290014904423876
2021-06-03,-0.0074789746598582785
2021-06-04,0.004198400898366067
2021-06-07,0.002215567311751543
2021-06-08,-0.001640689457459904
2021-06-09,0.00032835331110966925
2021-06-10,-0.0009032311654013081
2021-06-11,-0.005932290611543906
2021-06-14,0.0020638138336234735
2021-06-15,-0.0004949270083705049
2021-06-16,-8.251165481804046e-05
2021-06-17,-0.01731212608758642
2021-06-18,-0.003279656473739262
2021-06-21,0.003111730360834175
2021-06-22,8.396658134995905e-05
2021-06-23,0.003352895010310941
2021-06-24,-0.0019265407809876678
2021-06-25,0.0010893703679239197
2021-06-28,-0.00016751821799787514
2021-06-29,-0.002768109807632091
2021-06-30,-0.004799402973328287
2021-07-01,0.0007593335104357224
2021-07-02,-0.0007593335104357224
2021-07-06,-0.0027045317364190746
2021-07-07,-0.0011008087821467727
2021-07-08,0.0031298930089276866
2021-07-09,0.001772077591279092
2021-07-12,-0.0002529617619627389
2021-07-13,-0.003802125318793037
2021-07-14,0.0010998774322553417
2021-07-15,-0.0016926205801405247
2021-07-16,0.00033875339077327205
2021-07-19,-0.0005081731285780933
2021-07-20,-0.0023748950941724634
2021-07-21,0.0019512201312617272
2021-07-22,-0.002375902687438536
2021-07-23,-0.0008499065614441526
2021-07-26,0.004157657340371518
2021-07-27,0.0017765750622548149
2021-07-28,-0.0018612526523811845
2021-07-29,0.006499284325324373
2021-07-30,-0.0018526321088380981
2021-08-02,0.00075830984802433
2021-08-03,-0.0011798417009970807
2021-08-04,-0.0015189876338384256
2021-08-05,-0.0002533890802864369
2021-08-06,-0.006525723399633809
2021-08-09,-0.0010208422834638575
2021-08-10,-0.002300712531198179
2021-08-11,0.0012788270637494048
2021-08-12,-8.520427730623892e-05
2021-08-13,0.005099450112349219
2021-08-16,-0.0016969289665093867
2021-08-17,-0.005278854318929882
2021-08-18,-0.0010249403015462621
2021-08-19,-0.0007693952078628441
2021-08-20,-0.00025659667420435683
2021-08-23,0.003586375631227545
2021-08-24,0.0011926059851231907
2021-08-25,0.0010211028797353638
2021-08-26,0.00025511288883628414
2021-08-27,0.0028019547094129404
2021-08-30,8.478528132596641e-05
2021-08-31,0.00042381861198065307
2021-09-01,0.004228336109521225
2021-09-02,0.0006748777040356813
2021-09-03,0.002190212315185208
2021-09-07,-0.002949481765758155
2021-09-08,-0.0026196829111201636
2021-09-09,0.000761260345497089
2021-09-10,-0.0005074425007400574
2021-09-13,-0.0010156581490952388
2021-09-14,0.001269411586701269
2021-09-15,-0.0011000635761356792
2021-09-16,-0.003987279937961691
2021-09-17,-0.002553410188080363
2021-09-20,-0.0004262029643000709
2021-09-21,-0.0004263846907219815
2021-09-22,0.0012786090477389656
2021-09-23,-0.0003408025933982206
2021-09-24,-0.001705757343227865
2021-09-27,-0.001110304593714695
2021-09-28,-0.0017961771924852599
2021-09-29,-0.0059245440111755365
2021-09-30,-0.0030186749387921263
2021-10-01,0.0018122982306574553
2021-10-04,0.0020671841986649453
2021-10-05,-0.001119194297014986
2021-10-06,-0.0054416027171568515
2021-10-07,0.001298308054442615
2021-10-08,0.000951022420704134
2021-10-12,-0.002682474675620994
2021-10-13,0.00233675297814126
2021-10-14,0.001986269490199033
2021-10-15,0.00025878801093315307
2021-10-18,0.0012929364383576503
2021-10-19,0.0019792614352648064
2021-10-20,0.0009452202637152962
2021-10-21,0.0
2021-10-22,-0.0009452202637152962
2021-10-25,-0.0019792614352648064
2021-10-26,-0.001638002004238387
2021-10-27,0.0008624407606585283
2021-10-28,0.007300869878502453
2021-10-29,-0.011447385840350932
2021-11-01,0.0033703527561375346
2021-11-02,-0.0008631107043674258
2021-11-03,0.0002590114411201161
2021-11-04,-0.0032857790046187385
2021-11-05,0.0006926407203318719
2021-11-08,0.0031109599925865927
2021-11-09,-8.628499940638301e-05
2021-11-10,-0.006232167665483679
2021-11-12,-0.006446015351192547
2021-11-15,-0.001924423267107872
2021-11-16,-0.007734942317658533
2021-11-17,-0.0009710881363431123
2021-11-18,0.0031746058407724764
2021-11-19,-0.003527962734908713
2021-11-22,-0.005137756008787783
2021-11-23,0.00044395117266357587
2021-11-24,-0.006144002231000784
2021-11-26,0.009423129554444645
2021-11-29,-0.0036342724927630604
2021-11-30,0.002306192258600695
2021-12-01,0.0031844343584132573
2021-12-02,-0.0015024970788034553
2021-12-03,0.00017688157824483075
2021-12-06,-0.002301904513559494
2021-12-07,-0.0031071088958997406
2021-12-08,0.007352648618030255
2021-12-09,-0.003979664770415892
2021-12-10,0.002389698884717864
2021-12-13,-0.0012383902511466371
2021-12-14,-0.0027476197210414
2021-12-15,-0.0005326704671402838
2021-12-16,0.0042534401743013345
2021-12-17,-0.0028336156390393746
2021-12-20,0.0018604656529197239
2021-12-21,-0.0023039443066912163
2021-12-22,0.0046025926532741596
2021-12-23,-0.00035329447461644736
2021-12-27,0.0007947371163147671
2021-12-28,-0.001324912970387629
2021-12-29,0.0020308161144976244
2021-12-30,-0.0016773343151295361
2022-01-03,-0.0024770005587613636
2022-01-04,0.0005313025893155521
2022-01-05,0.0034466032086060833
2022-01-06,-0.0024732810063841787
2022-01-07,0.00450033850213262
2022-01-10,-0.0026448045038767465
2022-01-11,0.00308492598450813
2022-01-12,0.0059665001077692514
2022-01-13,0.0028827274822294524
2022-01-14,-0.0043710184113544825
2022-01-18,-0.0068571697261370634
2022-01-19,0.0008817565159962293
2022-01-20,-0.0008817565159962293
2022-01-21,0.0008817565159962293
2022-01-24,-0.003177968776346407
2022-01-25,-0.002390121971719991
2022-01-26,-0.00035457849852942036
2022-01-27,-0.012310592580600119
2022-01-28,0.001703959875985414
2022-01-31,0.004648676349376851
2022-02-01,0.0024052392335881245
2022-02-02,0.005324353690979167
2022-02-03,0.011089710553159354
2022-02-04,0.0026223791251903383
2022-02-07,-0.0018349430636792896
2022-02-08,-0.0015754926672442715
2022-02-09,0.0016629473002091888
2022-02-10,0.004537133688522765
2022-02-11,-0.007251790112841577
2022-02-14,-0.00863061279732652
2022-02-15,0.0050289046827730055
2022-02-16,0.0015828353638805415
2022-02-17,-0.0014948343078110826
2022-02-18,-0.003261207773364999
2022-02-22,0.0013233933732597902
2022-02-23,-0.0022949961525156604
2022-02-24,-0.014419475471958779
2022-02-25,0.009547250747526687
2022-02-28,-0.0032910859147287364
2022-03-01,-0.010839000728031192
2022-03-02,-9.006980415905697e-05
2022-03-03,-0.004423387939151327
2022-03-04,-0.01283878322771205
2022-03-07,-0.004776786595316787
2022-03-08,0.001931834463085605
2022-03-09,0.017130259434611855
2022-03-10,-0.005616974362232213
2022-03-11,-0.006379897688166075
2022-03-14,0.003832820899506817
2022-03-15,-0.0004555186158118618
2022-03-16,0.002002731666215618
2022-03-17,0.01031403334853942
2022-03-18,-0.005958309583630583
2022-03-21,0.0003621220390829655
2022-03-22,-0.002356140645947344
2022-03-23,-0.0019070977037449338
2022-03-24,0.0004544008802683519
2022-03-25,-0.0019098728009935145
2022-03-28,-0.0007285311313942056
2022-03-29,0.011503229059269385
2022-03-30,0.005299334268146452
2022-03-31,-0.006290459276072663
2022-04-01,-0.004517535691528712
2022-04-04,-0.00462900758500033
2022-04-05,-0.006480194264402078
2022-04-06,-0.0007328020846386896
2022-04-07,-0.0011919498958546243
2022-04-08,-0.0023881705113692475
2022-04-11,9.195825101886157e-05
2022-04-12,-0.002117182178062449
2022-04-13,0.0020252239270435873
2022-04-14,-0.007198923567970722
2022-04-15,0.001480933258442993
2022-04-18,-0.0025003485730814012
2022-04-19,0.000370816728083298
2022-04-20,0.006282936680512163
2022-04-21,-0.0016592924161022427
2022-04-22,-0.004530961563569677
2022-04-25,-0.008095703267804677
2022-04-26,-0.003931853033900479
2022-04-27,-0.01056115426866644
2022-04-28,-0.004655811536193939
2022-04-29,0.003517615453912902
2022-05-02,-0.001519612791239848
2022-05-03,0.0010449818079121057
2022-05-04,0.0006644203177368427
2022-05-05,-0.003040960245161553
2022-05-06,0.006167295035404516
2022-05-09,-0.0012304199176653083
2022-05-10,-0.002655288425917328
2022-05-11,0.000569584218930573
2022-05-12,-0.015397425603247791
2022-05-13,0.003271435612734609
2022-05-16,0.0009601536983434508
2022-05-17,0.010691205308841989
2022-05-18,-0.003614576369542759
2022-05-19,0.008823168096722553
2022-05-20,-0.002648256536865297
2022-05-23,0.010270029495390423
2022-05-24,0.00709885290116867
2022-05-25,-0.00803667534634589
2022-05-26,0.0062666809394900935
2022-05-27,-0.001492955395342735
2022-05-31,0.0020522395262523863
2022-06-01,-0.007952514194424692
2022-06-02,0.008138872748821635
2022-06-03,-0.0011186726252845336
2022-06-06,-0.002054155717633177
2022-06-07,-0.00018695083247569078
2022-06-08,0.004011760756724811
2022-06-09,-0.007851975282685261
2022-06-10,-0.012749853971882642
2022-06-13,-0.0081118925516687
2022-06-14,-0.001918281808268571
2022-06-15,-0.0026917916657115473
2022-06-16,0.013671994597958093
2022-06-17,-0.005522771607451481
2022-06-21,0.0071357517000316464
2022-06-22,0.003312671620547228
2022-06-23,-0.00758800947094912
2022-06-24,0.0034217313111613995
2022-06-27,0.005865674339160937
2022-06-28,-0.00634021522976317
2022-06-29,-0.0054257426903695505
2022-06-30,-0.0007638690336101081
2022-07-01,-0.005747692803886574
2022-07-05,-0.015002943171822335
2022-07-06,-0.007930721549897584
2022-07-07,-0.0013771397022034199
2022-07-08,0.0018685160572330418
2022-07-11,-0.00888192950402261
2022-07-12,-0.0018852017291406068
2022-07-13,0.001191067138326729
2022-07-14,-0.005271283775757605
2022-07-15,0.006064541130195279
2022-07-18,0.0070127207240936965
2022-07-19,0.007647845885055703
2022-07-20,-0.0020532884261048913
2022-07-21,-0.0019594402271979616
2022-07-22,0.00274214254677671
2022-07-25,-0.001370131355464592
2022-07-26,-0.009347241765682046
2022-07-27,-0.0007911392817710559
2022-07-28,0.00542648462968166
2022-07-29,0.003830105345105434
2022-08-01,0.006643244439731969
2022-08-02,-0.0074277120226167205
2022-08-03,-0.0047197727733518605
2022-08-04,0.007364888202441017
2022-08-05,-0.005002217286470722
2022-08-08,0.003631549360892796
2022-08-09,0.001859737236446165
2022-08-10,0.01079619492854032
2022-08-11,9.673518749984955e-05
2022-08-12,-0.007866027448573638
2022-08-15,-0.0069461708628611556
2022-08-16,-0.0011787820618394708
2022-08-17,-0.0009833809426557337
2022-08-18,-0.00493146280012626
2022-08-19,-0.007443094948401825
2022-08-22,-0.010312982518266548
2022-08-23,0.004017683186612379
2022-08-24,-0.0009025723924161663
2022-08-25,-0.0008029710358167098
2022-08-26,0.003908408041876146
2022-08-29,0.0002000200026670447
2022-08-30,0.0017983819413793973
2022-08-31,0.004680584156329676
2022-09-01,-0.01149150792125336
2022-09-02,0.008008050803342657
2022-09-06,-0.011632702375461958
2022-09-07,0.0028203080740987372
2022-09-08,0.0014071768328647784
2022-09-09,0.008999160822507297
2022-09-12,0.008228051376807119
2022-09-13,-0.013117548719616335
2022-09-14,-0.00040020010539143345
2022-09-15,-0.00020016012877072922
2022-09-16,0.002199560974784284
2022-09-19,-0.0009992007226221865
2022-09-20,-0.000900135081030403
2022-09-21,-0.011472401162236788
2022-09-22,-0.003955179842928001
2022-09-23,-0.012474599395514901
2022-09-26,-0.009926666147069704
2022-09-27,-0.0007276885814120546
2022-09-28,0.006736823945082647
2022-09-29,0.009560597110028705
2022-09-30,0.000920386627328594
2022-10-03,0.0026541461068868635
2022-10-04,0.016982112349191544
2022-10-05,-0.011187941119823587
2022-10-06,-0.006100059582505004
2022-10-07,-0.0021438423810019452
2022-10-11,-0.002865624722226595
2022-10-12,-0.006684173171533751
2022-10-13,0.009038681092446703
2022-10-14,-0.004201041067663766
2022-10-17,0.010622099668012041
2022-10-18,-0.00010160020328779315
2022-10-19,-0.006319458397060482
2022-10-20,0.004387090646006543
2022-10-21,0.003252365911951079
2022-10-24,0.001926099231987631
2022-10-25,0.008571625112831292
2022-10-26,0.010885412323566861
2022-10-27,-0.008278110405290761
2022-10-28,-0.005120750182619878
2022-10-31,-0.004944760062578436
2022-11-01,-0.0014172911868293812
2022-11-02,0.0004051453514347138
2022-11-03,-0.011816374627861526
2022-11-04,0.013839642895205012
2022-11-07,0.010255468930514594
2022-11-08,0.009160673441198459
2022-11-09,-0.00516745659457886
2022-11-10,0.013753741766103098
2022-11-14,0.015697684988581383
2022-11-15,0.003380176090070082
2022-11-16,0.002215053633558478
2022-11-17,-0.005208345107138301
2022-11-18,0.0007733204831978924
2022-11-21,-0.010783608650644372
2022-11-22,0.003704791212245661
2022-11-23,0.008527183452226316
2022-11-25,0.003659832651017214
2022-11-28,-0.0015393499287535695
2022-11-29,-0.0028926835328358935
2022-11-30,-0.003191646405838258
2022-12-01,0.016810347346655076
2022-12-02,0.002188496996042684
2022-12-05,-0.002569594561630653
2022-12-06,0.0002858367891406116
2022-12-07,0.0007618322433029928
2022-12-08,0.004464081118049662
2022-12-09,-0.00018955549293794838
2022-12-12,-0.0004740459913375322
2022-12-13,0.008028378423118598
2022-12-14,0.0023490731967238457
2022-12-15,-0.001596769230454445
2022-12-16,-0.002635543694234195
2022-12-19,0.0013186401081863308
2022-12-20,0.001034855918122364
2022-12-21,-0.0033907916070824926
2022-12-22,-0.0010383726802631194
2022-12-23,0.0031118889745478107
2022-12-27,0.003102235155404691
2022-12-28,-0.0030080864945998542
2022-12-29,0.004321284319560359
2022-12-30,0.002808201789290629
2023-01-03,-0.013078231284681052
2023-01-04,0.005760438989415445
2023-01-05,-0.009270712505177324
2023-01-06,0.009176546113093063
2023-01-09,0.013097764190063615
2023-01-10,-0.0020468931597736467
2023-01-11,0.00027936862872014745
2023-01-12,0.007698410232290717
2023-01-13,-0.001109365002375115
2023-01-17,-0.0016663584674250914
2023-01-18,0.00314523848555201
2023-01-19,-0.0015713826776443257
2023-01-20,0.0019407612024831544
2023-01-23,0.0031342208547929518
2023-01-24,0.0007360383072193694
2023-01-25,0.002571876130609191
2023-01-26,-0.003215880016890202
2023-01-27,-0.000828614879616163
2023-01-30,0.0009206408309993669
2023-01-31,-0.0008285385974551168
2023-02-01,0.0054190718148729305
2023-02-02,9.159606143359367e-05
2023-02-03,-0.008554529471012387
2023-02-06,-0.009560568483207535
2023-02-07,-0.0015867833636999118
2023-02-08,0.002705351712990897
2023-02-09,0.002512213463618254
2023-02-10,-0.008492421904593317
2023-02-13,0.004488505758996633
2023-02-14,0.0003731343326874442
2023-02-15,-0.003644012441595637
2023-02-16,9.360228396405879e-05
2023-02-17,-0.0005617451697198933
2023-02-21,-0.001968596839175357
2023-02-22,-0.0031954914409428117
2023-02-23,-0.0037725216862889432
2023-02-24,-0.003597126180849536
2023-02-27,0.004824757479085451
2023-02-28,0.0005660911557910098
2023-03-01,0.006768215346138633
2023-03-02,-0.007428686191490508
2023-03-03,0.00198010530964398
2023-03-06,0.007320539496633256
2023-03-07,-0.01137925477615035
2023-03-08,-0.0022725130507177185
2023-03-09,0.002650763646244239
2023-03-10,0.007722773361083887
2023-03-13,0.0069185017923874825
2023-03-14,-0.0010254020940412417
2023-03-15,-0.01759465814919358
2023-03-16,0.008224274744054995
2023-03-17,0.0023508403322616417
2023-03-20,0.007019543072876944
2023-03-21,0.004373930941397819
2023-03-22,0.0021334825587108475
2023-03-23,0.00903981803941438
2023-03-24,-0.011823525877641128
2023-03-27,0.0025056855019750662
2023-03-28,0.0050848350672161036
2023-03-29,-0.0016612832616329648
2023-03-30,0.006720393532388513
2023-03-31,-0.002480365058332129
2023-04-03,0.0017460832447068059
2023-04-04,0.005494016200072727
2023-04-05,-0.003017972934056118
2023-04-06,0.0008239872290423667
2023-04-07,-0.0012820514576556002
2023-04-10,-0.006711743119452496
2023-04-11,0.006070100492369612
2023-04-12,0.00739965921487408
2023-04-13,0.006079597692327243
2023-04-14,-0.006716917329686503
2023-04-17,-0.005937446079477521
2023-04-18,0.003931793114316948
2023-04-19,-0.00045639177461463676
2023-04-20,0.0015508829455294082
2023-04-21,0.0002734357215231631
2023-04-24,0.00490910076787944
2023-04-25,-0.00536486851652819
2023-04-26,0.007629464801156796
2023-04-27,-0.003171872703242276
2023-04-28,0.0020855064910215437
2023-05-01,-0.006360766561810477
2023-05-02,0.002458234041658458
2023-05-03,0.004717417802240623
2023-05-04,-0.003626806042771852
2023-05-05,0.0015430000792257814
2023-05-08,-0.000544316442723361
2023-05-09,-0.0060984123831590575
2023-05-10,0.001186185640247292
2023-05-11,-0.004569974135764793
2023-05-12,-0.005511680313524017
2023-05-15,0.0016566961911609196
2023-05-16,-0.0007359705943975059
2023-05-17,-0.0033185871164321395
2023-05-18,-0.004998621904836437
2023-05-19,0.003982408597373671
2023-05-22,-0.0012023122835624067
2023-05-23,-0.0032441980532409292
2023-05-24,-0.0012076735175821918
2023-05-25,-0.00307219903697023
2023-05-26,-0.0011195075336596777
2023-05-30,0.0008397481249250299
2023-05-31,-0.006362296910538731
2023-06-01,0.009156375285986368
2023-06-02,-0.002607563407080793
2023-06-05,-0.00027978549961013566
2023-06-06,-0.0024280923397338866
2023-06-07,0.0006542973547440656
2023-06-08,0.007261925591738244
2023-06-09,-0.0028798384899247492
2023-06-12,-0.0001860811319101957
2023-06-13,0.00417847304643848
2023-06-14,0.006189110329308786
2023-06-15,0.006791509217584202
2023-06-16,-0.0007319974706938154
2023-06-20,-0.002290951746555775
2023-06-21,0.004667987058523976
2023-06-22,0.00018261504798737505
2023-06-23,-0.006043974442566477
2023-06-26,0.002110382945936448
2023-06-27,0.004663718388606991
2023-06-28,-0.005213823839354884
2023-06-29,-0.0021115454253564647
2023-06-30,0.0035778213478839943
2023-07-03,-9.157928482977917e-05
2023-07-05,-0.004681699467827982
2023-07-06,0.00045996045151106
2023-07-07,0.008334526424927047
2023-07-10,0.0024595776462238983
2023-07-11,9.097939323018944e-05
2023-07-12,0.011847301129898805
2023-07-13,0.006362883859275498
2023-07-14,0.003833984456597453
2023-07-17,-8.899568376806444e-05
2023-07-18,-0.0011576652078783278
2023-07-19,-0.0024979939834007536
2023-07-20,-0.005373949341387213
2023-07-21,-0.0013480118868944707
2023-07-24,-0.0033328860289203593
2023-07-25,-0.0029819748297542498
2023-07-26,0.0025307316471502583
2023-07-27,-0.007247721525289005
2023-07-28,0.0037210189505916674
2023-07-31,-0.0017226533114462206
2023-08-01,-0.004456375889414679
2023-08-02,-0.00292104269769998
2023-08-03,0.0007310609847664407
2023-08-04,0.008097210232619292
2023-08-07,-0.0032673835566689596
2023-08-08,-0.004464496504748547
2023-08-09,0.0021891826676129073
2023-08-10,0.003728802465118669
2023-08-11,-0.005370240003097507
2023-08-14,-0.0031994176932941265
2023-08-15,0.0005491990984722306
2023-08-16,-0.00219860843420272
2023-08-17,-0.002755075670502677
2023-08-18,9.195825101886157e-05
2023-08-21,0.0011946883744172326
2023-08-22,-0.0038649169302960307
2023-08-23,0.001474111193784669
2023-08-24,-0.003319811237867426
2023-08-25,-0.0036089429814941537
2023-08-28,0.0021299262578248768
2023-08-29,0.003785609986953667
2023-08-30,0.006888028335455376
2023-08-31,-0.007994529139912984
2023-09-01,-0.004809035440320936
2023-09-05,-0.005577777777999823
2023-09-06,-0.0012126301565236752
2023-09-07,-0.0009337940728958438
2023-09-08,0.00046700603286528586
2023-09-11,0.003262949802198531
2023-09-12,-0.0016767586602030315
2023-09-13,0.0010250198912650915
2023-09-14,-0.007197301714299997
2023-09-15,0.0012187691941292905
2023-09-18,0.0020591546025410246
2023-09-19,-0.0010290472866543998
2023-09-20,0.0028973336778257835
2023-09-21,-0.004771046049132685
2023-09-22,-0.00037516413870901377
2023-09-25,-0.006493834876166435
2023-09-26,-0.00170100211114272
2023-09-27,-0.00597639686152969
2023-09-28,0.006449187754928552
2023-09-29,0.0005670541688663211
2023-10-02,-0.007968169649176841
2023-10-03,-0.004486238612907728
2023-10-04,0.006199056616582516
2023-10-05,0.0008553101020352116
2023-10-06,0.006533186140635638
2023-10-10,0.0020741027516564536
2023-10-11,0.00018834165231301075
2023-10-12,-0.006328836124839775
2023-10-13,-0.004844464473285487
2023-10-16,0.004180925892610453
2023-10-17,0.00444676450608094
2023-10-18,-0.005775163980296073
2023-10-19,0.0036015582480833225
2023-10-20,0.002079199312506108
2023-10-23,0.005085235555913323
2023-10-24,-0.004802043030303141
2023-10-25,-0.0011332516086750496
2023-10-26,-0.004830698477524563
2023-10-27,0.005680757560589431
2023-10-30,0.0026400166191405117
2023-10-31,-0.004908448593768669
2023-11-01,-0.002842795432930055
2023-11-02,0.007562902374385713
2023-11-03,0.010772433337907457
2023-11-06,0.0013035383596289446
2023-11-07,-0.005598596316256574
2023-11-08,0.0026165793827805928
2023-11-09,-0.000466744465882879
2023-11-13,-0.0009341429917968103
2023-11-14,0.014934649830038504
2023-11-15,-0.0007368518340212238
2023-11-16,-0.0001842978258072836
2023-11-17,0.002577083800875138
2023-11-20,0.0060484055358806105
2023-11-21,-0.0020120731134201653
2023-11-22,-0.004771964639542853
2023-11-24,0.005778507250944184
2023-11-27,0.00027433588028116795
2023-11-28,0.006379897688166075
2023-11-29,-0.003458321612057641
2023-11-30,-0.005576647445854982
2023-12-01,-0.0027540639825729823
2023-12-04,-0.004976510132282161
2023-12-05,-0.003424185475194935
2023-12-06,0.0002780738767512586
2023-12-07,0.00037064492640771773
2023-12-08,-0.004456831889821253
2023-12-11,9.305355238649338e-05
2023-12-12,0.003993133411027042
2023-12-13,0.00027799657316593396
2023-12-14,0.01872473248558812
2023-12-15,-0.008309411824927476
2023-12-18,0.001282873812889218
2023-12-19,0.005206204388420302
2023-12-20,-0.0018236532819232154
2023-12-21,0.0030072469922738376
2023-12-22,0.0016365127754578712
2023-12-26,0.0024497585177118003
2023-12-27,0.007133535149029813
2023-12-28,-0.0036958621417582938
2023-12-29,-0.0009939011434848266
2024-01-02,-0.009537290149230201
2024-01-03,-0.004390384807636455
2024-01-04,0.004390384807636455
2024-01-05,0.0
2024-01-08,0.0017325495602731888
2024-01-09,-0.0037424168547982445
2024-01-10,0.0022836273911384652
2024-01-11,-0.001552299083563538
2024-01-12,0.0014610540449492143
2024-01-16,-0.007050988417521581
2024-01-17,-0.0022079125804742167
2024-01-18,0.00046038396835444695
2024-01-19,0.002206897447429093
2024-01-22,0.0007345514975401479
2024-01-23,-0.006076247750340769
2024-01-24,0.006626807499979195
2024-01-25,-0.005888323205363297
2024-01-26,0.002672443188473095
2024-01-29,-0.005444575808302779
2024-01-30,0.003417859315390556
2024-01-31,0.0010138716938359604
2024-02-01,0.000920810378137904
2024-02-02,-0.007204908315100983
2024-02-05,-0.004739125163965921
2024-02-06,0.001396193273764862
2024-02-07,0.0016728628436529086
2024-02-08,0.0004641879115980796
2024-02-09,0.000742252771135099
2024-02-12,-0.000742252771135099
2024-02-13,-0.005024668615685943
2024-02-14,0.0013982756880882713
2024-02-15,0.0024190558875110124
2024-02-16,0.0007431491284885794
2024-02-20,0.004169954613069182
2024-02-21,0.00036982248942227236
2024-02-22,-0.0002773540442133071
2024-02-23,0.001201312347032732
2024-02-26,0.00249043157820035
2024-02-27,0.00018422991946009937
2024-02-28,-0.0012903227596702538
2024-02-29,-0.0033256381690163622
2024-03-01,0.002310643848890556
2024-03-04,0.0027657434427344613
2024-03-05,-9.20683147545287e-05
2024-03-06,0.004776347833053668
2024-03-07,0.002562461363700211
2024-03-08,0.0
2024-03-11,-0.0011888976662186856
2024-03-12,-0.0009154994688682916
2024-03-13,0.002378557520628724
2024-03-14,-0.005130095531029735
2024-03-15,0.0
2024-03-18,-0.00018370533715664217
2024-03-19,-0.002483330777244816
2024-03-20,-0.00027630670219555564
2024-03-21,0.00046046876533112346
2024-03-22,-0.004059420649746431
2024-03-25,0.0018472342927056268
2024-03-26,-0.0007384842946158987
2024-03-27,-0.0007390300567306635
2024-03-28,-0.001849968153174536
2024-03-29,-0.0009262690547406222
2024-04-01,-0.005389345882209254
2024-04-02,0.003348528847356577
2024-04-03,0.005371377982017353
2024-04-04,0.0035035993796317805
2024-04-05,-0.0022113710292382266
2024-04-08,0.001106296784723071
2024-04-09,0.0002763830686901003
2024-04-10,-0.011022202080569393
2024-04-11,-0.0013980150466525038
2024-04-12,-0.007019543072876944
2024-04-15,-0.0002818092170263284
2024-04-16,-0.0015043252178757183
2024-04-17,0.0015043252178757183
2024-04-18,0.0015020656222557785
2024-04-19,-0.000469153187118182
2024-04-22,0.0
2024-04-23,0.003747076983788497
2024-04-24,-0.000748292991609209
2024-04-25,0.0031763853313430956
2024-04-26,-0.003269961338523142
2024-04-29,0.0028967921952804954
2024-04-30,-0.00308397048314564
2024-05-01,-0.0003744617156656166
2024-05-02,0.0024314984391407
2024-05-03,0.0059601591971076145
2024-05-06,0.0008353056311942858
2024-05-07,-0.001113895965911535
2024-05-08,-0.001115138113886624
2024-05-09,0.001486574648939823
2024-05-10,0.00018566654342230815
2024-05-13,0.002132691243702717
2024-05-14,0.002035718293477179
2024-05-15,0.0038749010565541503
2024-05-16,0.0013802624689582543
2024-05-17,-0.0005518763936978588
2024-05-20,-0.0007363092831507989
2024-05-21,-0.0005525879676439721
2024-05-22,-0.0017518791074064982
2024-05-23,-0.0008309098940873783
2024-05-24,0.0023063804679240574
2024-05-28,0.0024849306422604217
2024-05-29,-0.006270191128311398
2024-05-30,0.0024020706302239625
2024-05-31,0.0008301434780106642
2024-06-03,0.004048588526000166
2024-06-04,-0.0011025359440999805
2024-06-05,-0.0011957872923761131
2024-06-06,0.0016553250055316576
2024-06-07,-0.007007866392896078
2024-06-10,-0.005195298817937621
2024-06-11,-0.0016756660037036686
2024-06-12,0.010196602990657652
2024-06-13,-0.008055972083426788
2024-06-14,-0.005313459250148575
2024-06-17,0.002240688081539058
2024-06-18,0.0014910076380708903
2024-06-20,-0.0028908492179734596
2024-06-21,-0.0013082891315663175
2024-06-24,0.003081091088752444
2024-06-25,-0.002053005573646058
2024-06-26,-0.0021508401240675212
2024-06-27,0.0024310437405274526
2024-06-28,0.0002801251243864933
2024-07-01,0.0015858951968848317
2024-07-02,0.0008385744726211591
2024-07-03,0.005757816798624221
2024-07-05,0.0026818345014319733
2024-07-08,0.0006462632362675552
2024-07-09,-0.0020325210249223097
2024-07-10,0.0009243853496094245
2024-07-11,0.0043332018201086425
2024-07-12,0.0029395575089711384
2024-07-15,0.0009168424590170615
2024-07-16,-0.0024774064145954566
2024-07-17,0.0044000437658369
2024-07-18,-0.001830999321394966
2024-07-19,-0.0022934737817877776
2024-07-22,-0.0007350239213683024
2024-07-23,-0.00230043809754156
2024-07-24,-0.00018426386637725167
2024-07-25,0.0007368518340212238
2024-07-26,-0.00018416206313556782
2024-07-29,-0.003690381529327047
2024-07-30,-0.0009247272713705929
2024-07-31,0.0012943788789435556
2024-08-01,-0.003146402743806384
2024-08-02,0.011519272194837116
2024-08-05,0.003932152659216009
2024-08-06,-0.0028332514497302203
2024-08-07,-9.152899187205021e-05
2024-08-08,-0.001007372217613739
2024-08-09,0.001007372217613739
2024-08-12,0.00027456184678037454
2024-08-13,0.002376383533095272
2024-08-14,0.006370027909773285
2024-08-15,-0.00345297935087413
2024-08-16,0.0009098353825705285
2024-08-19,0.006707176417546298
2024-08-20,0.003246756098869985
2024-08-21,0.0033259952455014508
2024-08-22,-0.0026059232071874716
2024-08-23,0.005563047096931159
2024-08-26,-0.0010743062805848302
2024-08-27,-0.0003583587209108202
2024-08-28,-0.0029613697776015163
2024-08-29,-0.003691536177950483
2024-08-30,-0.0023480549034241432
2024-09-03,-0.0015382530291950108
2024-09-04,0.003435186889194655
2024-09-05,0.0013527530583419128
2024-09-06,-0.000901632014917414
2024-09-09,-0.003976867135760037
2024-09-10,-0.0015407625289432098
2024-09-11,-0.0011798340525488865
2024-09-12,0.0026300291766391815
2024-09-13,0.003977226611274809
2024-09-16,0.003422193541617463
2024-09-17,-0.00044962007861465425
2024-09-18,-0.00017990465102042663
2024-09-19,0.00278489152722923
2024-09-20,0.0010759437960776302
2024-09-23,-0.002602181916110613
2024-09-24,0.001795332618674303
2024-09-25,-0.0006279998412108273
2024-09-26,0.003672687426537563
2024-09-27,-0.0022378382878904257
2024-09-30,-0.001255380365731848
2024-10-01,-0.007023259555183944
2024-10-02,-0.0015372793188864753
2024-10-03,-0.0031724477094554338
2024-10-04,-0.004914462020719962
2024-10-07,0.0013675527499429213
2024-10-08,-0.0005467966963904752
2024-10-09,-0.0017334979935167832
2024-10-10,-0.002377035311968201
2024-10-11,0.0015548546599803703
2024-10-15,-0.003937553734459573
2024-10-16,-0.0023883898915623147
2024-10-17,-0.003316447074754106
2024-10-18,0.0015674707003547617
2024-10-21,-0.003137402222877478
2024-10-22,-0.001387283459486216
2024-10-23,-0.002409193159357878
2024-10-24,0.0025017386223825933
2024-10-25,0.000647578541525945
2024-10-28,0.0005547337420364618
2024-10-29,-0.0019429159093411197
2024-10-30,0.006093639020245026
2024-10-31,-0.0008287674860852634
2024-11-01,-0.0006450721322153324
2024-11-04,0.0033130897229601414
2024-11-05,0.0033021493957591658
2024-11-06,-0.017366037753381414
2024-11-07,0.005575186342077057
2024-11-08,-0.00762723444579734
2024-11-12,-0.01051258038908695
2024-11-13,-0.002929366611676705
2024-11-14,-0.00047328317415226
2024-11-15,-0.0009472388697280495
2024-11-18,0.0032169580207824025
2024-11-19,-0.0007560007920075495
2024-11-20,-0.005403112817637466
2024-11-21,-0.0043817940179492615
2024-11-22,-0.007281818130105755
2024-11-25,0.007568173307932274
2024-11-26,0.00028627320201228545
2024-11-27,0.008928630744301447
2024-11-29,-0.002651265637864622
2024-12-02,-0.005991173833317244
2024-12-03,0.0032377897059926095
2024-12-04,0.0008553101020352116
2024-12-05,0.004171017517338192
2024-12-06,-0.0007570739455007511
2024-12-09,0.0006624710411210419
2024-12-10,-0.005502338139891594
2024-12-11,-0.00038058991896122024
2024-12-12,0.0005708305739628092
2024-12-13,-0.0015229395671481072
2024-12-16,0.0013326989121465183
2024-12-17,-0.0005709392104848374
2024-12-18,-0.0035280131945519405
2024-12-19,-0.01075588973047599
2024-12-20,0.007023649405939164
2024-12-23,-0.0020154524793497483
2024-12-24,-0.0020195227328293
2024-12-26,0.0033636089566832783
2024-12-27,0.0
2024-12-30,-0.003556157335058069
2024-12-31,-0.003375612020514132
2025-01-02,-0.008732832521540931
2025-01-03,0.003016593539425523
2025-01-06,0.01015040857633559
2025-01-07,-0.002696717419692178
2025-01-08,-0.005415350242208995
2025-01-09,-0.0014555337099823838
2025-01-10,-0.005843413588558114
2025-01-13,-0.002836603848513263
2025-01-14,0.008097210232619344
2025-01-15,-0.0009721007861847146
2025-01-16,0.0020403213296180597
2025-01-17,-0.0015541528140380415
2025-01-21,0.013133940608292306
2025-01-22,-0.00028786643196434397
2025-01-23,0.0
2025-01-24,0.009075772829442302
2025-01-27,-0.002189747150036045
2025-01-28,-0.0062144661971711215
2025-01-29,-0.001055510341242523
2025-01-30,0.000383950859007387
2025-01-31,-0.0019212301778938831
2025-02-03,-0.011897417504390918
2025-02-04,0.009876145340215893
2025-02-05,0.0038465284468947175
2025-02-06,-0.004906922820127883
2025-02-07,-0.003768666585422492
2025-02-10,-0.0016472073876101674
2025-02-11,0.003291705944437142
2025-02-12,0.004436307786975013
2025-02-13,0.003458216702956929
2025-02-14,0.006690266758852849
2025-02-18,-0.003913152213656318
2025-02-19,-0.004889047748340036
2025-02-20,0.006608902940089777
2025-02-21,-0.0019111329276045308
2025-02-24,0.0021974881054310502
2025-02-25,0.0019069418440800581
2025-02-26,0.0015229395671481072
2025-02-27,-0.009556647656548768
2025-02-28,-0.0011529593898266938
2025-03-03,0.00899613685085257
2025-03-04,0.003613888859464183
2025-03-05,0.02197065184117447
2025-03-06,0.00463264054686334
2025-03-07,0.003782815785528179
2025-03-10,-0.0020280242939052368
2025-03-11,0.008270585647750073
2025-03-12,-0.0001830496069544496
2025-03-13,-0.006059511746890386
2025-03-14,0.0011964476140790548
2025-03-17,0.004588426881119476
2025-03-18,0.00045768685864630565
2025-03-19,-0.004586322476895208
2025-03-20,-0.002669736913673365
2025-03-21,-0.003879195776165717
2025-03-24,-0.0011111112254230532
2025-03-25,0.0009260117339181806
2025-03-26,-0.0021311103733882286
2025-03-27,0.0017608085731931483
2025-03-28,0.002404514244612077
2025-03-31,-0.0027749532190280285
2025-04-01,0.0003704389744159514
2025-04-02,0.006276557433927216
2025-04-03,0.01678871549706877
2025-04-04,-0.0034442162208803695
2025-04-07,-0.009304089739183452
2025-04-08,0.0
2025-04-09,0.01166193974784309
2025-04-10,0.0136741965142307
2025-04-11,0.011813434005917736
2025-04-14,0.002909670086142957
2025-04-15,-0.006004963293670076
2025-04-16,0.008115782019361598
2025-04-17,-0.0015826961889906788
2025-04-18,0.0022853134671492192
2025-04-21,0.01030666823021073
2025-04-22,-0.0036563112031104683
2025-04-23,-0.010168390558779355
2025-04-24,0.0011447190084604153
2025-04-25,0.0015828353638805415
2025-04-28,0.0005270555287153478
2025-04-29,0.0007900628071938198
2025-04-30,-0.004132782316659922
2025-05-01,-0.0061870446612222185
2025-05-02,0.004511485382135277
2025-05-05,-0.0013247959544143012
2025-05-06,0.00264783914630444
2025-05-07,0.0002643987147998572
2025-05-08,-0.008762281135916095
2025-05-09,0.001865092240996083
2025-05-12,-0.014658825232269454
2025-05-13,0.006283119135245138
2025-05-14,0.0026807271884321943
2025-05-15,-0.0015181963175086993
2025-05-16,-0.0042991557484045595
2025-05-19,0.008490912164817621
2025-05-20,0.0016007117690900186
2025-05-21,0.007877192565818383
2025-05-22,-0.005480918954122227
2025-05-23,0.006097849304628339
2025-05-27,-0.0021167762357983955
2025-05-28,-0.003537948144664918
2025-05-29,0.0074152882154962935
2025-05-30,-0.0020249159535922767
2025-06-02,0.007463048818713874
2025-06-03,-0.005174315425258813
2025-06-04,0.004474280394921176
2025-06-05,0.0013995803544231133
2025-06-06,-0.003765823078053593
2025-06-09,0.0024537739066703146
2025-06-10,-0.00017507002845834618
2025-06-11,0.005848225108854216
2025-06-12,0.0076296537961484945
2025-06-13,-0.0018154316635086154
2025-06-16,0.0020745102089363143
2025-06-17,-0.0039799325765235705
2025-06-18,-0.0012144345698005266
2025-06-20,-8.680178817133122e-05
2025-06-23,0.001561280566952511
2025-06-24,0.006048579747189142
2025-06-25,0.0010332358418783383
2025-06-26,0.008313027262253386
2025-06-27,0.0005972441626276026
2025-06-30,0.003915898423539316
2025-07-01,0.0005096407143350135
2025-07-02,0.0011881525627591982
2025-07-03,-0.0027178545692164435
2025-07-07,-0.0021284755385763965
2025-07-08,-0.0022184309439513272
2025-07-09,0.0
2025-07-10,-0.001624279049137034
2025-07-11,0.0006842285590242525
2025-07-14,-0.0020540917869381337
2025-07-15,-0.004551122019759768
2025-07-16,0.0008602891101814336
2025-07-17,-0.002755534336340043
2025-07-18,0.0041304593617382535
2025-07-21,0.005139197606569779
2025-07-22,0.003752029642561411
2025-07-23,-8.511724906190565e-05
2025-07-24,0.0014460088429522067
2025-07-25,-0.002979359513941765
2025-07-28,-0.01036900330948537
2025-07-29,-0.006481464162677891
2025-07-30,-0.00556426405194152
2025-07-31,-0.0034059680976379902
2025-08-01,0.010789280682702657
2025-08-04,0.0011244216900649084
2025-08-05,0.0010368067284401983
2025-08-06,0.0057691639756657365
2025-08-07,-0.0005152868544110178
2025-08-08,0.0016308316562424208
2025-08-11,-0.004555816535860596
2025-08-12,0.005670118284040543
2025-08-13,0.003591589289232755
2025-08-14,-0.006079046076382072
2025-08-15,0.0054813429462625685
2025-08-18,-0.003508024987919467
2025-08-19,-0.0006001629193737312
2025-08-20,-0.0009438415047062776
2025-08-21,-0.0037842996912395566
2025-08-22,0.009263296361337187
2025-08-25,-0.00367788978927297
2025-08-26,-0.0011145883607693585
2025-08-27,-0.003953933292826173
2025-08-28,0.005239886575615416
2025-08-29,0.0019685888156578124
2025-09-02,-0.0035977424450160667
2025-09-03,0.0019717954007420213
2025-09-04,-0.0024009615375381044
2025-09-05,0.00948441338694847
2025-09-08,-0.0006805614894746792
2025-09-09,-0.002385619262112837
2025-09-10,-0.0007680164221006147
2025-09-11,0.0015354434476140821
2025-09-12,-0.0015354434476140821
2025-09-15,0.004939122703635834
2025-09-16,0.00643524659427136
2025-09-17,-0.0002532393547488576
2025-09-18,-0.005502659387308262
2025-09-19,-0.0022946510727235303
2025-09-22,0.0017002469453426816
2025-09-23,0.0022907573755592547
2025-09-24,-0.004927373829624909
2025-09-25,-0.005893674971467894
2025-09-26,0.001626364578473316
2025-09-29,0.0032448154163846055
2025-09-30,0.00042616663760269846
2025-10-01,-0.001023105213295683
2025-10-02,-0.0023058210822684833
2025-10-03,0.004350985834326332
2025-10-06,-0.0034109353442135504
2025-10-07,-0.0028228067159361547
2025-10-08,-0.005841941013182694
2025-10-09,-0.0040578514562864265
2025-10-10,0.004660805951490571
2025-10-14,-0.0004306446817339826
2025-10-15,0.002581090652591378
2025-10-16,0.0023172992389152436
2025-10-17,0.0007712413082059111
2025-10-20,-0.0015430778886955931
2025-10-21,-0.003437610810463454
2025-10-22,-0.0003444119200567697
2025-10-23,0.0
2025-10-24,0.0012049231167754193
2025-10-27,0.0008597713537962792
2025-10-28,0.001974673318199116
2025-10-29,0.00042876131514812954
2025-10-30,-0.008610351112202708
2025-10-31,-0.0019909117158320444
2025-11-03,-0.0008668516492884859
2025-11-04,-0.003474940513482516
2025-11-05,-0.0005222841344350304
2025-11-06,0.0046907660714689825
2025-11-07,0.0033741434442822182
2025-11-10,-0.0028543028503540957
2025-11-12,0.004062762211922533
2025-11-13,0.004905134399258715
2025-11-14,-0.0027507968863022814
2025-11-17,-0.0016368730770889017
2025-11-18,-0.0016395568241128755
2025-11-19,-0.003373851550182494
2025-11-20,-0.0005200658867325625
2025-11-21,-0.0024305567521191174
2025-11-24,0.0010423906433788266
2025-11-25,0.003034114416400946
2025-11-26,0.003283791405726433
2025-11-28,0.0007761632057109447
2025-12-01,0.0019807955492520957
2025-12-02,-0.0023256826021619548
2025-12-03,0.005503969862937219
2025-12-04,-8.576697119197507e-05
2025-12-05,-0.0020606171968992615
2025-12-08,-0.0007738274750961338
2025-12-09,0.0011175586806803361
2025-12-10,0.0009446520518703871
2025-12-11,0.009057568544961286
2025-12-12,-0.0021288380330875822
2025-12-15,0.0021288380330875822
2025-12-16,0.001190172715514498
2025-12-17,-0.0018709079358117109
2025-12-18,-0.0016186057970056233
2025-12-19,-0.0006823027983249019
2025-12-22,0.002471135849124839
2025-12-23,0.0022103213963524104
2025-12-24,0.0003396162369201927
2025-12-26,-0.0011891617811763122
2025-12-29,-0.0008502678855933921
2025-12-30,0.0007652736226549939
2025-12-31,-0.002467981338645314
2026-01-02,0.00017040129546214144
2026-01-05,-0.0019613701763837588
2026-01-06,-0.0022218433341256727
2026-01-07,8.554685834377684e-05
2026-01-08,-0.002998502996256619
2026-01-09,-0.0018034269991507035
2026-01-12,0.0032609657319147833
2026-01-13,-0.002230037805556251
2026-01-14,0.000772499072792171
2026-01-15,-0.004299232761320021
2026-01-16,-0.0005171522266613215
2026-01-20,0.011997744396645943
2026-01-21,-0.002900530953510866
2026-01-22,0.002815341193268539
2026-01-23,0.002807437294200882
2026-01-26,0.009722357514125368
2026-01-27,0.007877355742834269
2026-01-28,-0.0032607361360557086
2026-01-29,0.00016747613504222714
2026-01-30,-0.0048682318741326
2026-02-02,-0.00658452488718439
2026-02-03,0.0010158301051307328
2026-02-04,-0.0013546695831716249
2026-02-05,-8.472781195492662e-05
2026-02-06,0.0008469552466993102
2026-02-09,0.007254354884037639
2026-02-10,0.0
2026-02-11,-0.001177361165352775
2026-02-12,-0.0011787489787844219
2026-02-13,0.0
2026-02-17,-0.0032910033500509195
2026-02-18,-0.0017765750622548149
2026-02-19,-0.0040726341715068
2026-02-20,0.0016140682262180406
2026-02-23,0.0019503928167106666
2026-02-24,-0.0012715637707024219
2026-02-25,0.0012715637707024219
2026-02-26,-0.0010171216337120648
2026-02-27,0.0025408669551968688
2026-03-02,-0.011228426918200612
2026-03-03,-0.007383909224819407
2026-03-04,0.002925739975320474
2026-03-05,-0.004564448350138528
2026-03-06,0.0018110478840769884
2026-03-09,-0.0012070007500353253
2026-03-10,0.004819286435948922
2026-03-11,-0.007064731718303602
2026-03-12,-0.0038115084258353027
2026-03-13,-0.006792676122327396
2026-03-16,0.0037503859754033086
2026-03-17,0.0033026277194450893
2026-03-18,-0.0010417571911849055
2026-03-19,0.00017370158112109402
2026-03-20,0.0024286593601267614
2026-03-23,0.0038045873821500875
2026-03-24,-0.0007770343581124939
2026-03-25,-0.0006912044512276116
2026-03-26,-0.0024229849168106443
2026-03-27,-0.0019079010210294733
2026-03-30,-0.005745641296079573
2026-03-31,0.005572015112815049
2026-04-01,0.008300237865377535
2026-04-02,-0.005872210311116205
2026-04-03,-0.0019940186068643784
2026-04-06,0.0019074047745812062
2026-04-07,0.002249525087741705
2026-04-08,0.009889576238044928
2026-04-09,0.0017099867367838528
2026-04-10,0.0014511932206619227
2026-04-13,-0.0011095464800651433
2026-04-14,0.0068933509849103125
2026-04-15,0.0006782535232458253
2026-04-16,-0.0013569673865785614
2026-04-17,0.0015264589124080186
2026-04-20,-0.0013567372555170765
2026-04-21,-0.0028040975165183335
2026-04-22,-0.0032387312039856564
2026-04-23,-0.0008540439497672636
2026-04-24,0.0011954574047735866
2026-04-27,0.0011087894009864652
2026-04-28,-0.0013648385638243554
2026-04-29,-0.0017086719236166226
2026-04-30,0.002903007503225724
2026-05-01,0.002214274452664755
2026-05-04,-0.004860794971198817
2026-05-05,0.000769066476701441
2026-05-06,0.003921573653181631
2026-05-07,0.0009354935410314236
2026-05-08,0.000764753404311258
2026-05-11,0.0005944041273808487
2026-05-12,-0.0039977937819538345
2026-05-13,-0.001876813381486514
2026-05-14,-0.0028218411986544456
2026-05-15,-0.004376750174874627
2026-05-18,0.0018903597311688003
2026-05-19,-0.00404284237376748
2026-05-20,0.0015502543798925905
2026-05-21,-0.002671379071511104
2026-05-22,0.001207313013154493
2026-05-26,0.0014640660583566112
2026-05-27,0.0009461959331366898
2026-05-28,0.0015463920607381998
2026-05-29,0.0025720178787883297
2026-06-01,-0.004720431028446437
2026-06-02,0.0015473225815618163
2026-06-03,-0.0031832091231432658
2026-06-04,0.0020659385845057665
2026-06-05,-0.008289487067104528
2026-06-08,0.001039951562657071
2026-06-09,0.0009523397975300385
2026-06-10,-0.0005193456361862192
2026-06-11,-0.0030349036951540787
2026-06-12,0.005024265593292221
2026-06-15,0.002244088633798408
2026-06-16,0.0013784787226333306
2026-06-17,-0.0018958985341080703
2026-06-18,-0.010666536546985017
2026-06-22,-0.0033184905137130793
2026-06-23,-0.004295426284486592
2026-06-24,-0.0030794973964747285
2026-06-25,0.003255182569098042
2026-06-26,0.0015797791595184574
2026-06-29,0.0019274581050470196
2026-06-30,-0.0007004640860784062
2026-07-01,-0.0028946119066387554
2026-07-02,0.0056061814665985255
2026-07-06,-0.0019235819518789998
2026-07-07,-0.0002625935504607102
2026-07-08,-0.0023664501161483054
2026-07-09,0.0037661529078744926
2026-07-10,-8.742405041192725e-05
2026-07-13,-0.003152366883734159
2026-07-14,0.002277705759136439
2026-07-15,0.0006997900915386712
2026-07-16,0.0009614124762739873
2026-07-17,-0.0006117009846875743
2026-07-20,-0.0025381834991091146
2026-07-21,-0.00026293878060248965
2026-07-22,0.0005258084425761866
2026-07-23,-0.003598546912208872
2026-07-24,0.0010545743133955343
2026-07-27,-0.0007908264548179833
2026-07-28,0.0021951977906976283
2026-07-29,-0.0014922100640313296
2026-07-30,0.01204939052263998
2026-07-31,-0.0002604053658220029
2026-08-03,-0.0008685079580152411
2026-08-04,0.0015627716325215257
2026-08-05,0.0017335533508432421
2026-08-06,-0.0022542059138023762
2026-08-07,0.0032928972562137337
2026-08-10,-0.0006057721616597456
2026-08-11,-0.0007793895176951837
2026-08-12,-0.00025993155282180713
2026-08-13,-0.0007802002909742534
2026-08-14,0.004326763413261353
2026-08-17,0.0008631107043674258
2026-08-18,-0.0009494627617588347
2026-08-19,0.007227703121453294
2026-08-20,0.0012851820301258976
2026-08-21,0.00042802722906631896
2026-08-24,-0.001627479052101255
2026-08-25,0.0006855771971328306
2026-08-26,-0.0018864694327221099
2026-08-27,0.00025745548307834487
2026-08-28,-0.004816799266633642
2026-08-31,0.0016368730770889017
2026-09-01,-0.0020680748430733364
2026-09-02,-8.626266988309705e-05
2026-09-03,0.002670688643189728
2026-09-04,-0.0004302740912302816
2026-09-08,0.0007743601161304681
2026-09-09,0.0
2026-09-10,0.00017199862443501024
2026-09-11,-0.0021521120517485337
