date,logret
2000-01-04,-0.05714601734740299
2000-01-05,-0.006208835575028715
2000-01-06,-0.039562472966526485
2000-01-07,0.04087174461772847
2000-01-10,0.04212516335967287
2000-01-11,-0.03224021280586342
2000-01-12,-0.018316816055190088
2000-01-13,0.027460873467415325
2000-01-14,0.026694928250977412
2000-01-18,0.016239377952512513
2000-01-19,0.004945610888707819
2000-01-20,0.009164587320704243
2000-01-21,0.010894025545457708
2000-01-24,-0.0334473137206075
2000-01-25,0.017264339352481173
2000-01-26,-0.023673912629401883
2000-01-27,-0.007485074936935732
2000-01-28,-0.03848011161434606
2000-01-31,0.01361389859404305
2000-02-01,0.02793606908449675
2000-02-02,0.005409844087816751
2000-02-03,0.03307990525691196
2000-02-04,0.007843845103939984
2000-02-07,0.018125804915687382
2000-02-08,0.024170045590569345
2000-02-09,-0.014620136308446163
2000-02-10,0.027663973381947926
2000-02-11,-0.02030896833896456
2000-02-14,0.005241584357143836
2000-02-15,0.0005023497134590826
2000-02-16,0.0015550537292874367
2000-02-17,0.027020877766842588
2000-02-18,-0.030620602386409956
2000-02-22,-0.006736570293380595
2000-02-23,0.03766712267815109
2000-02-24,0.014686121551664044
2000-02-25,-0.005896945924527941
2000-02-28,-0.0027594736754394944
2000-02-29,0.025628515890874226
2000-03-01,0.018435762429691138
2000-03-02,-0.006200163276309567
2000-03-03,0.033155442315933925
2000-03-06,-0.002024502866266431
2000-03-07,-0.0116913187288894
2000-03-08,0.010142604492006768
2000-03-09,0.030090423449262715
2000-03-10,0.0003487211955235381
2000-03-13,-0.028403248434411665
2000-03-14,-0.041739585293612436
2000-03-15,-0.026701215559581826
2000-03-16,0.028984796995093376
2000-03-17,0.0169705247141394
2000-03-20,-0.03999837724107458
2000-03-21,0.02181671262740359
2000-03-22,0.031970757220166846
2000-03-23,0.015473450829388113
2000-03-24,0.004527620343699468
2000-03-27,-0.0009010102080964089
2000-03-28,-0.025463832997360214
2000-03-29,-0.03993124603554321
2000-03-30,-0.041044718202064345
2000-03-31,0.025456695762185788
2000-04-03,-0.07942545877185303
2000-04-04,-0.017865966036753278
2000-04-05,0.004888157946087546
2000-04-06,0.023313229585792072
2000-04-07,0.041063819848933036
2000-04-10,-0.05983497492663403
2000-04-11,-0.0320985069188886
2000-04-12,-0.07319576475480716
2000-04-13,-0.024939445207248667
2000-04-14,-0.10168410367409919
2000-04-17,0.0635361125801861
2000-04-18,0.06941816024281167
2000-04-19,-0.023243816822514418
2000-04-20,-0.01701471358918205
2000-04-24,-0.045304337803983685
2000-04-25,0.06361867475251337
2000-04-26,-0.0221058872291664
2000-04-27,0.03888593823358555
2000-04-28,0.022694726747706895
2000-05-01,0.02492094839178982
2000-05-02,-0.044594321662323466
2000-05-03,-0.02085819522995358
2000-05-04,0.00348161765767685
2000-05-05,0.025629453399668378
2000-05-08,-0.03939495457901465
2000-05-09,-0.023261412356678335
2000-05-10,-0.05748713242266135
2000-05-11,0.033368849869573225
2000-05-12,0.008388579516482864
2000-05-15,0.022025000638446812
2000-05-16,0.030013683648027367
2000-05-17,-0.01972486667520279
2000-05-18,-0.029583137831544093
2000-05-19,-0.04281436318696663
2000-05-22,-0.007754725493329673
2000-05-23,-0.0611822734122871
2000-05-24,0.03296566387651012
2000-05-25,-0.020155225453949654
2000-05-26,-7.487457274812925e-05
2000-05-30,0.07637183843970874
2000-05-31,-0.017075266085459617
2000-06-01,0.052017863693601285
2000-06-02,0.0624550235200978
2000-06-05,0.0021951478129071944
2000-06-06,-0.017257955309686324
2000-06-07,0.021826545495779115
2000-06-08,-0.003574765131844515
2000-06-09,0.012799517205206001
2000-06-12,-0.027983946560205197
2000-06-13,0.02182800254265871
2000-06-14,-0.014029218035544133
2000-06-15,0.012646807378420277
2000-06-16,0.0038462262137404224
2000-06-19,0.03293637720711473
2000-06-20,0.00588017941599972
2000-06-21,0.01254135083119401
2000-06-22,-0.03179177992636717
2000-06-23,-0.023516344947090317
2000-06-26,0.01721740807114891
2000-06-27,-0.013681749504135254
2000-06-28,0.02086932930869345
2000-06-29,-0.016146060196762235
2000-06-30,0.02266481644031515
2000-07-03,0.00648901354911402
2000-07-05,-0.032804810855989075
2000-07-06,0.02491797631707726
2000-07-07,0.015689622176948248
2000-07-10,-0.010722902961518344
2000-07-11,-0.006015134552480816
2000-07-12,0.03554737437137945
2000-07-13,0.018193861461980987
2000-07-14,0.016939004561994153
2000-07-17,0.0066870915301358025
2000-07-18,-0.023072923100155407
2000-07-19,-0.029527954697195824
2000-07-20,0.03129556466790362
2000-07-21,-0.021769188796156413
2000-07-24,-0.027956155181529496
2000-07-25,0.011983456435004314
2000-07-26,-0.010440055822300565
2000-07-27,-0.03716670953097889
2000-07-28,-0.04777043832838501
2000-07-31,0.027993787684948757
2000-08-01,-0.021864637877595072
2000-08-02,-0.00736935044182907
2000-08-03,0.02734472766880991
2000-08-04,0.007282223988191561
2000-08-07,0.01977225767193147
2000-08-08,-0.003745025821054071
2000-08-09,0.001285359565830646
2000-08-10,-0.024565531009359987
2000-08-11,0.007809864669241051
2000-08-14,0.015766450461132564
2000-08-15,0.0005115910284718694
2000-08-16,0.0024738019610843764
2000-08-17,0.020423537507133105
2000-08-18,-0.002675582357561268
2000-08-21,0.005786746259069275
2000-08-22,0.0012791882485903017
2000-08-23,0.013251189359653637
2000-08-24,0.01048335475318396
2000-08-25,-0.0026186156464689248
2000-08-28,0.006880152214861823
2000-08-29,0.002840716949259914
2000-08-30,0.005287134144152716
2000-08-31,0.024679486711947973
2000-09-01,0.006629817117362435
2000-09-05,-0.021761477251839523
2000-09-06,-0.03183981711545236
2000-09-07,0.020960643273367552
2000-09-08,-0.029702257617111982
2000-09-11,-0.020841977358855956
2000-09-12,-0.012094372528366648
2000-09-13,0.011462760366740099
2000-09-14,0.005115496370303063
2000-09-15,-0.020294724893803462
2000-09-18,-0.028754574319965087
2000-09-19,0.036652401625305586
2000-09-20,0.008192683155760605
2000-09-21,-0.017750161212013893
2000-09-22,-0.006579697324230693
2000-09-25,-0.01657830016604045
2000-09-26,-0.014029201275524983
2000-09-27,-0.008930831863219524
2000-09-28,0.03282776401215948
2000-09-29,-0.028319706497875075
2000-10-02,-0.028702380287599638
2000-10-03,-0.0321947151755424
2000-10-04,0.019278629050470286
2000-10-05,-0.014581685221685348
2000-10-06,-0.032518099403572975
2000-10-09,-0.001622837940344013
2000-10-10,-0.03487869437085145
2000-10-11,-0.022484864011071082
2000-10-12,-0.030054322057122107
2000-10-13,0.07579061511490615
2000-10-16,-0.008018747241607116
2000-10-17,-0.023468866909833963
2000-10-18,-0.013280210652720115
2000-10-19,0.07500754022575329
2000-10-20,0.018703015863339445
2000-10-23,-0.004157170795995313
2000-10-24,-0.014197827070573155
2000-10-25,-0.05723013449883929
2000-10-26,0.013107385957127349
2000-10-27,0.0018869215600822997
2000-10-30,-0.02688366872694914
2000-10-31,0.054343249879856614
2000-11-01,-0.010813139318809561
2000-11-02,0.028284739808478676
2000-11-03,0.006557608091704026
2000-11-06,-0.010300381843435957
2000-11-07,-0.00012292794951029862
2000-11-08,-0.055400510603311304
2000-11-09,-0.009748090120435648
2000-11-10,-0.05503098194292377
2000-11-13,-0.020772271834681
2000-11-14,0.05621474333670928
2000-11-15,0.008636159955409894
2000-11-16,-0.043125008344697235
2000-11-17,-0.0015480733772488264
2000-11-20,-0.05135955631596811
2000-11-21,-0.0014581091517662514
2000-11-22,-0.04127623279699222
2000-11-24,0.05267902318110629
2000-11-27,-0.008259486873360977
2000-11-28,-0.05183629908282761
2000-11-29,-0.01030898993169771
2000-11-30,-0.041100178390498066
2000-12-01,0.018065767129241017
2000-12-04,-0.011229851619696696
2000-12-05,0.09963644919506809
2000-12-06,-0.03281867719458198
2000-12-07,-0.015800950309913908
2000-12-08,0.05813538334495849
2000-12-11,0.032929961199481994
2000-12-12,-0.02802668665225827
2000-12-13,-0.03788766360003315
2000-12-14,-0.03396300302779309
2000-12-15,-0.02796282731617694
2000-12-18,-0.010894819295609537
2000-12-19,-0.043934249092621336
2000-12-20,-0.07390307856351086
2000-12-21,0.003141558217542695
2000-12-22,0.07287340966513156
2000-12-26,-0.009380295189806098
2000-12-27,0.01821280656751778
2000-12-28,0.007223698047139848
2000-12-29,-0.034703216569710094
2001-01-02,-0.07506490087032258
2001-01-03,0.1325463760580634
2001-01-04,-0.019238432924753468
2001-01-05,-0.0640205774824496
2001-01-08,-0.0048838693777568665
2001-01-09,0.01876344620406112
2001-01-10,0.03338552611606982
2001-01-11,0.045078598405476455
2001-01-12,-0.005342667420353386
2001-01-16,-0.0030314133081095207
2001-01-17,0.024232833134361087
2001-01-18,0.031448460444516435
2001-01-19,0.0006824109230878506
2001-01-22,-0.004511337977911367
2001-01-23,0.029468214241472168
2001-01-24,0.006583014836064827
2001-01-25,-0.037368267632369445
2001-01-26,0.009762385781781902
2001-01-29,0.02030094335075372
2001-01-30,3.526620371729905e-06
2001-01-31,-0.023390544448880668
2001-02-01,0.0036216482180986276
2001-02-02,-0.04493996054083027
2001-02-05,-0.006520002202375252
2001-02-06,0.008018593181292388
2001-02-07,-0.02149801654235972
2001-02-08,-0.01770300421699922
2001-02-09,-0.03620087103116987
2001-02-12,0.007535345423662854
2001-02-13,-0.025193586438802207
2001-02-14,0.02589222904498012
2001-02-15,0.02438908829386932
2001-02-16,-0.05124568573950672
2001-02-20,-0.04513239694964444
2001-02-21,-0.02154303162056692
2001-02-22,-0.010625049993206126
2001-02-23,0.007787134524497752
2001-02-26,0.020123142176948328
2001-02-27,-0.044592328649880386
2001-02-28,-0.0256869551120813
2001-03-01,0.014550929200980889
2001-03-02,-0.030572124931023126
2001-03-05,0.011871865019848826
2001-03-06,0.02829959257693293
2001-03-07,0.008802428319238054
2001-03-08,-0.02512963562627668
2001-03-09,-0.05494674744940298
2001-03-12,-0.06511092878549185
2001-03-13,0.04642596530974075
2001-03-14,-0.021416146084948018
2001-03-15,-0.016040011377925545
2001-03-16,-0.02599565262081427
2001-03-19,0.031376132538148305
2001-03-20,-0.04923518122979775
2001-03-21,-0.014757532717642796
2001-03-22,0.036200969503124014
2001-03-23,0.016193258101701247
2001-03-26,-0.005297445753843277
2001-03-27,0.02762645914077666
2001-03-28,-0.06174928635497512
2001-03-29,-0.018265976614421753
2001-03-30,0.01075726192598303
2001-04-02,-0.03162637455978068
2001-04-03,-0.06366207472838958
2001-04-04,-0.02065412551905954
2001-04-05,0.0854541187459752
2001-04-06,-0.03688485249608675
2001-04-09,0.014627764581507385
2001-04-10,0.05912102329866187
2001-04-11,0.025018725507426787
2001-04-12,0.03237275031686959
2001-04-16,-0.02679576874449996
2001-04-17,0.007122791710398424
2001-04-18,0.0780977491113477
2001-04-19,0.048207398927526235
2001-04-20,-0.008620357513650312
2001-04-23,-0.04930977551590843
2001-04-24,-0.02095798787278902
2001-04-25,0.02119103787243315
2001-04-26,-0.012172062918375026
2001-04-27,0.019851926410616727
2001-04-30,0.019352146592718
2001-05-01,0.024274849553755473
2001-05-02,0.023861699561889438
2001-05-03,-0.0340786598555205
2001-05-04,0.020901129645271688
2001-05-07,-0.008228934907653418
2001-05-08,0.011527113490844343
2001-05-09,-0.01935135817206035
2001-05-10,-0.012960088179461593
2001-05-11,-0.010117512441299326
2001-05-14,-0.01217865585822775
2001-05-15,0.0017565241468897597
2001-05-16,0.03803820884597009
2001-05-17,0.012495227398872544
2001-05-18,0.002367618801157434
2001-05-21,0.04738856057836571
2001-05-22,0.003576198949261311
2001-05-23,-0.030884623011771417
2001-05-24,0.01703280115604411
2001-05-25,-0.013673121941424782
2001-05-29,-0.0341109747180246
2001-05-30,-0.04274790920396221
2001-05-31,0.012391125049599161
2001-06-01,0.018287172448041566
2001-06-04,0.0030148374432412695
2001-06-05,0.03541930306145691
2001-06-06,-0.007157314919048474
2001-06-07,0.020649018918931894
2001-06-08,-0.021835567049449445
2001-06-11,-0.020211029824096727
2001-06-12,-0.000382460157094755
2001-06-13,-0.022505343583196336
2001-06-14,-0.03725586767316713
2001-06-15,-0.007680770763255573
2001-06-18,-0.019816159395124266
2001-06-19,0.002024484844746155
2001-06-20,0.019175992458854374
2001-06-21,0.01345742535854555
2001-06-22,-0.01168668963003583
2001-06-25,0.00784697557886993
2001-06-26,0.00668209636219963
2001-06-27,0.004889593051342622
2001-06-28,0.024152391239788962
2001-06-29,0.016369977371387456
2001-07-02,-0.005485906153949394
2001-07-03,-0.0036926886171757545
2001-07-05,-0.028758785187457114
2001-07-06,-0.03719579116338778
2001-07-09,0.011188731977201272
2001-07-10,-0.03204681902691586
2001-07-11,0.004701609398987117
2001-07-12,0.05124915214936632
2001-07-13,0.004350437582741229
2001-07-16,-0.02706595036750148
2001-07-17,0.018650916400443585
2001-07-18,-0.025053421676410892
2001-07-19,0.014975282957945701
2001-07-20,-0.008449579152023823
2001-07-23,-0.020314609479688883
2001-07-24,-0.014854150213883699
2001-07-25,0.012719621152154303
2001-07-26,0.019285506953926834
2001-07-27,0.0030157674658077838
2001-07-30,-0.005549918104298612
2001-07-31,0.0045933865834095755
2001-08-01,0.020144633516367527
2001-08-02,0.009143999392742685
2001-08-03,-0.010135510224116295
2001-08-06,-0.015642003495770496
2001-08-07,-0.0031855718648063913
2001-08-08,-0.030762438902994127
2001-08-09,-0.0015472199883168614
2001-08-10,-0.0034950763709371557
2001-08-13,0.013090749097660392
2001-08-14,-0.00897951729633828
2001-08-15,-0.02350614437922971
2001-08-16,0.005938862962095115
2001-08-17,-0.03334753849463912
2001-08-20,0.007651365309346403
2001-08-21,-0.026963467443745337
2001-08-22,0.015555745477191074
2001-08-23,-0.009203484454327615
2001-08-24,0.03927876956204024
2001-08-27,-0.0022929097524677644
2001-08-28,-0.025113925955240646
2001-08-29,-0.011763379517497619
2001-08-30,-0.028333182031192727
2001-08-31,0.007645063153376874
2001-09-04,-0.019378676283304586
2001-09-05,-0.006668987687080019
2001-09-06,-0.030810740879132936
2001-09-07,-0.010573789131679945
2001-09-10,0.004540281047947126
2001-09-17,-0.07076688011762489
2001-09-18,-0.015613064264877963
2001-09-19,-0.017698138909104877
2001-09-20,-0.03793393375864529
2001-09-21,-0.03299410057148844
2001-09-24,0.05216425461462926
2001-09-25,0.0014928095734809688
2001-09-26,-0.025358089691312813
2001-09-27,-0.0022771721097623043
2001-09-28,0.025742228373755616
2001-10-01,-0.012311996605760989
2001-10-02,0.007985803592396756
2001-10-03,0.05759878346586156
2001-10-04,0.010383590073606896
2001-10-05,0.004989684378408299
2001-10-08,0.00040476596504390727
2001-10-09,-0.02251885755516625
2001-10-10,0.03508631211676505
2001-10-11,0.04520966013650707
2001-10-12,0.0011337019741883836
2001-10-15,-0.004170929829705905
2001-10-16,0.01507168616839838
2001-10-17,-0.044972402872205386
2001-10-18,0.0038677762508969593
2001-10-19,0.01118538734488439
2001-10-22,0.021762121829427272
2001-10-23,-0.0021333302886530348
2001-10-24,0.015774631849675202
2001-10-25,0.025053951598402513
2001-10-26,-0.00367337891369246
2001-10-29,-0.04004591145070702
2001-10-30,-0.01907432490788974
2001-10-31,0.013575291403058465
2001-11-01,0.032652455685283854
2001-11-02,-0.00032649682829521964
2001-11-05,0.02707986835794962
2001-11-06,0.022835389884893864
2001-11-07,0.0013342411066945559
2001-11-08,-0.005325639213013211
2001-11-09,0.00038835470573506115
2001-11-12,0.006351214014045148
2001-11-13,0.027856376780104775
2001-11-14,0.005838794164468197
2001-11-15,-0.0013775819761923103
2001-11-16,-0.0010475977350310473
2001-11-19,0.018701347479825436
2001-11-20,-0.028264540823917272
2001-11-21,-0.002907670067369139
2001-11-23,0.014901302576343589
2001-11-26,0.019785128375552574
2001-11-27,-0.0027133049927234865
2001-11-28,-0.02510631548473974
2001-11-29,0.02370553993286162
2001-11-30,-0.0013872490395305803
2001-12-03,-0.013390926563258354
2001-12-04,0.03009531741639737
2001-12-05,0.04177227976451903
2001-12-06,0.0036234394428662497
2001-12-07,-0.016199479040837517
2001-12-10,-0.014521688301130098
2001-12-11,0.0049123462155664654
2001-12-12,0.004709314006992038
2001-12-13,-0.032783025585024106
2001-12-14,0.0034156856783749134
2001-12-17,0.017398669252274956
2001-12-18,0.008671972287946694
2001-12-19,-0.010968973838255458
2001-12-20,-0.03299088340850531
2001-12-21,0.014124098208831981
2001-12-24,-0.0006940195830926754
2001-12-26,0.008306948339930287
2001-12-27,0.007985622146263971
2001-12-28,0.0054696608699584814
2001-12-31,-0.01872231818971226
2002-01-02,0.014683492807072263
2002-01-03,0.03232278203602412
2002-01-04,0.007364142617185543
2002-01-07,-0.010877693865956495
2002-01-08,0.009108659845240119
2002-01-09,-0.005291870221469708
2002-01-10,0.001148534304364901
2002-01-11,-0.01217796684730299
2002-01-14,-0.015808148932666022
2002-01-15,0.005095670156078924
2002-01-16,-0.028628106418551624
2002-01-17,0.021057912284756952
2002-01-18,-0.028335764529143326
2002-01-22,-0.02507950311555529
2002-01-23,0.0209473718814861
2002-01-24,0.010452959566774389
2002-01-25,-0.0025152863052841923
2002-01-28,0.0031997487278143666
2002-01-29,-0.026543841818985392
2002-01-30,0.01074505418193894
2002-01-31,0.01070328533518694
2002-02-01,-0.011853682991365133
2002-02-04,-0.029581855634465803
2002-02-05,-0.009209474568631748
2002-02-06,-0.01413796920194077
2002-02-07,-0.0170248942360951
2002-02-08,0.02042288241216106
2002-02-11,0.015157690754180386
2002-02-12,-0.006764770685815158
2002-02-13,0.013510941399172083
2002-02-14,-0.008529375678189233
2002-02-15,-0.020924053598240455
2002-02-19,-0.030707071662644303
2002-02-20,0.014157177628342232
2002-02-21,-0.033985622151825545
2002-02-22,0.0048245251697611735
2002-02-25,0.025951379530366303
2002-02-26,-0.001707798862002896
2002-02-27,-0.00851445176917398
2002-02-28,-0.011707195940586779
2002-03-01,0.04032542043704801
2002-03-04,0.030903076293625986
2002-03-05,0.0037417233327712296
2002-03-06,0.012835935877526516
2002-03-07,-0.004650034737710307
2002-03-08,0.025210601547201783
2002-03-11,-9.331238376919515e-05
2002-03-12,-0.01691877007722198
2002-03-13,-0.01866963798706056
2002-03-14,-0.004246321568011524
2002-03-15,0.00760796801996122
2002-03-18,0.004677801593503617
2002-03-19,0.002027678947908562
2002-03-20,-0.02585139146747828
2002-03-21,0.019429501397588922
2002-03-22,-0.009375826859638892
2002-03-25,-0.02123513112846176
2002-03-26,0.006423528051958449
2002-03-27,0.001413318535099073
2002-03-28,0.01013051647914498
2002-04-01,0.009315147936475476
2002-04-02,-0.03175595602241277
2002-04-03,-0.011173950508516661
2002-04-04,0.003021755720276076
2002-04-05,-0.011079433147886064
2002-04-08,0.008909176570835342
2002-04-09,-0.024544684527846528
2002-04-10,0.013961773135110711
2002-04-11,-0.02395661174445074
2002-04-12,0.017780490871209587
2002-04-15,-0.0013731812569188762
2002-04-16,0.03529775391750789
2002-04-17,-0.0033742623123709237
2002-04-18,-0.004561182528752816
2002-04-19,-0.0031118075160048164
2002-04-22,-0.021460418554750227
2002-04-23,-0.016274511105002
2002-04-24,-0.009844385202016248
2002-04-25,0.00021008529903632223
2002-04-26,-0.029496503943424734
2002-04-29,-0.0041917183015396375
2002-04-30,0.01871410629997783
2002-05-01,-0.006358140323202477
2002-05-02,-0.019691567840411928
2002-05-03,-0.019516507066440703
2002-05-06,-0.021652069711201705
2002-05-07,-0.0029565953003105605
2002-05-08,0.07493778534142148
2002-05-09,-0.027371328740842138
2002-05-10,-0.0305374846741584
2002-05-13,0.03177879890574431
2002-05-14,0.039458319222667626
2002-05-15,0.0037798283773025076
2002-05-16,0.002824008134026279
2002-05-17,0.006307975730317494
2002-05-20,-0.023120565323887732
2002-05-21,-0.02223054607752495
2002-05-22,0.005554792642171513
2002-05-23,0.014345829062684778
2002-05-24,-0.021518379346296967
2002-05-28,-0.0056251822870097
2002-05-29,-0.016957232262237554
2002-05-30,0.00462489295148405
2002-05-31,-0.009970407817658788
2002-06-03,-0.033461315453790164
2002-06-04,0.009908722675950443
2002-06-05,0.010802476412590245
2002-06-06,-0.025638363102542527
2002-06-07,-0.012555352355032134
2002-06-10,-0.003124447164582378
2002-06-11,-0.022135201291219708
2002-06-12,0.014547842055905313
2002-06-13,-0.01474827145495361
2002-06-14,0.005237174145722889
2002-06-17,0.0317551679212853
2002-06-18,-0.006672663030037107
2002-06-19,-0.03035311502695226
2002-06-20,-0.021664929733090865
2002-06-21,-0.016375048420354865
2002-06-24,0.013359730893300892
2002-06-25,-0.02520647828042133
2002-06-26,0.003742988627440269
2002-06-27,0.020682534612946668
2002-06-28,0.0027443188347531233
2002-07-01,-0.04144974561342085
2002-07-02,-0.03330244716699582
2002-07-03,0.016326278898339375
2002-07-05,0.048225159905368464
2002-07-08,-0.029960509890138987
2002-07-09,-0.017576601171454875
2002-07-10,-0.025750092801440694
2002-07-11,0.020894470924285535
2002-07-12,-0.0006769122417766837
2002-07-15,0.0066180198394301115
2002-07-16,-0.005337435139498581
2002-07-17,0.015863207914547317
2002-07-18,-0.029266520961288123
2002-07-19,-0.02825188991264227
2002-07-22,-0.028059338971723413
2002-07-23,-0.042686716354816134
2002-07-24,0.04857892894963012
2002-07-25,-0.03964462368941124
2002-07-26,0.017616984665599134
2002-07-29,0.05632569734472437
2002-07-30,0.006673017328793662
2002-07-31,-0.011921735190586702
2002-08-01,-0.03700974444442373
2002-08-02,-0.025381877388202412
2002-08-05,-0.034160802301277826
2002-08-06,0.04343715483982358
2002-08-07,0.016808421833168552
2002-08-08,0.027428931555738778
2002-08-09,-0.007930999961899055
2002-08-12,0.0005510767345144885
2002-08-13,-0.02916214959034491
2002-08-14,0.0499570127077531
2002-08-15,0.007994608870235176
2002-08-16,0.011825623125153228
2002-08-19,0.024337561445035405
2002-08-20,-0.012955237949023868
2002-08-21,0.023448246127347083
2002-08-22,0.00967449916169727
2002-08-23,-0.03019947704045034
2002-08-26,0.008022085739535889
2002-08-27,-0.032095939680198526
2002-08-28,-0.025093740888226357
2002-08-29,0.016142843955150532
2002-08-30,-0.015785347112636572
2002-09-03,-0.03956789372476255
2002-09-04,0.022276681611031357
2002-09-05,-0.03248812851591332
2002-09-06,0.03479913476568086
2002-09-09,0.007154095415573103
2002-09-10,0.011803428534221005
2002-09-11,-0.0035211149051672663
2002-09-12,-0.02756868664660317
2002-09-13,0.00911683146686304
2002-09-16,-0.012090779675279606
2002-09-17,-0.012572086163309848
2002-09-18,-0.006217949223788821
2002-09-19,-0.028909364316825226
2002-09-20,0.003807133758556347
2002-09-23,-0.030060128053999158
2002-09-24,-0.0023319765979721296
2002-09-25,0.03337441058579049
2002-09-26,-0.000556531545232275
2002-09-27,-0.018548308700696126
2002-09-30,-0.022858405806804427
2002-10-01,0.03492706501724996
2002-10-02,-0.022008136578075543
2002-10-03,-0.01848015432395478
2002-10-04,-0.022261147812682403
2002-10-07,-0.018147711393242894
2002-10-08,0.008734253665193314
2002-10-09,-0.013471236200574666
2002-10-10,0.043265094727344966
2002-10-11,0.039687728261477595
2002-10-14,0.008276524903806148
2002-10-15,0.049479253011072366
2002-10-16,-0.0397847158897191
2002-10-17,0.03183870529296762
2002-10-18,0.012163457691296564
2002-10-21,0.016793315888415705
2002-10-22,-0.012964784082383218
2002-10-23,0.020995502496276686
2002-10-24,-0.016434515016211293
2002-10-25,0.024656775201730596
2002-10-28,-0.011560597405728679
2002-10-29,-0.011688018959870483
2002-10-30,0.019937660590733763
2002-10-31,0.0022737011793863005
2002-11-01,0.02300828268982258
2002-11-04,0.025998539669853216
2002-11-05,0.003309856255513388
2002-11-06,0.012637710799149993
2002-11-07,-0.030248777621413758
2002-11-08,-0.012741397084618633
2002-11-11,-0.029937301882265288
2002-11-12,0.022760789349610455
2002-11-13,0.008683473954384624
2002-11-14,0.03620502100114553
2002-11-15,-0.000269253031188299
2002-11-18,-0.012443034810164733
2002-11-19,-0.013857552855753852
2002-11-20,0.0321016920611541
2002-11-21,0.033395373826293095
2002-11-22,0.000810506765722252
2002-11-25,0.008920180961299096
2002-11-26,-0.025610247428650368
2002-11-27,0.02967775637798553
2002-11-29,-0.006175130317076061
2002-12-02,0.004049189541859732
2002-12-03,-0.024420602109427314
2002-12-04,-0.012926878253225915
2002-12-05,-0.01379767463318693
2002-12-06,0.008252187807380018
2002-12-09,-0.03965268841662706
2002-12-10,0.017129390076251028
2002-12-11,0.004183159350060528
2002-12-12,0.0021172645848182015
2002-12-13,-0.026888228778557455
2002-12-16,0.027445329258130258
2002-12-17,-0.005930375864785731
2002-12-18,-0.0221831307661855
2002-12-19,-0.005457376140689085
2002-12-20,0.00658786267311573
2002-12-23,0.013582473535867834
2002-12-24,-0.006695330292822987
2002-12-26,-0.00334259757365718
2002-12-27,-0.01441741748482972
2002-12-30,-0.006525699228018489
2002-12-31,-0.003013051922163612
2003-01-02,0.036278564211193576
2003-01-03,0.0016089735345587997
2003-01-06,0.024385193068765965
2003-01-07,0.007185727098157457
2003-01-08,-0.021535514514829934
2003-01-09,0.026336877641692347
2003-01-10,0.006416815138858389
2003-01-13,-0.0011610719781041112
2003-01-14,0.010285468549226628
2003-01-15,-0.015304814657886467
2003-01-16,-0.010515230996777092
2003-01-17,-0.033975466981901015
2003-01-21,-0.008713941713149431
2003-01-22,-0.003502567759650077
2003-01-23,0.020956122407068456
2003-01-24,-0.03379301580144389
2003-01-27,-0.012649138928541248
2003-01-28,0.012678970738074113
2003-01-29,0.011762056187455627
2003-01-30,-0.026646815622287434
2003-01-31,-0.00108951941418578
2003-02-03,0.0021779452803585286
2003-02-04,-0.013414966702854692
2003-02-05,-0.003566452015714816
2003-02-06,0.0001766885531235829
2003-02-07,-0.014906250873378823
2003-02-10,0.011019309975389469
2003-02-11,-0.0009413788272585322
2003-02-12,-0.012810770690224516
2003-02-13,-0.0011970141973858262
2003-02-14,0.025298903934838357
2003-02-18,0.02738143515709357
2003-02-19,-0.009116609951315802
2003-02-20,-0.0023184463163801183
2003-02-21,0.013275105173722324
2003-02-24,-0.01994527030489479
2003-02-25,0.004978568926684801
2003-02-26,-0.01922064019676828
2003-02-27,0.015421019194583607
2003-02-28,0.010205072539527293
2003-03-03,-0.012965728525405673
2003-03-04,-0.00952802749508308
2003-03-05,0.005056894785872679
2003-03-06,-0.008795421061017272
2003-03-07,0.0018403829812720929
2003-03-10,-0.020839443134058833
2003-03-11,-0.005412136721566263
2003-03-12,0.006092455578410316
2003-03-13,0.04697794640261943
2003-03-14,-0.0003282708474294793
2003-03-17,0.03801970313548697
2003-03-18,0.005929528830503017
2003-03-19,-0.0024879035324252285
2003-03-20,0.0040717192317041295
2003-03-21,0.013502916251823649
2003-03-24,-0.03730161903908513
2003-03-25,0.015379944617142094
2003-03-26,-0.0025626142482098047
2003-03-27,-0.002309018039452937
2003-03-28,-0.010639768141287753
2003-03-31,-0.020976308482115513
2003-04-01,0.005302175774939855
2003-04-02,0.03528203384642303
2003-04-03,-0.00010025035064309407
2003-04-04,-0.009402604046134577
2003-04-07,0.004327418713902631
2003-04-08,-0.004739548611429001
2003-04-09,-0.019126869242875877
2003-04-10,0.006516448351417736
2003-04-11,-0.00496246869857675
2003-04-14,0.019025266813812003
2003-04-15,0.004366106360230049
2003-04-16,0.0026635482669661315
2003-04-17,0.02182897209502066
2003-04-21,-0.0007930220985299385
2003-04-22,0.018771430519533006
2003-04-23,0.01014572354827692
2003-04-24,-0.006109401374569501
2003-04-25,-0.01569309240455663
2003-04-28,0.019125232302473094
2003-04-29,0.006176897045610197
2003-04-30,-0.004762215136825176
2003-05-01,0.005618240760726145
2003-05-02,0.020380847980311145
2003-05-05,0.0007715763773452622
2003-05-06,0.012993277916525159
2003-05-07,-0.011186468165646168
2003-05-08,-0.011393651354190126
2003-05-09,0.020241024972970756
2003-05-12,0.013882079940600534
2003-05-13,-0.0011164726902102018
2003-05-14,-0.003109389267245355
2003-05-15,0.010679612313951203
2003-05-16,-0.008317426412659756
2003-05-19,-0.030193966614598722
2003-05-20,-0.0011260943185833483
2003-05-21,-0.0008185086597753966
2003-05-22,0.011796984402563382
2003-05-23,0.0016833801113804725
2003-05-27,0.030392505488292088
2003-05-28,0.004198849714535768
2003-05-29,0.007462910470671602
2003-05-30,0.013220633138228521
2003-06-02,-0.0032385247464299383
2003-06-03,0.008020591007860567
2003-06-04,0.019202534951979544
2003-06-05,0.006925454412869847
2003-06-06,-0.011358217753914879
2003-06-09,-0.014514177987265953
2003-06-10,0.014667783567290371
2003-06-11,0.011210693385504733
2003-06-12,0.004606556467804168
2003-06-13,-0.016542508445552606
2003-06-16,0.024349283308044534
2003-06-17,0.001115426954918064
2003-06-18,0.005200947499547581
2003-06-19,-0.017139256000998415
2003-06-20,-0.002380575347993741
2003-06-23,-0.020870230114243604
2003-06-24,-0.00319617147800777
2003-06-25,-0.0018389674093901576
2003-06-26,0.019372352197386533
2003-06-27,-0.005369313354883332
2003-06-30,-0.0015147265527524212
2003-07-01,0.010622427525346367
2003-07-02,0.023262033559279693
2003-07-03,-0.009137796505787499
2003-07-07,0.03383722662920352
2003-07-08,0.014853886040035569
2003-07-09,0.0005724229803005798
2003-07-10,-0.018248878548486225
2003-07-11,0.01047613531224112
2003-07-14,0.011975717516444995
2003-07-15,-0.0009178858260492362
2003-07-16,-0.002993273267339447
2003-07-17,-0.028992219968984934
2003-07-18,0.00615291468803747
2003-07-21,-0.01598304511908033
2003-07-22,0.014577302234731526
2003-07-23,0.0076374145139963545
2003-07-24,-0.010384241858417909
2003-07-25,0.017062700391442753
2003-07-28,0.002688953493525048
2003-07-29,-0.002301876418784765
2003-07-30,-0.006059759264479325
2003-07-31,0.008165711420835997
2003-08-01,-0.011244423491358901
2003-08-04,-0.0009096688942280551
2003-08-05,-0.023947617912147834
2003-08-06,-0.01251899648834165
2003-08-07,-0.00030258467079491425
2003-08-08,-0.004945098047274499
2003-08-11,0.010576270866966553
2003-08-12,0.015230903687457165
2003-08-13,-0.00023714847345956969
2003-08-14,0.008107622419361249
2003-08-15,0.000981700349123038
2003-08-18,0.021782049888595445
2003-08-19,0.0123523225534381
2003-08-20,-0.00032368139371463656
2003-08-21,0.00961543680359167
2003-08-22,-0.006904092521818228
2003-08-25,-0.0005722343256788776
2003-08-26,0.003587012282618929
2003-08-27,0.006462556267948116
2003-08-28,0.010077408871616456
2003-08-29,0.005688716452698195
2003-09-02,0.016994179334773207
2003-09-03,0.006182406956018127
2003-09-04,0.008635468822455472
2003-09-05,-0.005757663358584075
2003-09-08,0.01621660311405293
2003-09-09,-0.008075397060783196
2003-09-10,-0.026843252312647614
2003-09-11,0.012142118753558861
2003-09-12,0.004831013788151317
2003-09-15,-0.005042301352534473
2003-09-16,0.02226216016156002
2003-09-17,-0.0022014009929636202
2003-09-18,0.013948295731617932
2003-09-19,-0.0020182682462053236
2003-09-22,-0.016443399918697033
2003-09-23,0.014352754809905832
2003-09-24,-0.03098432881081603
2003-09-25,-0.014455534437044726
2003-09-26,-0.0139475148550261
2003-09-29,0.01796754787129551
2003-09-30,-0.02083426719145276
2003-10-01,0.025040092825611815
2003-10-02,0.0021643749490181108
2003-10-03,0.023865799044139102
2003-10-06,0.006830928788399859
2003-10-07,0.007571118181449954
2003-10-08,-0.007402093582554059
2003-10-09,0.00952267757147407
2003-10-10,0.0017819952435900177
2003-10-13,0.009467842981321084
2003-10-14,0.004983559387861547
2003-10-15,-0.002106987072496125
2003-10-16,0.005677237065775387
2003-10-17,-0.01956309861694372
2003-10-20,0.006660626212141807
2003-10-21,0.00815309562627764
2003-10-22,-0.022314243465992867
2003-10-23,-0.006639205622783528
2003-10-24,-0.010621007881776556
2003-10-27,0.009241131982508755
2003-10-28,0.02587183674396254
2003-10-29,0.002222926123642388
2003-10-30,-0.0020004489128995218
2003-10-31,-0.00024837925087073387
2003-11-03,0.01820091785177258
2003-11-04,-0.004957115899678399
2003-11-05,0.0007147832385676622
2003-11-06,0.008638835780388376
2003-11-07,-0.002852724510746363
2003-11-10,-0.014876117451244397
2003-11-11,-0.005624455860891331
2003-11-12,0.021702442256008148
2003-11-13,-0.0029235236116020857
2003-11-14,-0.01903273318296783
2003-11-17,-0.010755688872022162
2003-11-18,-0.014696830124147908
2003-11-19,0.009467476596605628
2003-11-20,-0.009377115888337784
2003-11-21,0.006335081721574376
2003-11-24,0.027733999461327485
2003-11-25,-0.0021078598149033567
2003-11-26,0.005271622445361501
2003-11-28,0.003551723033679899
2003-12-01,0.014967032903367539
2003-12-02,-0.0049119849000804905
2003-12-03,-0.010060154362204976
2003-12-04,0.004352228766772548
2003-12-05,-0.01586064271479959
2003-12-08,0.005675840310473745
2003-12-09,-0.021016196788785635
2003-12-10,-0.0019249682197548523
2003-12-11,0.019584829737637754
2003-12-12,0.0034333133049857523
2003-12-15,-0.01589789028765498
2003-12-16,0.0031385585978975783
2003-12-17,-0.0015394571466602613
2003-12-18,0.017975987686551065
2003-12-19,-0.002641296623081324
2003-12-22,0.002447019109368398
2003-12-23,0.009657672717096055
2003-12-24,-0.0028144210982530282
2003-12-26,0.0019835963984009553
2003-12-29,0.016755743456699612
2003-12-30,0.001693087889859335
2003-12-31,-0.003244261122815395
2004-01-02,0.001650881812055971
2004-01-05,0.020069509269280417
2004-01-06,0.004877373873523716
2004-01-07,0.009823328634016804
2004-01-08,0.010804531571110942
2004-01-09,-0.006367127872756839
2004-01-12,0.011841950234632748
2004-01-13,-0.007290567481833321
2004-01-14,0.006982653506379499
2004-01-15,-0.000971423160301299
2004-01-16,0.014768870467121609
2004-01-20,0.0035071155673991328
2004-01-21,-0.002577845319639671
2004-01-22,-0.011001008113042943
2004-01-23,0.0022909483191231317
2004-01-26,0.014007737548233479
2004-01-27,-0.017701253088880264
2004-01-28,-0.01844370887881741
2004-01-29,-0.004409567403377501
2004-01-30,-0.001006234724174604
2004-02-02,-0.0014530311044111954
2004-02-03,0.001482098560170897
2004-02-04,-0.025523679759261952
2004-02-05,0.0026873823580686462
2004-02-06,0.02177100238275287
2004-02-09,-0.0016680205687222838
2004-02-10,0.007137538095465246
2004-02-11,0.0068811164304278805
2004-02-12,-0.007710229758041365
2004-02-13,-0.009716200571343592
2004-02-17,0.012961294802546597
2004-02-18,-0.0018668732426414536
2004-02-19,-0.014802224584206769
2004-02-20,-0.003932484736818509
2004-02-23,-0.015034474008573717
2004-02-24,-0.0010366803215271503
2004-02-25,0.008708203337812748
2004-02-26,0.004729313591458784
2004-02-27,-0.0013538830554331582
2004-03-01,0.013690381977278676
2004-03-02,-0.008859238209061537
2004-03-03,-0.0030886465036230604
2004-03-04,0.010639836791579427
2004-03-05,-0.0036463975891205536
2004-03-08,-0.01915544197432606
2004-03-09,-0.006803322444842053
2004-03-10,-0.01566467056736709
2004-03-11,-0.010368466580342961
2004-03-12,0.020791747284898854
2004-03-15,-0.023207383182342944
2004-03-16,0.0020039801423630266
2004-03-17,0.017179673849270216
2004-03-18,-0.00727057860392577
2004-03-19,-0.011258370424559239
2004-03-22,-0.01587929922661413
2004-03-23,-0.004250065651976165
2004-03-24,0.004030111656056157
2004-03-25,0.02976504058729823
2004-03-26,-0.003641296804431704
2004-03-29,0.016470548616739578
2004-03-30,0.004036897544939855
2004-03-31,-0.003209151642783681
2004-04-01,0.010371181256212836
2004-04-02,0.0207070508951821
2004-04-05,0.010613569724736927
2004-04-06,-0.009287393106209407
2004-04-07,-0.004700535820279406
2004-04-08,0.001286773491422366
2004-04-12,0.006119007269488108
2004-04-13,-0.017287455969170473
2004-04-14,-0.0025795678135098754
2004-04-15,-0.011263997361884215
2004-04-16,-0.0032167103313476275
2004-04-19,0.012295482639921751
2004-04-20,-0.020905698134539463
2004-04-21,0.00855510391552361
2004-04-22,0.018508488515818655
2004-04-23,0.008259320335449516
2004-04-26,-0.006362371947318479
2004-04-27,-0.0020838924227177813
2004-04-28,-0.02137786102166661
2004-04-29,-0.015581630453089801
2004-04-30,-0.019918524714982233
2004-05-03,0.009624625686867283
2004-05-04,0.006047539727738638
2004-05-05,0.003470054874259887
2004-05-06,-0.010023200489587047
2004-05-07,-0.010260239682300387
2004-05-10,-0.011478806164708644
2004-05-11,0.01843593296270285
2004-05-12,-0.002986831081268626
2004-05-13,0.00022850825316922396
2004-05-14,-0.011372674518868031
2004-05-17,-0.014605278674030053
2004-05-18,0.011222879122158247
2004-05-19,0.0001844565755666494
2004-05-20,-0.0008327684555800019
2004-05-21,0.008139347936666042
2004-05-24,0.005679189204237822
2004-05-25,0.021438068855046843
2004-05-26,0.005836394895291974
2004-05-27,0.004216473510864738
2004-05-28,0.0011281063231836086
2004-06-01,0.002026408816587555
2004-06-02,-0.0008995736833785628
2004-06-03,-0.014544812209563496
2004-06-04,0.00932250705758264
2004-06-07,0.021004763050706643
2004-06-08,0.0014391329027700905
2004-06-09,-0.01640240842946028
2004-06-10,0.004641058936377895
2004-06-14,-0.015053714368102433
2004-06-15,0.012916283133113104
2004-06-16,0.0013170341711656874
2004-06-17,-0.007313092405381916
2004-06-18,0.0015413747282124746
2004-06-21,-0.006235633773726157
2004-06-22,0.009963479139139864
2004-06-23,0.013364625987017043
2004-06-24,-0.002680525457238403
2004-06-25,0.004899750768959876
2004-06-28,-0.002793385989103392
2004-06-29,0.007453074723178688
2004-06-30,0.006299735269690743
2004-07-01,-0.015869046699615197
2004-07-02,-0.004420469812010275
2004-07-06,-0.02177869428887913
2004-07-07,0.001348719173054569
2004-07-08,-0.015769030572402087
2004-07-09,0.005672865698386431
2004-07-12,-0.004846420151953801
2004-07-13,-0.0027193507182596832
2004-07-14,-0.008724794527291913
2004-07-15,-0.0011338958442239644
2004-07-16,-0.015575144605886493
2004-07-19,0.0003609956259573721
2004-07-20,0.01749103555867304
2004-07-21,-0.022525350411577882
2004-07-22,0.00780678151314973
2004-07-23,-0.021385774174595973
2004-07-26,-0.0054607760359237645
2004-07-27,0.016224186868744717
2004-07-28,-0.005816447256782986
2004-07-29,0.012194907614848205
2004-07-30,0.003343540557257718
2004-08-02,0.002503000700793123
2004-08-03,-0.017417385370620764
2004-08-04,-0.0023475626378628434
2004-08-05,-0.01818536478524102
2004-08-06,-0.02486705393224753
2004-08-09,-0.0012670597080468582
2004-08-10,0.01901073447492152
2004-08-11,-0.014636312016492958
2004-08-12,-0.016934387964779418
2004-08-13,0.0026953699223071226
2004-08-16,0.014474581157528199
2004-08-17,0.006936708724648355
2004-08-18,0.019920029972050557
2004-08-19,-0.006288250229540715
2004-08-20,0.009912848142556996
2004-08-23,0.00036985772851494403
2004-08-24,-0.000984841446710405
2004-08-25,0.012889561676601602
2004-08-26,-0.00420069699633796
2004-08-27,0.004936697599318585
2004-08-30,-0.013843358649744175
2004-08-31,0.0008762803303552502
2004-09-01,0.006674838493469615
2004-09-02,0.012363749370685184
2004-09-03,-0.015573619639625669
2004-09-07,0.007604641500670084
2004-09-08,-0.004270492734539388
2004-09-09,0.010219727505472953
2004-09-10,0.013103426433001886
2004-09-13,0.008447490641069422
2004-09-14,0.002624313146018409
2004-09-15,-0.009905852719741759
2004-09-16,0.0039782910818280115
2004-09-17,0.0031514142593103145
2004-09-20,-0.001058111638180037
2004-09-21,0.006847376716500264
2004-09-22,-0.018635221459146756
2004-09-23,0.00038179536252069823
2004-09-24,-0.003691050008986174
2004-09-27,-0.010483160305521544
2004-09-28,0.005356934981908701
2004-09-29,0.012790377216265192
2004-09-30,0.00153004133755541
2004-10-01,0.023632000361600625
2004-10-04,0.005238071498006924
2004-10-05,0.001586517677934829
2004-10-06,0.007910348405208545
2004-10-07,-0.011486143545180738
2004-10-08,-0.014760574414868444
2004-10-11,0.004567768791484461
2004-10-12,-0.0018630160945463103
2004-10-13,-0.002413093487085405
2004-10-14,-0.009159096624873797
2004-10-15,0.0044461659107604135
2004-10-18,0.013004283761933522
2004-10-19,-0.007058082045379166
2004-10-20,0.005223189161242203
2004-10-21,0.010626394300644826
2004-10-22,-0.019893324673988744
2004-10-25,-0.0005745227964029098
2004-10-26,0.007676671690621362
2004-10-27,0.021135578084685136
2004-10-28,0.0029145451405838685
2004-10-29,-0.0003796766737877988
2004-11-01,0.002467853414588994
2004-11-02,0.00248195125360251
2004-11-03,0.009796683626714042
2004-11-04,0.00958311240350529
2004-11-05,0.007537105429798352
2004-11-08,0.00015205696586129136
2004-11-09,0.001998715252042871
2004-11-10,-0.0043012003511258
2004-11-11,0.01304269907068889
2004-11-12,0.011609646477480418
2004-11-15,0.004187179790583251
2004-11-16,-0.007414865073913646
2004-11-17,0.010080651244485317
2004-11-18,0.0021884601827579786
2004-11-19,-0.016120527587688116
2004-11-22,0.007007097893442449
2004-11-23,-0.00043646416940923416
2004-11-24,0.008722670305088442
2004-11-26,-0.00027116993968068215
2004-11-29,0.0023285031486430796
2004-11-30,-0.0047863193099555446
2004-12-01,0.01956120472547429
2004-12-02,0.0024943204252423357
2004-12-03,0.002045841030728468
2004-12-06,0.0015305322301744084
2004-12-07,-0.0171550670317977
2004-12-08,0.005400067952011867
2004-12-09,0.0013630180642820733
2004-12-10,-0.0004415897301788263
2004-12-13,0.009554426434982943
2004-12-14,0.00526426133858493
2004-12-15,0.0012539179513453291
2004-12-16,-0.007612609776355583
2004-12-17,-0.005115197506484037
2004-12-20,-0.00344817007252729
2004-12-21,0.010778841376507309
2004-12-22,0.0028413215542029135
2004-12-23,0.0016629826855778518
2004-12-27,-0.002966576303062851
2004-12-28,0.01060633211880102
2004-12-29,-8.724534709170229e-05
2004-12-30,0.0006153769422692079
2004-12-31,-0.0013322431973170623
2005-01-03,-0.010763618900844207
2005-01-04,-0.02079403132259916
2005-01-05,-0.007916078965282125
2005-01-06,-0.0005931208319172043
2005-01-07,-0.0006652415964412128
2005-01-10,0.004028020853887426
2005-01-11,-0.008341604168466965
2005-01-12,0.006188633131279708
2005-01-13,-0.010554743807252187
2005-01-14,0.008344393158383312
2005-01-18,0.008645901883472362
2005-01-19,-0.01552797841252751
2005-01-20,-0.013453429849395349
2005-01-21,-0.00569097538897001
2005-01-24,-0.012649319430645178
2005-01-25,0.005585012108536347
2005-01-26,0.012857903668313853
2005-01-27,0.0005179557611949548
2005-01-28,-0.005545017324875445
2005-01-31,0.012971582732258291
2005-02-01,0.003045207768104241
2005-02-02,0.003069730100820678
2005-02-03,-0.008430454374125596
2005-02-04,0.01400501664010001
2005-02-07,-0.00222126604820172
2005-02-08,0.002230860057795603
2005-02-09,-0.016491307067294514
2005-02-10,0.00026794724917689194
2005-02-11,0.011409897908308153
2005-02-14,0.003005120706052189
2005-02-15,0.0030200731562404215
2005-02-16,-0.0008523738940526826
2005-02-17,-0.012577312096346382
2005-02-18,-0.0013203870731297584
2005-02-22,-0.013842522684828218
2005-02-23,0.00045797745181896943
2005-02-24,0.010017326895249923
2005-02-25,0.006655170982001302
2005-02-28,-0.006645413495986574
2005-03-01,0.00947383828146009
2005-03-02,-0.0018121418429259961
2005-03-03,-0.00441121337310868
2005-03-04,0.005914367192962899
2005-03-07,0.009421218974118517
2005-03-08,-0.008002382930818008
2005-03-09,-0.005930118424544162
2005-03-10,-0.0007619823449216412
2005-03-11,-0.008836234799363574
2005-03-14,0.004613198416868691
2005-03-15,-0.00786101938822803
2005-03-16,-0.009494646655681116
2005-03-17,0.00033234905481549504
2005-03-18,-0.004289049495207031
2005-03-21,-0.00013948113163397835
2005-03-22,-0.00909224475822068
2005-03-23,0.00044226241654499177
2005-03-24,0.0004220189973640487
2005-03-28,0.0007329894086387512
2005-03-29,-0.009399027711652685
2005-03-30,0.015977040073407167
2005-03-31,-0.00321609477801843
2005-04-01,-0.007238875464170569
2005-04-04,0.0031489345051998185
2005-04-05,0.004134940182176194
2005-04-06,-9.000047143370438e-05
2005-04-07,0.00978124597267449
2005-04-08,-0.009676225858478382
2005-04-11,-0.003622719664215346
2005-04-12,0.006644158421064361
2005-04-13,-0.015594196630918766
2005-04-14,-0.01410860951859405
2005-04-15,-0.02000654904951915
2005-04-18,0.002496694341497907
2005-04-19,0.010111152830859282
2005-04-20,-0.009672147833309275
2005-04-21,0.025103428745554268
2005-04-22,-0.015519282852261895
2005-04-25,0.009575263299856474
2005-04-26,-0.012036640448613412
2005-04-27,0.0015501366853847287
2005-04-28,-0.013691305929043551
2005-04-29,0.00913270677041389
2005-05-02,0.0036360842654028502
2005-05-03,0.0022890959668480093
2005-05-04,0.014972186712643776
2005-05-05,-0.0002191276005207854
2005-05-06,0.0028250030741130416
2005-05-09,0.006242739236004269
2005-05-10,-0.008573435567733156
2005-05-11,0.004463309400350113
2005-05-12,-0.0038979494246822455
2005-05-13,0.0065471623446127225
2005-05-16,0.008889049062285714
2005-05-17,0.004861720740150233
2005-05-18,0.01313590796605002
2005-05-19,0.005857742288355894
2005-05-20,0.0018782533722463413
2005-05-23,0.00498645147618948
2005-05-24,0.0024137403488726505
2005-05-25,-0.0055937531705740895
2005-05-26,0.01024907184592827
2005-05-27,0.0021654326028857085
2005-05-31,-0.0036245698312065144
2005-06-01,0.009451349613353699
2005-06-02,0.004749530406507496
2005-06-03,-0.012650042796144234
2005-06-06,0.00208819936373672
2005-06-07,-0.004151714332670586
2005-06-08,-0.00338231761244856
2005-06-09,0.008087845464986643
2005-06-10,-0.0067199358195839665
2005-06-13,0.0028848125960312387
2005-06-14,3.870378202464053e-05
2005-06-15,0.0028378106033359884
2005-06-16,0.00683467687283823
2005-06-17,0.00045950962264917905
2005-06-20,-0.0009478750680989023
2005-06-21,0.0014070568847195375
2005-06-22,0.00045897106545034205
2005-06-23,-0.010267545855639604
2005-06-24,-0.008433700834375557
2005-06-27,-0.0039380934088413255
2005-06-28,0.011999853522080883
2005-06-29,-0.0004832342242728771
2005-06-30,-0.005783033950518934
2005-07-01,0.00019937936119429622
2005-07-05,0.010338226467308864
2005-07-06,-0.004870578126402236
2005-07-07,0.0033829596554930674
2005-07-08,0.017772757211742096
2005-07-11,0.010616109275688679
2005-07-12,0.0036086642673129887
2005-07-13,0.0004479341546783644
2005-07-14,0.004054044403981827
2005-07-15,0.0018377399119460236
2005-07-18,-0.005537383160511666
2005-07-19,0.013112502059443365
2005-07-20,0.007056892571752904
2005-07-21,-0.004565880258686761
2005-07-22,0.0005230856615723312
2005-07-25,-0.0059818698455105235
2005-07-26,0.004259999599500297
2005-07-27,0.004690282821895764
2005-07-28,0.005573979549992281
2005-07-29,-0.006209933203892959
2005-08-01,0.004817040818260843
2005-08-02,0.010318372216362448
2005-08-03,-0.0006042191147450637
2005-08-04,-0.011565118819545361
2005-08-05,-0.0061384721878914306
2005-08-08,-0.006227144061221601
2005-08-09,0.0045176375083970655
2005-08-10,-0.0075623088061815835
2005-08-11,0.007727923408805459
2005-08-12,-0.008149808667253566
2005-08-15,0.004690238738280783
2005-08-16,-0.013931119004376491
2005-08-17,0.0037783543768226124
2005-08-18,-0.004237024326590344
2005-08-19,-0.00024347534772406476
2005-08-22,0.0027355147235486044
2005-08-23,-0.001944493605738451
2005-08-24,-0.0039098855585182335
2005-08-25,0.0025615057073951064
2005-08-26,-0.006392336576377389
2005-08-29,0.00792780962455808
2005-08-30,-0.0036977472193751026
2005-08-31,0.010430201924149785
2005-09-01,-0.0019489286638796344
2005-09-02,-0.003184839159079189
2005-09-06,0.011973428593706537
2005-09-07,0.002383063022457499
2005-09-08,-0.002766215195239674
2005-09-09,0.004367111877368934
2005-09-12,0.0033591115400977145
2005-09-13,-0.0050889416835779855
2005-09-14,-0.010377092142828559
2005-09-15,-0.0014807082685770467
2005-09-16,0.006594797063941726
2005-09-19,-0.0070095291026452955
2005-09-20,-0.0065145270501698604
2005-09-21,-0.011652024466964228
2005-09-22,0.0019633511129431014
2005-09-23,0.0028668908636229062
2005-09-26,0.002180060318229593
2005-09-27,-0.0023785673865575063
2005-09-28,-0.0004820713515103492
2005-09-29,0.012131872620457784
2005-09-30,0.004877806279099062
2005-10-03,0.0017366552520412526
2005-10-04,-0.007483438802603715
2005-10-05,-0.01713235291030113
2005-10-06,-0.009046867829244576
2005-10-07,0.003004014431830626
2005-10-10,-0.005483072271245781
2005-10-11,-0.008613478797455443
2005-10-12,-0.011526184000898887
2005-10-13,0.004773933227287586
2005-10-14,0.008565175458646657
2005-10-17,0.0026456114925856866
2005-10-18,-0.006931200304657992
2005-10-19,0.01699483921571865
2005-10-20,-0.011121988145659678
2005-10-21,0.006794612236511455
2005-10-24,0.016017396528504868
2005-10-25,-0.003019980573089498
2005-10-26,-0.004466049634225477
2005-10-27,-0.017407359711124393
2005-10-28,0.012552774477050832
2005-10-31,0.014451019148638444
2005-11-01,-0.0029520490250956044
2005-11-02,0.014212287523807987
2005-11-03,0.007392205165435151
2005-11-04,0.00425437392707817
2005-11-07,0.004052778067716645
2005-11-08,-0.0028365454088676856
2005-11-09,0.001720374549253556
2005-11-10,0.009546062576639258
2005-11-11,0.002632346037036548
2005-11-14,-0.0006903813938219372
2005-11-15,-0.006477217309347694
2005-11-16,0.0005440142716350849
2005-11-17,0.014758503918158361
2005-11-18,0.0029724868614247058
2005-11-21,0.006534238059988873
2005-11-22,0.005290125087975106
2005-11-23,0.0028447410010326024
2005-11-25,0.001339834824617192
2005-11-28,-0.010501161230594747
2005-11-29,-0.002978551840574717
2005-11-30,4.9314379782394724e-05
2005-12-01,0.015266932048286108
2005-12-02,0.0027310404105600483
2005-12-05,-0.006943391328862347
2005-12-06,0.0013810719506315294
2005-12-07,-0.0038778891578132857
2005-12-08,-0.0024675285954192105
2005-12-09,0.004561227694299674
2005-12-12,0.0018682031460182102
2005-12-13,0.0017897015887742285
2005-12-14,-0.0010645452835529312
2005-12-15,-0.0008667299903759584
2005-12-16,-0.0036116608944372075
2005-12-19,-0.013291158082651577
2005-12-20,-0.00014400757959531774
2005-12-21,0.004149006678701106
2005-12-22,0.006623330019229101
2005-12-23,0.0013033766746577413
2005-12-27,-0.010066425463499229
2005-12-28,0.0009201648398411422
2005-12-29,-0.004848126089690652
2005-12-30,-0.005805329680349303
2006-01-03,0.017271457984345595
2006-01-04,0.008750486664943935
2006-01-05,0.005907145522082935
2006-01-06,0.012547927329316089
2006-01-09,0.005652674173877159
2006-01-10,0.0007027909044339253
2006-01-11,0.004746697698045921
2006-01-12,-0.006312416852016334
2006-01-13,0.00015110835477738505
2006-01-17,-0.006212546564959176
2006-01-18,-0.010060490657600063
2006-01-19,0.009678306783906798
2006-01-20,-0.023788345979379955
2006-01-23,0.0003425224367221702
2006-01-24,0.00743515623826152
2006-01-25,-0.002032788766681115
2006-01-26,0.00983802819430668
2006-01-27,0.009256188216294703
2006-01-30,0.0011060696388422997
2006-01-31,-0.0004162341980817885
2006-02-01,0.002053553550516618
2006-02-02,-0.012626112309885862
2006-02-03,-0.008358042833331858
2006-02-06,-0.0016720691786247244
2006-02-07,-0.006146034169926651
2006-02-08,0.009760854375453043
2006-02-09,-0.004912780829103625
2006-02-10,0.0026605142692393002
2006-02-13,-0.00980520707807031
2006-02-14,0.009933428063876981
2006-02-15,0.006283901269150682
2006-02-16,0.007963163067254087
2006-02-17,-0.00536151698338827
2006-02-21,-0.008536368836161934
2006-02-22,0.008891120401225194
2006-02-23,-0.001687611123563748
2006-02-24,0.00338123927004208
2006-02-27,0.008767547796582953
2006-02-28,-0.011241110683524624
2006-03-01,0.014469262234019453
2006-03-02,-0.001526146394144945
2006-03-03,-0.003689013413625375
2006-03-06,-0.007222260207020881
2006-03-07,-0.007750832791314721
2006-03-08,-0.0004056236195735252
2006-03-09,-0.007854494045234972
2006-03-10,0.005461327266663929
2006-03-13,0.002203539436647972
2006-03-14,0.012654263257894982
2006-03-15,0.00691890131398587
2006-03-16,-0.005325956514085739
2006-03-17,0.003004718596709033
2006-03-20,0.003302666431569179
2006-03-21,-0.008627944074968141
2006-03-22,0.003967360652795016
2006-03-23,-0.0013903316294143764
2006-03-24,0.005493293022762025
2006-03-27,0.0011926410878162486
2006-03-28,-0.004813871121320368
2006-03-29,0.014355414902468056
2006-03-30,0.0012995509027868835
2006-03-31,-0.0004401260903446058
2006-04-03,-0.0013044070032623978
2006-04-04,0.0036821625967968785
2006-04-05,0.006116727181838755
2006-04-06,0.0006015445893234883
2006-04-07,-0.009425179233893743
2006-04-10,-0.0024613210458968027
2006-04-11,-0.009871655055466277
2006-04-12,0.0018723490320580183
2006-04-13,0.004925971137664575
2006-04-17,-0.006447865682032372
2006-04-18,0.01927511621731437
2006-04-19,0.006236503636316115
2006-04-20,-0.0035195799677820716
2006-04-21,-0.008369113713487586
2006-04-24,-0.00405464117203902
2006-04-25,-0.0013207743572616337
2006-04-26,0.0014279093378135599
2006-04-27,0.0048391139410863815
2006-04-28,-0.009589698266918134
2006-05-01,-0.007684777663808262
2006-05-02,0.002188713160188982
2006-05-03,-0.0025445869163798207
2006-05-04,0.008613057581695394
2006-05-05,0.008001879687965285
2006-05-08,0.0010324868629849604
2006-05-09,-0.002878346999838577
2006-05-10,-0.007516690203728693
2006-05-11,-0.020917565615598654
2006-05-12,-0.012806573817662148
2006-05-15,-0.002347014757102528
2006-05-16,-0.004203619688786908
2006-05-17,-0.01506485519409484
2006-05-18,-0.007074780683267612
2006-05-19,0.006199925947615981
2006-05-22,-0.009627290742473704
2006-05-23,-0.006510334275318108
2006-05-24,0.004810582587542633
2006-05-25,0.01331246586137702
2006-05-26,0.005502939596954803
2006-05-30,-0.020859717995170612
2006-05-31,0.006510672176287535
2006-06-01,0.01863324969475144
2006-06-02,-0.00020282402830318347
2006-06-05,-0.02268926417209638
2006-06-06,-0.0031576462666143
2006-06-07,-0.005089720887405669
2006-06-08,-0.003015966602695208
2006-06-09,-0.004793980492925343
2006-06-12,-0.02069929852457708
2006-06-13,-0.00905435973431068
2006-06-14,0.006507238063659493
2006-06-15,0.027494801323828533
2006-06-16,-0.006644675559543067
2006-06-19,-0.009211539549135672
2006-06-20,-0.001593304061948686
2006-06-21,0.016072758001213217
2006-06-22,-0.008545643887354792
2006-06-23,-0.0007115220331028738
2006-06-26,0.00573423431858
2006-06-27,-0.015787079868298193
2006-06-28,0.00550326175371918
2006-06-29,0.029183865521566155
2006-06-30,-0.001053634397174541
2006-07-03,0.008407962237687805
2006-07-05,-0.017077674465824977
2006-07-06,0.0008123608947299132
2006-07-07,-0.011682350960816379
2006-07-10,-0.006183282191361883
2006-07-11,0.005619781981518912
2006-07-12,-0.018307788389020807
2006-07-13,-0.017436170838481146
2006-07-14,-0.008192784601685155
2006-07-17,0.0001815895791148492
2006-07-18,0.0026954590898116138
2006-07-19,0.01818218237148539
2006-07-20,-0.02004368759431685
2006-07-21,-0.00937490591890544
2006-07-24,0.020308261308183972
2006-07-25,0.00583201490592522
2006-07-26,-0.0016600596037568138
2006-07-27,-0.007752893063534216
2006-07-28,0.019125023724003043
2006-07-31,-0.0012757625886479218
2006-08-01,-0.014195622830574628
2006-08-02,0.008124111607889617
2006-08-03,0.006487456109216971
2006-08-04,-0.003490239706790632
2006-08-07,-0.006037251169467517
2006-08-08,-0.005637041584990676
2006-08-09,-0.0002766563274878564
2006-08-10,0.00554691906958471
2006-08-11,-0.006795134193544605
2006-08-14,0.005491055476295692
2006-08-15,0.021974794769575645
2006-08-16,0.016194338695632915
2006-08-17,0.003747293467085022
2006-08-18,0.002934055393044588
2006-08-21,-0.007514450256479677
2006-08-22,0.001056370970075271
2006-08-23,-0.007169811265844039
2006-08-24,0.0011471570660388508
2006-08-25,0.001486852815988371
2006-08-28,0.009490868548909681
2006-08-29,0.005354315887165839
2006-08-30,0.006163323365551143
2006-08-31,-0.0009062774577843768
2006-09-01,0.0042998036496557646
2006-09-05,0.005701510583373093
2006-09-06,-0.017313576040226764
2006-09-07,-0.005806017267381947
2006-09-08,0.004859905614568838
2006-09-11,0.0034385339709182006
2006-09-12,0.019398826022649196
2006-09-13,0.0053335921237236406
2006-09-14,0.0004757466282088174
2006-09-15,0.0030733068939623465
2006-09-18,7.152759857298463e-05
2006-09-19,-0.006002495506542083
2006-09-20,0.013639542048261788
2006-09-21,-0.006742892016962543
2006-09-22,-0.008445829864716536
2006-09-25,0.013491760927539787
2006-09-26,0.0054407689652311575
2006-09-27,0.000906045150351531
2006-09-28,0.0029250086838681355
2006-09-29,-0.005118799290108278
2006-10-02,-0.009265944792163694
2006-10-03,0.0027000539416022207
2006-10-04,0.02086259689842862
2006-10-05,0.0066953331548367245
2006-10-06,-0.0027571196901581274
2006-10-09,0.005108702487703454
2006-10-10,0.0015819125653635524
2006-10-11,-0.0030970512394752348
2006-10-12,0.016290109827006738
2006-10-13,0.004724226222047712
2006-10-16,0.002774781823258188
2006-10-17,-0.008023393652893063
2006-10-18,-0.0033318623216302967
2006-10-19,0.0016203365126861158
2006-10-20,0.0005808403852674004
2006-10-23,0.005645142544120851
2006-10-24,-0.00456130923124487
2006-10-25,0.004998489406434992
2006-10-26,0.009506609770951968
2006-10-27,-0.012043132953009739
2006-10-30,0.005578637348954807
2006-10-31,0.0012429782165463976
2006-11-01,-0.013767266954249457
2006-11-02,-0.0001414104354466872
2006-11-03,-0.0013848285115027892
2006-11-06,0.014972329317091138
2006-11-07,0.0041882338690362175
2006-11-08,0.003806096372283463
2006-11-09,-0.0037513278670786576
2006-11-10,0.005753577653154984
2006-11-13,0.006947302860964122
2006-11-14,0.01003929438365958
2006-11-15,0.004961664588692294
2006-11-16,0.002579847548430436
2006-11-17,-0.0013074581481173908
2006-11-20,0.002800757630190276
2006-11-21,0.0008640209367101193
2006-11-22,0.004527664679374155
2006-11-24,-0.0023222471032804393
2006-11-27,-0.022334705065736316
2006-11-28,0.002776859251751418
2006-11-29,0.008099330398836813
2006-11-30,-0.00018912867552245416
2006-12-01,-0.007661600030662186
2006-12-04,0.014472826547700102
2006-12-05,0.0016283119994735529
2006-12-06,-0.0026620905688350405
2006-12-07,-0.007456679432884528
2006-12-08,0.003975366606224107
2006-12-11,0.002253997601106228
2006-12-12,-0.004620010963331644
2006-12-13,0.00033298223440425545
2006-12-14,0.008775760235160135
2006-12-15,0.0013642109128788604
2006-12-18,-0.008841626986147766
2006-12-19,-0.002474768334059796
2006-12-20,-0.000798796600069096
2006-12-21,-0.004856046040335293
2006-12-22,-0.0060909777525361974
2006-12-26,0.005121868793287021
2006-12-27,0.007311053410266943
2006-12-28,-0.002326600428232517
2006-12-29,-0.004247197614446918
2007-01-03,0.0032530583416034986
2007-01-04,0.01241458038204879
2007-01-05,-0.007848316730836302
2007-01-08,0.0016213412458796483
2007-01-09,0.002306470634253266
2007-01-10,0.006322474134513811
2007-01-11,0.010323347962970075
2007-01-12,0.007205788618762199
2007-01-16,-0.002015774375351498
2007-01-17,-0.007377718750072759
2007-01-18,-0.014711897869220003
2007-01-19,0.003309866960922392
2007-01-22,-0.00829108166623449
2007-01-23,0.0001397820667303762
2007-01-24,0.014239654536725155
2007-01-25,-0.013076365561583536
2007-01-26,0.0005133754982180605
2007-01-29,0.0022967325577489817
2007-01-30,0.0030880276486344727
2007-01-31,0.006224883913152013
2007-02-01,0.0018044091091828918
2007-02-02,0.0030338235076952103
2007-02-05,-0.002134765401737404
2007-02-06,0.00036012803162854823
2007-02-07,0.007662289851655402
2007-02-08,-0.0007350936947823072
2007-02-09,-0.011660195510566851
2007-02-12,-0.003845137579694402
2007-02-13,0.003869453880981588
2007-02-14,0.011519328612355828
2007-02-15,0.0034982484217724874
2007-02-16,-0.0003164326760156655
2007-02-20,0.006679526223850374
2007-02-21,0.002138498529066446
2007-02-22,0.002585587124589672
2007-02-23,-0.00390467384213089
2007-02-26,-0.004215495812704084
2007-02-27,-0.03935867637339463
2007-02-28,0.0034368929853680896
2007-03-01,-0.004953972800333162
2007-03-02,-0.015175633997804638
2007-03-05,-0.011604260781977516
2007-03-06,0.018816321549400605
2007-03-07,-0.004411975976316818
2007-03-08,0.0054973138186511505
2007-03-09,-7.535961853832873e-05
2007-03-12,0.006154709340462361
2007-03-13,-0.02176458433511197
2007-03-14,0.008965977850153628
2007-03-15,0.0029302405686122412
2007-03-16,-0.00254244784225488
2007-03-19,0.00912516565782795
2007-03-20,0.005746899473168199
2007-03-21,0.019617687927746985
2007-03-22,-0.0017034320740307862
2007-03-23,-0.0011468060271440095
2007-03-26,0.002732133195647357
2007-03-27,-0.0074391222649543565
2007-03-28,-0.008375662611740609
2007-03-29,0.0003225598311304978
2007-03-30,0.001553877531940806
2007-04-02,0.0002560404646629877
2007-04-03,0.011521748548146249
2007-04-04,0.0034059227012335214
2007-04-05,0.005131885271409509
2007-04-09,-0.0008744651895407074
2007-04-10,0.0034083451594515424
2007-04-11,-0.007413582569182786
2007-04-12,0.008506765051104814
2007-04-13,0.004673888403776694
2007-04-16,0.010534514376028703
2007-04-17,-0.0005481828139277667
2007-04-18,-0.0025658951449711864
2007-04-19,-0.002053452177837478
2007-04-20,0.008362879475317442
2007-04-23,-0.0010772034653356855
2007-04-24,0.0003447230613824459
2007-04-25,0.009206640116155462
2007-04-26,0.0025753122303173726
2007-04-27,0.0010759694218673843
2007-04-30,-0.012640064691100683
2007-05-01,0.0025471341484264443
2007-05-02,0.010339312083538665
2007-05-03,0.002974597854033867
2007-05-04,0.0026043025318882584
2007-05-07,-0.00046662566460842214
2007-05-08,0.00031113961233408816
2007-05-09,0.0017832201956782257
2007-05-10,-0.01667335302191919
2007-05-11,0.011177590564691364
2007-05-14,-0.006177776464001639
2007-05-15,-0.008340359217386073
2007-05-16,0.008725128530693738
2007-05-17,-0.0031611410184879674
2007-05-18,0.007481676687934424
2007-05-21,0.007918724535604937
2007-05-22,0.0035728003090458316
2007-05-23,-0.00424775929565957
2007-05-24,-0.015300535705461193
2007-05-25,0.007564159332579479
2007-05-29,0.005798180571125577
2007-05-30,0.007950252911792077
2007-05-31,0.004590994744461341
2007-06-01,0.0036025757183066887
2007-06-04,0.0016704674454368629
2007-06-05,-0.002700080640908986
2007-06-06,-0.009252914188925487
2007-06-07,-0.017861258556161275
2007-06-08,0.012575203735725182
2007-06-11,-0.0005403111218900136
2007-06-12,-0.008738920397279415
2007-06-13,0.012681203191498902
2007-06-14,0.006600092512320188
2007-06-15,0.010447635268444166
2007-06-18,-4.182630762006312e-05
2007-06-19,6.0879934425273063e-05
2007-06-20,-0.010255106013628001
2007-06-21,0.006517278557977235
2007-06-22,-0.010757088246159618
2007-06-25,-0.004599230228122586
2007-06-26,-0.001133772192314808
2007-06-27,0.012043827508143146
2007-06-28,0.001158489425809428
2007-06-29,-0.0019725759034248114
2007-07-02,0.01110503308882027
2007-07-03,0.004794135798850796
2007-07-05,0.004413750750425827
2007-07-06,0.0037046111187590824
2007-07-09,0.001315465387626169
2007-07-10,-0.011625318928859762
2007-07-11,0.004774246991562592
2007-07-12,0.018657402936623768
2007-07-13,0.001948709297009188
2007-07-16,-0.003578586820144558
2007-07-17,0.00553088710472327
2007-07-18,-0.0047304482546826065
2007-07-19,0.007583737781070354
2007-07-20,-0.011997962043415633
2007-07-23,0.0011081743921979026
2007-07-24,-0.019030886650613255
2007-07-25,0.0031428797670347564
2007-07-26,-0.01861120544646333
2007-07-27,-0.01437572837110146
2007-07-30,0.008178048572932362
2007-07-31,-0.0144303697768704
2007-08-01,0.0029803507661219086
2007-08-02,0.008620135001793372
2007-08-03,-0.025449399507738946
2007-08-06,0.014265145320132788
2007-08-07,0.005586318916317445
2007-08-08,0.01985922361351733
2007-08-09,-0.021856104884530936
2007-08-10,-0.004547835258798649
2007-08-13,-0.0010418065370725316
2007-08-14,-0.017106861517454774
2007-08-15,-0.01625305797589771
2007-08-16,-0.0031609670239403087
2007-08-17,0.021776030408958924
2007-08-20,0.0014201551409467328
2007-08-21,0.005053783539528567
2007-08-22,0.012416154220463937
2007-08-23,-0.004357685826525959
2007-08-24,0.013672477495061841
2007-08-27,-0.00601018620674143
2007-08-28,-0.02394876441698024
2007-08-29,0.024694181833060824
2007-08-30,0.0008346118949082992
2007-08-31,0.0120350556038753
2007-09-04,0.012964587580399645
2007-09-05,-0.009277819777524066
2007-09-06,0.0032067783195017796
2007-09-07,-0.01877272476481817
2007-09-10,-0.0025717430721066137
2007-09-11,0.014878299307363285
2007-09-12,-0.002081072407942308
2007-09-13,0.003462266107363554
2007-09-14,0.0004304522052676063
2007-09-17,-0.007916960141352014
2007-09-18,0.02675325698892994
2007-09-19,0.005573417405960512
2007-09-20,-0.004582029551666089
2007-09-21,0.006358072238101364
2007-09-24,-0.0012249169769704693
2007-09-25,0.005792892935708949
2007-09-26,0.005789198174496413
2007-09-27,0.0039049043133001504
2007-09-28,-0.002990190067866827
2007-10-01,0.014511991145662151
2007-10-02,0.0022303236513767644
2007-10-03,-0.006456717956157654
2007-10-04,0.0015157010841519991
2007-10-05,0.016957581351663364
2007-10-08,0.0025324873910470558
2007-10-09,0.0059162993374792805
2007-10-10,0.002742470906313521
2007-10-11,-0.014116100029897716
2007-10-12,0.01200469828881534
2007-10-15,-0.009176978756363141
2007-10-16,-0.0058226186452339235
2007-10-17,0.010351787412451685
2007-10-18,0.002374879689424958
2007-10-19,-0.026845869436420422
2007-10-22,0.010501847850215462
2007-10-23,0.016326142439381464
2007-10-24,-0.008790839534706052
2007-10-25,-0.008650631378674944
2007-10-26,0.019201077211499218
2007-10-29,0.004713944109513868
2007-10-30,-0.0002591271036402887
2007-10-31,0.01494440283445364
2007-11-01,-0.02274261635169683
2007-11-02,0.005548354008708678
2007-11-05,-0.005423183028524292
2007-11-06,0.010675574393439469
2007-11-07,-0.02742215073603127
2007-11-08,-0.019380711400174278
2007-11-09,-0.025568946035013695
2007-11-12,-0.01681139811157273
2007-11-13,0.034055694631627276
2007-11-14,-0.011030574273322102
2007-11-15,-0.009808511821875143
2007-11-16,0.007127454601106642
2007-11-19,-0.01677091300928435
2007-11-20,0.0013217921961974355
2007-11-21,-0.013437079572844013
2007-11-23,0.0133562228982127
2007-11-26,-0.02164916952472673
2007-11-27,0.015545682280004414
2007-11-28,0.03132002947648349
2007-11-29,0.001958331797237811
2007-11-30,-0.0026908633224511647
2007-12-03,-0.00899578509613086
2007-12-04,-0.006581700171405913
2007-12-05,0.01760482669425123
2007-12-06,0.015876361366730762
2007-12-07,-0.0010600246666525592
2007-12-10,0.004715135022524741
2007-12-11,-0.024799682107556897
2007-12-12,0.007059231062779503
2007-12-13,-0.000992541662792945
2007-12-14,-0.012348791925473002
2007-12-17,-0.023524185563315925
2007-12-18,0.008343578087901982
2007-12-19,0.0019164685880994625
2007-12-20,0.015204827474556204
2007-12-21,0.01917603107431276
2007-12-24,0.007958621083653306
2007-12-26,0.004012544129502693
2007-12-27,-0.01763352861828693
2007-12-28,-0.0008708538275206124
2007-12-31,-0.008327817714913976
2008-01-02,-0.016211254562647603
2008-01-03,-0.0026667468120713522
2008-01-04,-0.038392691889244546
2008-01-07,-0.0020742723117210815
2008-01-08,-0.023867655055280323
2008-01-09,0.013851543180890324
2008-01-10,0.005629583062749077
2008-01-11,-0.019714739278367865
2008-01-14,0.015599436132287536
2008-01-15,-0.024801648407824395
2008-01-16,-0.009559149615965268
2008-01-17,-0.020116796166643525
2008-01-18,-0.00293578207801648
2008-01-22,-0.02061688320614863
2008-01-23,0.010475933979164687
2008-01-24,0.019032805029643995
2008-01-25,-0.014815326558617059
2008-01-28,0.010140978216354846
2008-01-29,0.0034622797837142727
2008-01-30,-0.0038495662555844135
2008-01-31,0.01724512609408535
2008-02-01,0.009785180132697135
2008-02-04,-0.01272272065172153
2008-02-05,-0.03123590163350709
2008-02-06,-0.013434342607594019
2008-02-07,0.006247052852926593
2008-02-08,0.005141540915404086
2008-02-11,0.006577431888973528
2008-02-12,-8.628922147480012e-06
2008-02-13,0.02296233711158191
2008-02-14,-0.01758896153661027
2008-02-15,-0.004615051368777046
2008-02-19,-0.006741640769754476
2008-02-20,0.00902177196524967
2008-02-21,-0.011809420222362199
2008-02-22,0.0015511484475698722
2008-02-25,0.010421501456940874
2008-02-26,0.00749500450263163
2008-02-27,0.003741425641066165
2008-02-28,-0.00948066924889357
2008-02-29,-0.02611029689901212
2008-03-03,-0.005686397280576294
2008-03-04,0.0007435168319673835
2008-03-05,0.005528264810763517
2008-03-06,-0.023284581437657437
2008-03-07,-0.0036138220481598538
2008-03-10,-0.019695559362236992
2008-03-11,0.039063934987590976
2008-03-12,-0.005284843383099869
2008-03-13,0.008758825530008174
2008-03-14,-0.02284235777226229
2008-03-17,-0.016166193496940373
2008-03-18,0.041060641843410295
2008-03-19,-0.026038623905638048
2008-03-20,0.021553829647384504
2008-03-24,0.02994421629360655
2008-03-25,0.006127123448212757
2008-03-26,-0.007154788987517868
2008-03-27,-0.01890533248212467
2008-03-28,-0.008652675375232732
2008-03-31,0.007893900356729766
2008-04-01,0.03604552384927828
2008-04-02,-0.0005715727573916141
2008-04-03,0.000804345929459771
2008-04-04,0.0032443954855825297
2008-04-07,-0.002597192760953604
2008-04-08,-0.006818637311650555
2008-04-09,-0.011406921485418664
2008-04-10,0.012657838125086585
2008-04-11,-0.02648183881366517
2008-04-14,-0.006316154246207795
2008-04-15,0.004480623061845712
2008-04-16,0.02764110116080154
2008-04-17,-0.0035294729109560663
2008-04-18,0.025772751720388953
2008-04-21,0.0021076947360381126
2008-04-22,-0.012999233318987002
2008-04-23,0.011823280085253352
2008-04-24,0.009809480356550715
2008-04-25,-0.002469158551277495
2008-04-28,0.0006065074168795093
2008-04-29,0.0007010392257003062
2008-04-30,-0.005497150971486953
2008-05-01,0.027756874711096557
2008-05-02,-0.001500684364884819
2008-05-05,-0.005209316073182535
2008-05-06,0.007757577959432105
2008-05-07,-0.01821338002799333
2008-05-08,0.005215023711806488
2008-05-09,-0.0023362277478709004
2008-05-12,0.017418309662025067
2008-05-13,0.002660774306910696
2008-05-14,0.0006329691437141349
2008-05-15,0.01472267725616927
2008-05-16,-0.0019278250412000375
2008-05-19,-0.005058548369604843
2008-05-20,-0.009516210925471391
2008-05-21,-0.0178082726062172
2008-05-22,0.006639778617637759
2008-05-23,-0.008111326745764202
2008-05-27,0.014848318747533895
2008-05-28,0.0021980793649838404
2008-05-29,0.008656722943394257
2008-05-30,0.0057006319402521655
2008-06-02,-0.012416874166775393
2008-06-03,-0.004444909402677055
2008-06-04,0.009093818889209793
2008-06-05,0.018523905652122252
2008-06-06,-0.03000718038628225
2008-06-09,-0.00612082834671579
2008-06-10,-0.00428654382236715
2008-06-11,-0.022685465632212853
2008-06-12,0.004309849058659054
2008-06-13,0.0206434371416222
2008-06-16,0.008228440503116552
2008-06-17,-0.0069133632583238125
2008-06-18,-0.011466259170885174
2008-06-19,0.013226529104642282
2008-06-20,-0.022995361829445393
2008-06-23,-0.008493715205983854
2008-06-24,-0.007345379013741216
2008-06-25,0.013829638011141121
2008-06-26,-0.033836024541548326
2008-06-27,-0.002475840977874455
2008-06-30,-0.009829465015179117
2008-07-01,0.005215375347336071
2008-07-02,-0.023488771151226828
2008-07-03,-0.0027041576045814253
2008-07-07,-0.0009177778065438957
2008-07-08,0.02253183757879107
2008-07-09,-0.026296817699410724
2008-07-10,0.010221114517049656
2008-07-11,-0.008347974196720287
2008-07-14,-0.01177473359262482
2008-07-15,0.0012825077515392636
2008-07-16,0.03072754315245607
2008-07-17,0.011942301876522343
2008-07-18,-0.012848709989072837
2008-07-21,-0.0014247170876169335
2008-07-22,0.010660070399537425
2008-07-23,0.009469047050473911
2008-07-24,-0.019874677138611574
2008-07-25,0.013253213596978952
2008-07-28,-0.020246632300414902
2008-07-29,0.024173113853592554
2008-07-30,0.004344646427975718
2008-07-31,-0.001791484907537999
2008-08-01,-0.006293585484927533
2008-08-04,-0.011051909172116403
2008-08-05,0.027731921818189953
2008-08-06,0.01207241001176751
2008-08-07,-0.009564778460181778
2008-08-08,0.024475937377993695
2008-08-11,0.010650939989429453
2008-08-12,-0.0038352284279143944
2008-08-13,-0.0008190557984049107
2008-08-14,0.0102615880249326
2008-08-15,-0.00046875574673599374
2008-08-18,-0.014597256446278628
2008-08-19,-0.013588029318679418
2008-08-20,0.0019775977315861226
2008-08-21,-0.0036482977250154036
2008-08-22,0.014319091327966937
2008-08-25,-0.02055168145776598
2008-08-26,-0.0015314952534533077
2008-08-27,0.008637546732147783
2008-08-28,0.012173418528747426
2008-08-29,-0.01846396742931411
2008-09-02,-0.00775113458436838
2008-09-03,-0.0066240298676572
2008-09-04,-0.032527875999012856
2008-09-05,-0.0013998727865605076
2008-09-08,0.006134014549922462
2008-09-09,-0.026767537835683086
2008-09-10,0.008511868436547054
2008-09-11,0.01315844542814748
2008-09-12,0.0013497316280188798
2008-09-15,-0.03664305976446958
2008-09-16,0.012758242077143933
2008-09-17,-0.05065217109164255
2008-09-18,0.04665860794989651
2008-09-19,0.033448145878982594
2008-09-22,-0.04263950760639901
2008-09-23,-0.011841351016017576
2008-09-24,0.0010906698955173155
2008-09-25,0.014227949942814178
2008-09-26,-0.0014782825923056464
2008-09-29,-0.09587695361825244
2008-09-30,0.05308422611421726
2008-10-01,-0.010804464162490923
2008-10-02,-0.045819772391270774
2008-10-03,-0.014948868587272734
2008-10-06,-0.04432342234469111
2008-10-07,-0.05976611838074408
2008-10-08,-0.00832575612867803
2008-10-09,-0.05626139824850096
2008-10-10,0.002664953114662083
2008-10-13,0.11159441075066834
2008-10-14,-0.036015655489546106
2008-10-15,-0.08850211253905904
2008-10-16,0.05343706288756511
2008-10-17,-0.0037444907414725392
2008-10-20,0.03374901724650936
2008-10-21,-0.04232308008016705
2008-10-22,-0.04887418690523582
2008-10-23,-0.007354825706213042
2008-10-24,-0.032880649107053905
2008-10-27,-0.03017302802469146
2008-10-28,0.09106326410731658
2008-10-29,0.004681435476113549
2008-10-30,0.02462185323749022
2008-10-31,0.013119140414520558
2008-11-03,0.0031213068828268575
2008-11-04,0.03068303257784688
2008-11-05,-0.05691125858092505
2008-11-06,-0.04434314737651057
2008-11-07,0.02377193328317606
2008-11-10,-0.018786532307830228
2008-11-11,-0.022417449473787876
2008-11-12,-0.05305604391464147
2008-11-13,0.06300069213436199
2008-11-14,-0.051303168767769414
2008-11-17,-0.02320950257234866
2008-11-18,0.0008228256942466317
2008-11-19,-0.06752420627369382
2008-11-20,-0.05203690641698433
2008-11-21,0.05054268731548195
2008-11-24,0.06140492267743625
2008-11-25,-0.004964708631265857
2008-11-26,0.04496841559656861
2008-11-28,0.002262285233691763
2008-12-01,-0.09380893696730919
2008-12-02,0.03633297389293322
2008-12-03,0.028946514750129992
2008-12-04,-0.03187533403888576
2008-12-05,0.04315580129576535
2008-12-08,0.04053064814169538
2008-12-09,-0.015645974139304464
2008-12-10,0.011655168182160835
2008-12-11,-0.03748777969457695
2008-12-12,0.02154512655792651
2008-12-15,-0.021240134915716524
2008-12-16,0.0526551549594334
2008-12-17,-0.0066767607685989105
2008-12-18,-0.01720528762964868
2008-12-19,0.007668398175982638
2008-12-22,-0.020648701617128395
2008-12-23,-0.007079483295222566
2008-12-24,0.0022058446212342986
2008-12-26,0.0034957293169073367
2008-12-29,-0.01310306612397838
2008-12-30,0.026384897058140844
2008-12-31,0.016836939439303755
2009-01-02,0.034391550962646456
2009-01-05,-0.0025641878778372984
2009-01-06,0.014845962891082642
2009-01-07,-0.03280068257275737
2009-01-08,0.011162777664447177
2009-01-09,-0.028490946915832538
2009-01-12,-0.02109140530144593
2009-01-13,0.004972004003279906
2009-01-14,-0.03743393283297891
2009-01-15,0.014792939584094889
2009-01-16,0.011502272818502135
2009-01-20,-0.05958955488521678
2009-01-21,0.0449271854492892
2009-01-22,-0.027977681954634903
2009-01-23,0.008019703786598775
2009-01-26,0.008204257276736904
2009-01-27,0.010312855098133511
2009-01-28,0.03489466317127832
2009-01-29,-0.03294298971191978
2009-01-30,-0.021057872181836856
2009-02-02,0.012124630867056396
2009-02-03,0.014528289848748877
2009-02-04,-0.0008247150811220294
2009-02-05,0.0203776971826386
2009-02-06,0.028982714355234585
2009-02-09,-9.418135624184032e-05
2009-02-10,-0.04289737173307273
2009-02-11,0.0037771470089849046
2009-02-12,0.007297685268905063
2009-02-13,-0.00477881823362214
2009-02-17,-0.04240204357625643
2009-02-18,-0.0018308288035600029
2009-02-19,-0.017280979398861085
2009-02-20,-0.001102592549899306
2009-02-23,-0.03783481059362259
2009-02-24,0.0382510181007909
2009-02-25,-0.011439549348809308
2009-02-26,-0.024112839039817757
2009-02-27,-0.009843690489941714
2009-03-02,-0.04072854917412805
2009-03-03,-0.001391878637718058
2009-03-04,0.02447452227690583
2009-03-05,-0.040822321396138506
2009-03-06,-0.004426552946419804
2009-03-09,-0.01967677877261842
2009-03-10,0.0682737429307716
2009-03-11,0.009787899862899962
2009-03-12,0.03893631375893314
2009-03-13,0.0037794169149085732
2009-03-16,-0.01938328112867893
2009-03-17,0.04054102344927912
2009-03-18,0.019713969353538197
2009-03-19,-0.0052038913694199
2009-03-20,-0.017825830127735642
2009-03-23,0.0654057767415317
2009-03-24,-0.025552363273573242
2009-03-25,0.008162944163696118
2009-03-26,0.03726424817960261
2009-03-27,-0.026692121334157548
2009-03-30,-0.028488899013400903
2009-03-31,0.017681298314466964
2009-04-01,0.014940921337728064
2009-04-02,0.032359391965146145
2009-04-03,0.011933768691065438
2009-04-06,-0.009391215832177835
2009-04-07,-0.028471254708573923
2009-04-08,0.018431714967310775
2009-04-09,0.03816447590578953
2009-04-13,0.0004658526687109088
2009-04-14,-0.01682859795185898
2009-04-15,0.0006641485114409207
2009-04-16,0.026472104637027982
2009-04-17,0.00157320032754793
2009-04-20,-0.039538495075112756
2009-04-21,0.0219193017883903
2009-04-22,0.001379963897359282
2009-04-23,0.0036927613804129678
2009-04-24,0.025150035056020315
2009-04-27,-0.008821235468048805
2009-04-28,-0.003340061574914621
2009-04-29,0.02252469611546193
2009-04-30,0.0031261222908502972
2009-05-01,0.001105719503751601
2009-05-04,0.02547548864460225
2009-05-05,-0.005367222711636366
2009-05-06,0.00283499686652533
2009-05-07,-0.024666455008014232
2009-05-08,0.01317438963616091
2009-05-11,-0.004472326249429059
2009-05-12,-0.008888503579965068
2009-05-13,-0.03061092217834549
2009-05-14,0.014922457533119271
2009-05-15,-0.005383808902473142
2009-05-18,0.03060750028514203
2009-05-19,0.0012576388029224006
2009-05-20,-0.003870217362548445
2009-05-21,-0.019041831138753906
2009-05-22,-0.0019130454781519646
2009-05-26,0.03394432561908722
2009-05-27,-0.011116036922593331
2009-05-28,0.011892678814819035
2009-05-29,0.012784717498633746
2009-06-01,0.030171562365447713
2009-06-02,0.004430529247309245
2009-06-03,-0.005940960055932365
2009-06-04,0.013112466729491956
2009-06-05,-0.0003243602171698612
2009-06-08,-0.0038030174071899125
2009-06-09,0.009577297605281032
2009-06-10,-0.0037972844917071313
2009-06-11,0.0050007716668520885
2009-06-12,-0.001918723058678573
2009-06-15,-0.02308563241863748
2009-06-16,-0.011183294600610516
2009-06-17,0.006592262188960696
2009-06-18,-0.00018811315338407297
2009-06-19,0.010866114093354362
2009-06-22,-0.03410782961863301
2009-06-23,-0.0007192625100618244
2009-06-24,0.01541662115055864
2009-06-25,0.02054258085748728
2009-06-26,0.004733105667602544
2009-06-29,0.003171998186376257
2009-06-30,-0.004903393419249724
2009-07-01,0.0058031284756348
2009-07-02,-0.02701795825738973
2009-07-06,-0.005089407515186828
2009-07-07,-0.023337220373098155
2009-07-08,0.0005725179926114876
2009-07-09,0.0030745368076265933
2009-07-10,0.001983697981759569
2009-07-13,0.020951692089798968
2009-07-14,0.0036293546758381368
2009-07-15,0.034497783620261124
2009-07-16,0.01180932501562193
2009-07-17,0.0008378085612452679
2009-07-20,0.011949905665336935
2009-07-21,0.00361256709175084
2009-07-22,0.005298563800491429
2009-07-23,0.024216677309310874
2009-07-24,-0.003878618094082853
2009-07-27,0.0009812544340936924
2009-07-28,0.0038646876067574
2009-07-29,-0.003930752872750354
2009-07-30,0.008370386779590788
2009-07-31,-0.002927249872956672
2009-08-03,0.015103951420597284
2009-08-04,0.001343346941586887
2009-08-05,-0.009120126983039434
2009-08-06,-0.01002981736817965
2009-08-07,0.013635836893788778
2009-08-10,-0.004012543817174752
2009-08-11,-0.011363161327295757
2009-08-12,0.014610493411077563
2009-08-13,0.005304313521889981
2009-08-14,-0.011930420131848862
2009-08-17,-0.027925730715785413
2009-08-18,0.012905569759594115
2009-08-19,0.006786983105357969
2009-08-20,0.010094910819354652
2009-08-21,0.015800381449587064
2009-08-24,-0.0014459674219367002
2009-08-25,0.0030923702830865096
2009-08-26,9.883430105794844e-05
2009-08-27,0.001628725153729249
2009-08-28,0.0005127765735428724
2009-08-31,-0.009762727555966855
2009-09-01,-0.020197040541776623
2009-09-02,-0.00092484095731038
2009-09-03,0.00816657846068658
2009-09-04,0.017781705953728633
2009-09-08,0.009362699203848024
2009-09-09,0.011039150858782598
2009-09-10,0.011403497011639452
2009-09-11,-0.0014982846391822235
2009-09-14,0.005214946647743801
2009-09-15,0.005178254800506821
2009-09-16,0.014406067769343167
2009-09-17,-0.003004721850518699
2009-09-18,0.002868859570938298
2009-09-21,0.0024256873271850665
2009-09-22,0.003855912383408544
2009-09-23,-0.006957064544862668
2009-09-24,-0.011233732566870103
2009-09-25,-0.007950531899118651
2009-09-28,0.018865209498359903
2009-09-29,-0.0031493786581568983
2009-09-30,-0.0007630437027597026
2009-10-01,-0.03107498678756837
2009-10-02,-0.004564454372762761
2009-10-05,0.009736971524076488
2009-10-06,0.01698149321607101
2009-10-07,0.003208436521810576
2009-10-08,0.006423743582177899
2009-10-09,0.007201223553051861
2009-10-12,-6.550863232579474e-05
2009-10-13,0.00035054675724932594
2009-10-14,0.014999905016308546
2009-10-15,0.0004878857351995336
2009-10-16,-0.007616502020264981
2009-10-19,0.009009744040667123
2009-10-20,-0.005922007790774231
2009-10-21,-0.005906090311747825
2009-10-22,0.006747009402906734
2009-10-23,-0.0050095796818219185
2009-10-26,-0.005874752877612188
2009-10-27,-0.01209989944934442
2009-10-28,-0.027053391061089727
2009-10-29,0.01825332360982923
2009-10-30,-0.02531844963948071
2009-11-02,0.001997878638477779
2009-11-03,0.003954748902780025
2009-11-04,-0.0008753313547780195
2009-11-05,0.023938640249812515
2009-11-06,0.0033761426886700363
2009-11-09,0.019510810959494584
2009-11-10,-0.001384382784321403
2009-11-11,0.0073274517588393095
2009-11-12,-0.00828559631574155
2009-11-13,0.008737744075958176
2009-11-16,0.013729976791557519
2009-11-17,0.002694426863307342
2009-11-18,-0.0048398231840680594
2009-11-19,-0.01669931152211479
2009-11-20,-0.005010644818498555
2009-11-23,0.013868627493319963
2009-11-24,-0.003143744619827693
2009-11-25,0.0031621446703606892
2009-11-27,-0.017434765268109054
2009-11-30,0.002876536498133575
2009-12-01,0.014447935594783523
2009-12-02,0.0042285359038398695
2009-12-03,-0.005456495011729956
2009-12-04,0.009712842786882447
2009-12-07,-0.002162424775631777
2009-12-08,-0.007619400001136256
2009-12-09,0.004930320085880346
2009-12-10,0.003259794917354064
2009-12-11,-0.00025109676646728474
2009-12-14,0.009899221667675207
2009-12-15,-0.005007793324082854
2009-12-16,0.0026587658622778676
2009-12-17,-0.012245472563932047
2009-12-18,0.014409067965194033
2009-12-21,0.011673735031545895
2009-12-22,0.006685506957314402
2009-12-23,0.007505036608693949
2009-12-24,0.00704674121473392
2009-12-28,0.002355433717585953
2009-12-29,-0.0011705154728005596
2009-12-30,0.0012577854242294961
2009-12-31,-0.009705357168043882
2010-01-04,0.017158004989395792
2010-01-05,0.00012563608572602192
2010-01-06,-0.003305948156600458
2010-01-07,-0.0004520788540709475
2010-01-08,0.007415696722659959
2010-01-11,-0.0020563470611385526
2010-01-12,-0.013102119083896469
2010-01-13,0.011149864200930892
2010-01-14,0.003823043031646378
2010-01-15,-0.01248732225818916
2010-01-19,0.014065843913398268
2010-01-20,-0.012642022352038929
2010-01-21,-0.011213779761517273
2010-01-22,-0.02702470317188599
2010-01-25,0.002495425824776021
2010-01-26,-0.003203092676795194
2010-01-27,0.007990719454768147
2010-01-28,-0.019276033878639964
2010-01-29,-0.014631486709411057
2010-02-01,0.011045418356391501
2010-02-02,0.008648979858325134
2010-02-03,0.00038797505208609806
2010-02-04,-0.030342839835522994
2010-02-05,0.007355008659830631
2010-02-08,-0.007063290390076915
2010-02-09,0.011606644982819603
2010-02-10,-0.001395757977206813
2010-02-11,0.013659348763336965
2010-02-12,0.0028067899524515383
2010-02-16,0.013943774990829105
2010-02-17,0.005449918774019125
2010-02-18,0.006902409622304262
2010-02-19,0.0009631558814549024
2010-02-22,-0.0008203874066481376
2010-02-23,-0.012833878579187719
2010-02-24,0.010095947938857819
2010-02-25,-0.0007516271453225087
2010-02-26,0.001806621909541839
2010-03-01,0.015652530746120163
2010-03-02,0.003170577899461513
2010-03-03,-4.8277166177612685e-05
2010-03-04,0.005086454180970534
2010-03-05,0.014740489348016972
2010-03-08,0.002515741472950417
2010-03-09,0.0036251570970842195
2010-03-10,0.007775127840248253
2010-03-11,0.004023354340301211
2010-03-12,-0.0003378499097070886
2010-03-15,-0.0023044835185963564
2010-03-16,0.006666402588823672
2010-03-17,0.004648569507938127
2010-03-18,0.0009162225960599457
2010-03-19,-0.007079851128272807
2010-03-22,0.008801242206448734
2010-03-23,0.008248466242409158
2010-03-24,-0.006846715765301603
2010-03-25,-0.0005629899331767163
2010-03-26,-0.0009514910951002875
2010-03-29,0.00384634034355269
2010-03-30,0.0026291887172531503
2010-03-31,-0.0052946296634885925
2010-04-01,0.0019248328631187306
2010-04-05,0.011154642593747432
2010-04-06,0.0029919958721817963
2010-04-07,-0.0023213573853677616
2010-04-08,0.0023213573853677616
2010-04-09,0.007049909938014132
2010-04-12,0.0015554280201790505
2010-04-13,0.003298176727351887
2010-04-14,0.015639542013084373
2010-04-15,0.004314208872124858
2010-04-16,-0.013780596901280973
2010-04-19,-0.0004635422623904262
2010-04-20,0.008111790276080555
2010-04-21,0.0017183290616182845
2010-04-22,0.0057567362432005
2010-04-23,0.004388737996258385
2010-04-26,-0.0028497184908662376
2010-04-27,-0.02061572897192132
2010-04-28,0.0001051989676454923
2010-04-29,0.016129067436036593
2010-04-30,-0.02040242085316457
2010-05-03,0.015141651905052456
2010-05-04,-0.030264402712725236
2010-05-05,-0.00909973284907828
2010-05-06,-0.035010510439219544
2010-05-07,-0.02355472259906044
2010-05-10,0.047001215249633965
2010-05-11,0.0002695323876134026
2010-05-12,0.020711799879766346
2010-05-13,-0.012723763197326043
2010-05-14,-0.02004197157297849
2010-05-17,0.0031396567393402464
2010-05-18,-0.015828244362282362
2010-05-19,-0.008185230412252054
2010-05-20,-0.04192179411037511
2010-05-21,0.0112925841177125
2010-05-24,-0.006973433379841687
2010-05-25,-0.001175318320966845
2010-05-26,-0.006839441354734355
2010-05-27,0.03657452706629982
2010-05-28,-0.00910311341878245
2010-06-01,-0.015498007429758154
2010-06-02,0.02608843089787083
2010-06-03,0.009580998867807722
2010-06-04,-0.037092443064460134
2010-06-07,-0.02061047233859714
2010-06-08,-0.001532907194142119
2010-06-09,-0.00541411961988203
2010-06-10,0.027350210559287547
2010-06-11,0.011155833874516574
2010-06-14,0.00016038260316175723
2010-06-15,0.027220186728561302
2010-06-16,2.1704636635533348e-05
2010-06-17,0.0005332566845899223
2010-06-18,0.0011436690068169497
2010-06-21,-0.009006564765789982
2010-06-22,-0.011993419029345809
2010-06-23,-0.003352535479425711
2010-06-24,-0.01646411990831176
2010-06-25,0.0027292046605724707
2010-06-28,-0.001273625470986417
2010-06-29,-0.03924898160059076
2010-06-30,-0.012223231843774052
2010-07-01,-0.003742883118301954
2010-07-02,-0.004564627853397063
2010-07-06,0.0009985708202808752
2010-07-07,0.030844059401445634
2010-07-08,0.007349703135671071
2010-07-09,0.00962988767032158
2010-07-12,0.0008692782372010655
2010-07-13,0.01967004184350074
2010-07-14,0.0034774231045142656
2010-07-15,-0.0003378631959716216
2010-07-16,-0.03163225403315639
2010-07-19,0.008763457791491902
2010-07-20,0.01097570235988421
2010-07-21,-0.015946526903160674
2010-07-22,0.026420173668138425
2010-07-23,0.010444479818027652
2010-07-26,0.011809402237251021
2010-07-27,-0.003568380101732771
2010-07-28,-0.010406827830187204
2010-07-29,-0.005699486090025907
2010-07-30,0.001335885391638314
2010-08-02,0.01787283600133005
2010-08-03,-0.005171620113030961
2010-08-04,0.008742002504220636
2010-08-05,-0.00457292746664173
2010-08-06,-0.0020037364797458324
2010-08-09,0.0074964962803640844
2010-08-10,-0.012446545854021274
2010-08-11,-0.030561048881504682
2010-08-12,-0.008347527927526244
2010-08-13,-0.007695272147745236
2010-08-16,0.0038528003073325934
2010-08-17,0.012556702257965568
2010-08-18,0.0028292953865829418
2010-08-19,-0.016725271637206163
2010-08-20,0.0003716964929241229
2010-08-23,-0.009277927013353171
2010-08-24,-0.016748749220782955
2010-08-25,0.008337107392267562
2010-08-26,-0.010727269129683137
2010-08-27,0.016356790614826977
2010-08-30,-0.01575281229982739
2010-08-31,-0.00280583150835767
2010-09-01,0.02927823197803736
2010-09-02,0.010587585956782775
2010-09-03,0.015219877244114777
2010-09-07,-0.011191709212919676
2010-09-08,0.00900470488389793
2010-09-09,0.0032831917333400185
2010-09-10,0.002804412687944513
2010-09-13,0.019094293509071214
2010-09-14,0.0017747032777766236
2010-09-15,0.005031516687283855
2010-09-16,0.0008382679490095413
2010-09-17,0.005352029131949543
2010-09-20,0.017219942012568268
2010-09-21,-0.0027544044323457584
2010-09-22,-0.006319561741650048
2010-09-23,-0.0032048776473088125
2010-09-24,0.02299865275489399
2010-09-27,-0.004820036818948381
2010-09-28,0.004135328604960797
2010-09-29,-0.001274152250656968
2010-09-30,-0.0033465320692807055
2010-10-01,0.0008988042306130595
2010-10-04,-0.011125662336444186
2010-10-05,0.023317235620901045
2010-10-06,-0.008020210820567364
2010-10-07,0.0012635607823092698
2010-10-08,0.007622933559928491
2010-10-11,0.00017491466602415073
2010-10-12,0.006468501886217837
2010-10-13,0.009594368510224882
2010-10-14,-0.002399248915352814
2010-10-15,0.013617305076690123
2010-10-18,0.004804559561129018
2010-10-19,-0.01777738100587456
2010-10-20,0.008352530020779625
2010-10-21,0.0009273954543269625
2010-10-22,0.007985356012007117
2010-10-25,0.004611538038525431
2010-10-26,0.002582102670654507
2010-10-27,0.002387726742530738
2010-10-28,0.0016405554748901707
2010-10-29,1.58710538222806e-05
2010-11-01,-0.0010254175046835456
2010-11-02,0.011384752499551176
2010-11-03,0.0026607344530438226
2010-11-04,0.014487511146459298
2010-11-05,0.0006360709233224071
2010-11-08,0.0004148331638482716
2010-11-09,-0.006638161140442023
2010-11-10,0.0061457938642677234
2010-11-11,-0.009060697144355423
2010-11-12,-0.01470741693940436
2010-11-15,-0.0017447804032295622
2010-11-16,-0.01765012895343787
2010-11-17,0.0024949907311428987
2010-11-18,0.015385770131926435
2010-11-19,0.0014784702323975552
2010-11-22,0.005504772963762505
2010-11-23,-0.014748741506857677
2010-11-24,0.019123050415325693
2010-11-26,-0.0033716446907385844
2010-11-29,-0.0036918990333241197
2010-11-30,-0.010745702737238183
2010-12-01,0.020287304652796934
2010-12-02,0.011667689109566837
2010-12-03,0.004683941310619666
2010-12-06,0.001334249140621857
2010-12-07,0.0013748458073363778
2010-12-08,0.004097793440720032
2010-12-09,0.002874190386675579
2010-12-10,0.007944192220067592
2010-12-13,-0.004800103115922383
2010-12-14,0.0010699626375849647
2010-12-15,-0.004003864350921482
2010-12-16,0.007646805964973247
2010-12-17,0.002143793225225288
2010-12-20,0.0024903368559083816
2010-12-21,0.006789370134892891
2010-12-22,0.0014496379198947196
2010-12-23,-0.0022034090196649814
2010-12-27,0.0006262751174830328
2010-12-28,-0.0016472848951423202
2010-12-29,0.0015197726555564728
2010-12-30,-0.00148218336149597
2010-12-31,-0.003803672144466752
2011-01-03,0.01446398005045424
2011-01-04,-0.00382299335433256
2011-01-05,0.00778313427976407
2011-01-06,0.0028417660472603856
2011-01-07,-0.002482874524083023
2011-01-10,0.0017113856141390826
2011-01-11,0.003329273121419618
2011-01-12,0.007517233065579276
2011-01-13,-0.0007455438577164131
2011-01-14,0.007288869879408466
2011-01-18,0.0038216898250462705
2011-01-19,-0.014747468248163642
2011-01-20,-0.00776115350148654
2011-01-21,-0.005469225598026206
2011-01-24,0.010360567278361543
2011-01-25,0.0006253499161292808
2011-01-26,0.007419315004510985
2011-01-27,0.005743659471043827
2011-01-28,-0.02513473050090731
2011-01-31,0.00489708016882151
2011-02-01,0.018752092918868257
2011-02-02,-0.0005926038668171429
2011-02-03,0.001569863631442736
2011-02-04,0.005583814495230932
2011-02-07,0.005290548689902863
2011-02-08,0.0046801608091646685
2011-02-09,-0.002857076371308942
2011-02-10,0.0004946242098968767
2011-02-11,0.006782298721186741
2011-02-14,0.0027512059784013942
2011-02-15,-0.004564542462053289
2011-02-16,0.0075347778897452145
2011-02-17,0.0021282915600924213
2011-02-18,0.0008365936365493098
2011-02-22,-0.027738773002972117
2011-02-23,-0.012202170294227876
2011-02-24,0.005460629843081932
2011-02-25,0.01563740427036464
2011-02-28,0.0004385765002510311
2011-03-01,-0.016254962509472115
2011-03-02,0.0038866861997881585
2011-03-03,0.018270440429072998
2011-03-04,-0.005039966029349863
2011-03-07,-0.01411883223835364
2011-03-08,0.007308570136316916
2011-03-09,-0.005092924218083716
2011-03-10,-0.01859667338294191
2011-03-11,0.0053871587441429725
2011-03-14,-0.005405688518621332
2011-03-15,-0.012532955536426194
2011-03-16,-0.01911813510960858
2011-03-17,0.007321736858565409
2011-03-18,0.0028864706384830185
2011-03-21,0.01814980250803
2011-03-22,-0.0030580498349781493
2011-03-23,0.005362136747906199
2011-03-24,0.014028505024330507
2011-03-25,0.0024236387368059553
2011-03-28,-0.0045234695419047455
2011-03-29,0.009552556444693217
2011-03-30,0.00719240451832448
2011-03-31,0.0015401719583501006
2011-04-01,0.00306248106940199
2011-04-04,-0.0001470412931361409
2011-04-05,0.0007167971097432613
2011-04-06,0.0030871466129198666
2011-04-07,-0.0013152975852230853
2011-04-08,-0.005637888901206978
2011-04-11,-0.00320966578044235
2011-04-12,-0.009687718014939506
2011-04-13,0.0060766763119479705
2011-04-14,-0.0004708837628877305
2011-04-15,0.0016036332770781314
2011-04-18,-0.010643686308158706
2011-04-19,0.0034998122148355293
2011-04-20,0.02074531241795885
2011-04-21,0.0062781420789859155
2011-04-25,0.0020261892823310035
2011-04-26,0.007635698322157047
2011-04-27,0.007814698848584989
2011-04-28,0.000923008532335956
2011-04-29,0.0003515480194327125
2011-05-02,-0.0032975238221846226
2011-05-03,-0.007872855627781838
2011-05-04,-0.004723285935949839
2011-05-05,-0.004788288287263853
2011-05-06,0.004551390568817482
2011-05-09,0.005533594417900467
2011-05-10,0.010022548129817288
2011-05-11,-0.009386134630483767
2011-05-12,0.0062998334390576005
2011-05-13,-0.012148091962277618
2011-05-16,-0.016454380080372033
2011-05-17,0.0003233848224191149
2011-05-18,0.011357337791076283
2011-05-19,0.002947714660804124
2011-05-20,-0.007105522804442543
2011-05-23,-0.015972439282850637
2011-05-24,-0.004628473952179135
2011-05-25,0.0055269721197026556
2011-05-26,0.007770195767260901
2011-05-27,0.004996689646286967
2011-05-31,0.013650371162248653
2011-06-01,-0.023592931403673134
2011-06-02,0.001486736290995161
2011-06-03,-0.01472215699110535
2011-06-06,-0.011119923173971813
2011-06-07,-0.00037008800312676726
2011-06-08,-0.009738023096065085
2011-06-09,0.0035409707722902084
2011-06-10,-0.015441561919574909
2011-06-13,-0.0015293275604282286
2011-06-14,0.014677593728835703
2011-06-15,-0.017800247156927185
2011-06-16,-0.0029532937286802508
2011-06-17,-0.002755621129814756
2011-06-20,0.0050246313060196
2011-06-21,0.021667563931297096
2011-06-22,-0.006747057127024725
2011-06-23,0.00655725109159544
2011-06-24,-0.012682713430802295
2011-06-27,0.013252023492275278
2011-06-28,0.015147256665890119
2011-06-29,0.004087881498262114
2011-06-30,0.011980545669547205
2011-07-01,0.015210823417450392
2011-07-05,0.003452798690704917
2011-07-06,0.0029153045558656387
2011-07-07,0.013542193904903854
2011-07-08,-0.004483189656016684
2011-07-11,-0.0202004737744943
2011-07-12,-0.007417025215130657
2011-07-13,0.005381073247031409
2011-07-14,-0.012321208671419726
2011-07-15,0.009772351045179484
2011-07-18,-0.008889470144547218
2011-07-19,0.021965823873256518
2011-07-20,-0.00435759730890517
2011-07-21,0.007152152048067073
2011-07-22,0.008571642903524967
2011-07-25,-0.005622978403098777
2011-07-26,-0.0009995453343805139
2011-07-27,-0.026825256960820276
2011-07-28,0.0005279155316531003
2011-07-29,-0.0035744302644848958
2011-08-01,-0.004279154614486025
2011-08-02,-0.02784524346417694
2011-08-03,0.008888048151108663
2011-08-04,-0.052085767176571096
2011-08-05,-0.00942468121754203
2011-08-08,-0.071489082521774
2011-08-09,0.051591879891814685
2011-08-10,-0.04173259379579353
2011-08-11,0.04581682210104443
2011-08-12,0.0061192309973154835
2011-08-15,0.01865283889971714
2011-08-16,-0.012503485867902064
2011-08-17,-0.004754780470431541
2011-08-18,-0.05359109811517726
2011-08-19,-0.016344132220631025
2011-08-22,0.0015104030179715622
2011-08-23,0.042031205049987364
2011-08-24,0.00880387586676079
2011-08-25,-0.019667879144512845
2011-08-26,0.024583526371241504
2011-08-29,0.0326330658302334
2011-08-30,0.005449371206185383
2011-08-31,0.001299508664462934
2011-09-01,-0.013040833284141407
2011-09-02,-0.026147578934794247
2011-09-06,-0.0026240587807988547
2011-09-07,0.02990997492909031
2011-09-08,-0.007798281955925468
2011-09-09,-0.024475231316752222
2011-09-12,0.010920785708457892
2011-09-13,0.014743869744216376
2011-09-14,0.015828938196754017
2011-09-15,0.013329367734410624
2011-09-16,0.005828619457681761
2011-09-19,-0.003621676051917433
2011-09-20,-0.008683423262867862
2011-09-21,-0.02029932623944397
2011-09-22,-0.033051600879292486
2011-09-23,0.01116051963193243
2011-09-26,0.013384398536860687
2011-09-27,0.011904956463776095
2011-09-28,-0.02193240050410772
2011-09-29,-0.004352109970986007
2011-09-30,-0.026700104351172094
2011-10-03,-0.033497542636884425
2011-10-04,0.02910776331632814
2011-10-05,0.02289356439126422
2011-10-06,0.01864639540577162
2011-10-07,-0.011018576467765051
2011-10-10,0.034371302175612684
2011-10-11,0.006595369177382793
2011-10-12,0.008365875712061488
2011-10-13,0.0059368974019058385
2011-10-14,0.018007028284521276
2011-10-17,-0.020039466750599644
2011-10-18,0.01612599017949279
2011-10-19,-0.020295364405377825
2011-10-20,-0.002083520227309954
2011-10-21,0.014835738014886246
2011-10-24,0.02322800438534056
2011-10-25,-0.022864098849423975
2011-10-26,0.004632185221293383
2011-10-27,0.03264534381077677
2011-10-28,-0.0005405551584818369
2011-10-31,-0.019456265628144287
2011-11-01,-0.029276155237869084
2011-11-02,0.012586557430450895
2011-11-03,0.021728293543524124
2011-11-04,-0.004390722208067466
2011-11-07,0.0033820591279383194
2011-11-08,0.01189080433969636
2011-11-09,-0.03957791548386691
2011-11-10,0.0013341467749627967
2011-11-11,0.020212267737766965
2011-11-14,-0.008069815330556729
2011-11-15,0.010847084840347243
2011-11-16,-0.01749631764657611
2011-11-17,-0.01974971079875054
2011-11-18,-0.0060033201440461426
2011-11-21,-0.01937407368468058
2011-11-22,-0.0007373943463591104
2011-11-23,-0.024572819197230977
2011-11-25,-0.007577197144057024
2011-11-28,0.034550696671185044
2011-11-29,-0.004691830848612355
2011-11-30,0.04082854371121947
2011-12-01,0.002233801962544746
2011-12-02,0.0002779221110964514
2011-12-05,0.010915031801538966
2011-12-06,-0.0023372591717008007
2011-12-07,-0.00013214298996455653
2011-12-08,-0.02014334556184405
2011-12-09,0.01925216856939116
2011-12-12,-0.013154539827932688
2011-12-13,-0.01270933004787178
2011-12-14,-0.015614007075485326
2011-12-15,0.00066922997466623
2011-12-16,0.005619760769524973
2011-12-19,-0.012677289360108368
2011-12-20,0.03144090979190217
2011-12-21,-0.009942768676173941
2011-12-22,0.008297609247344795
2011-12-23,0.00735519260634554
2011-12-27,0.0025020070068517697
2011-12-28,-0.013506918884829133
2011-12-29,0.009131995963682193
2011-12-30,-0.0032919244608846654
2012-01-03,0.016586275742622725
2012-01-04,-0.0001358723207864898
2012-01-05,0.008085455758053861
2012-01-06,0.0016316612718343393
2012-01-09,0.0008746717401963977
2012-01-10,0.009644860703679647
2012-01-11,0.0030517714506199667
2012-01-12,0.005129270409150344
2012-01-13,-0.005162504405261892
2012-01-17,0.006402285716049505
2012-01-18,0.015144513772496815
2012-01-19,0.006700270856982549
2012-01-20,-0.0005847957736611065
2012-01-23,-0.0009083067917483589
2012-01-24,0.0008867546899802292
2012-01-25,0.01130090485793378
2012-01-26,-0.004634069130610818
2012-01-27,0.004009382877782741
2012-01-30,-0.001638133304243894
2012-01-31,0.0006755139897887119
2012-02-01,0.012161669537707809
2012-02-02,0.003997907271184431
2012-02-03,0.015950822187915215
2012-02-06,-0.001263823551760801
2012-02-07,0.0007199665027464164
2012-02-08,0.004048167166178729
2012-02-09,0.003891737839453846
2012-02-10,-0.008008843260691734
2012-02-13,0.009428943181362115
2012-02-14,0.00015015146963648363
2012-02-15,-0.005472287889641159
2012-02-16,0.014984084169309853
2012-02-17,-0.002730236228943639
2012-02-21,-0.0010880578952274789
2012-02-22,-0.0052366074331420265
2012-02-23,0.008084747817990845
2012-02-24,0.00228688776691488
2012-02-27,0.0008127989388597712
2012-02-28,0.006921033763759077
2012-02-29,-0.006674961171596827
2012-03-01,0.007414606719662764
2012-03-02,-0.004284897316746417
2012-03-05,-0.008676076971107172
2012-03-06,-0.013704798098336468
2012-03-07,0.008679435125549695
2012-03-08,0.011760831269467253
2012-03-09,0.006014748038630557
2012-03-12,-0.0015673733219632169
2012-03-13,0.01866729703111325
2012-03-14,0.0002796093421224555
2012-03-15,0.005130363869081833
2012-03-16,-0.00036327703444882786
2012-03-19,0.00751931725076993
2012-03-20,-0.0013556073167677596
2012-03-21,0.00038057459759066603
2012-03-22,-0.0039096656647803485
2012-03-23,0.0015004646322633874
2012-03-26,0.017656620512086718
2012-03-27,-0.0007111962791981341
2012-03-28,-0.004944386039371196
2012-03-29,-0.0030965695579130426
2012-03-30,-0.0012251761144561613
2012-04-02,0.009057753098863586
2012-04-03,-0.0019668279312039516
2012-04-04,-0.014714752976267675
2012-04-05,0.004036674679346319
2012-04-09,-0.010908140841166869
2012-04-10,-0.018502459487443446
2012-04-11,0.008402624315971607
2012-04-12,0.012875679673127749
2012-04-13,-0.014577757554979698
2012-04-16,-0.007643773136928544
2012-04-17,0.01804664503752207
2012-04-18,-0.0037437026772195736
2012-04-19,-0.007911898526833383
2012-04-20,-0.0023668771289049317
2012-04-23,-0.010048821094726712
2012-04-24,-0.0029837442396587477
2012-04-25,0.02271076536203953
2012-04-26,0.006901144661942027
2012-04-27,0.006075319577071525
2012-04-30,-0.0074694548733251764
2012-05-01,0.0013383527623265223
2012-05-02,0.003080103769015352
2012-05-03,-0.011686251179185092
2012-05-04,-0.022727629392266913
2012-05-07,0.000480181897105858
2012-05-08,-0.0038922582314642185
2012-05-09,-0.003931342572485619
2012-05-10,-0.0003646914031865123
2012-05-11,6.14152571998261e-05
2012-05-14,-0.010705327874086734
2012-05-15,-0.0030433256272521803
2012-05-16,-0.006837978908739828
2012-05-17,-0.021221950705094805
2012-05-18,-0.012481173119057942
2012-05-21,0.024323958498837506
2012-05-22,-0.0028594701628641417
2012-05-23,0.003881056226227031
2012-05-24,-0.0037754625653256824
2012-05-25,-0.0006517114450428352
2012-05-29,0.011722948860810156
2012-05-30,-0.011782834381395269
2012-05-31,-0.0035377088411152613
2012-06-01,-0.028652250586436168
2012-06-04,0.004550185633658721
2012-06-05,0.006536572598563772
2012-06-06,0.023693755110810955
2012-06-07,-0.004827556513239628
2012-06-08,0.009631919647112852
2012-06-11,-0.017180610923793083
2012-06-12,0.011796091919644702
2012-06-13,-0.008640584546989238
2012-06-14,0.006267096775517622
2012-06-15,0.012776190409652166
2012-06-18,0.007811940222608449
2012-06-19,0.011821390595470938
2012-06-20,0.000235466447119137
2012-06-21,-0.024652555067863346
2012-06-22,0.011590071833661675
2012-06-25,-0.01964250137884349
2012-06-26,0.006291568910472556
2012-06-27,0.007421433688733714
2012-06-28,-0.009023968705798247
2012-06-29,0.029584478074296428
2012-07-02,0.005497520440828296
2012-07-03,0.008384998593818693
2012-07-05,1.3453533545870755e-05
2012-07-06,-0.013119446062021645
2012-07-09,-0.0018946891906930219
2012-07-10,-0.010092453267242618
2012-07-11,-0.004956600558632118
2012-07-12,-0.007573687783291483
2012-07-13,0.014643558394772604
2012-07-16,-0.003972172381155659
2012-07-17,0.004511852950527029
2012-07-18,0.011126737252019403
2012-07-19,0.00788691731057245
2012-07-20,-0.013783438560633243
2012-07-23,-0.01208868611643954
2012-07-24,-0.00944184024305983
2012-07-25,-0.0030609252598354786
2012-07-26,0.013574833146674514
2012-07-27,0.022163381755137657
2012-07-30,-0.0041497840302104905
2012-07-31,-0.0021477261113727053
2012-08-01,-0.006590791233763049
2012-08-02,-0.0035814711544785993
2012-08-03,0.01978055213962815
2012-08-06,0.007388658108388846
2012-08-07,0.008641808369771908
2012-08-08,-0.0015297906422073737
2012-08-09,0.0024510882983079796
2012-08-10,0.0007352313747048811
2012-08-13,0.0005493323657450588
2012-08-14,-0.00183460240628186
2012-08-15,0.004613155987410522
2012-08-16,0.010326141213797158
2012-08-17,0.004626247579862408
2012-08-20,-0.00012356226452681085
2012-08-21,-0.002913648978887906
2012-08-22,0.002087603834809215
2012-08-23,-0.006616570093969543
2012-08-24,0.0053534762175537765
2012-08-27,0.001106922927213816
2012-08-28,0.0012844682550596787
2012-08-29,0.0013153077282961334
2012-08-30,-0.01059732946811387
2012-08-31,0.005968292731942881
2012-09-04,0.0026376020678817724
2012-09-05,-0.0018846776467853488
2012-09-06,0.02144777793241559
2012-09-07,0.00019446457960725638
2012-09-10,-0.010383945291559726
2012-09-11,0.0001642927133573835
2012-09-12,0.003145293084036993
2012-09-13,0.01324392294704424
2012-09-14,0.008870988369674038
2012-09-17,-0.0016597032713772109
2012-09-18,-0.00027369689664702435
2012-09-19,0.001515644927938098
2012-09-20,-0.0020948572177452718
2012-09-21,0.001258669264952772
2012-09-24,-0.006049763960783494
2012-09-25,-0.013713675200834885
2012-09-26,-0.007737396846025035
2012-09-27,0.013771672047598216
2012-09-28,-0.006515510255487911
2012-10-01,-0.0008667914451550018
2012-10-02,0.002088694619928333
2012-10-03,0.004856695623539409
2012-10-04,0.004528466772194761
2012-10-05,-0.004222328463182379
2012-10-08,-0.007630569469007753
2012-10-09,-0.01532399821077135
2012-10-10,-0.0043290644801246
2012-10-11,-0.0007769360827918348
2012-10-12,-0.0017394891645121646
2012-10-15,0.006571363282679599
2012-10-16,0.011999459869139528
2012-10-17,0.0009508646706954949
2012-10-18,-0.010118282667598066
2012-10-19,-0.022128107961812304
2012-10-22,0.0037657804475337286
2012-10-23,-0.008822480276920786
2012-10-24,-0.002933617376966069
2012-10-25,0.001481333811435448
2012-10-26,0.0006125920923789607
2012-10-31,-0.003594185713146736
2012-11-01,0.014283386665943532
2012-11-02,-0.01263894714211844
2012-11-05,0.005861148613382383
2012-11-06,0.004082126987663415
2012-11-07,-0.025093645747623405
2012-11-08,-0.014301937489497263
2012-11-09,0.0032032158515722386
2012-11-12,-0.00021349780254009687
2012-11-13,-0.007035141435279613
2012-11-14,-0.01294095024107822
2012-11-15,-0.0034731038870390307
2012-11-16,0.005690610342700353
2012-11-19,0.021820246596798043
2012-11-20,0.00020911689459435223
2012-11-21,0.003378311861003347
2012-11-23,0.01367654528604767
2012-11-26,0.0033413724162869585
2012-11-27,-0.0030246079984097562
2012-11-28,0.00805095654243182
2012-11-29,0.0067457419845258215
2012-11-30,-0.0005944732167133537
2012-12-03,-0.0026744695774905125
2012-12-04,-0.001837010318176624
2012-12-05,-0.007701374375266745
2012-12-06,0.005222264684038969
2012-12-07,-0.0037638378485151947
2012-12-10,0.0029907555821537812
2012-12-11,0.01176201238059349
2012-12-12,-0.0028130685762768337
2012-12-13,-0.007209573263741831
2012-12-14,-0.00698581492689776
2012-12-17,0.013129736564000183
2012-12-18,0.014486317343729738
2012-12-19,-0.003335010493087154
2012-12-20,0.001978682349090377
2012-12-21,-0.009678200287645211
2012-12-24,-0.002787690091309969
2012-12-26,-0.007476657419218213
2012-12-27,-0.001422339712053855
2012-12-28,-0.008610516196205786
2012-12-31,0.019800557426065346
2013-01-02,0.030254583720774164
2013-01-03,-0.0037631659178707366
2013-01-04,0.000351436101095004
2013-01-07,-0.0009192379705940112
2013-01-08,-0.002261486846501626
2013-01-09,0.004517870907957189
2013-01-10,0.00512237867173404
2013-01-11,0.001238876909678055
2013-01-14,-0.002604426805319804
2013-01-15,-0.0021578905505652557
2013-01-16,0.0021707337920684466
2013-01-17,0.005903860674605355
2013-01-18,-0.0004114491305564627
2013-01-22,0.002698351193563653
2013-01-23,0.0033318247004654467
2013-01-24,-0.00741246375340765
2013-01-25,0.006156007207211545
2013-01-28,0.0014562441032541784
2013-01-29,-0.0002029615675773755
2013-01-30,-0.0036054383560735204
2013-01-31,-5.734028265891311e-05
2013-02-01,0.011697291982585512
2013-02-04,-0.015191456913242973
2013-02-05,0.01282319939188703
2013-02-06,-0.0009779396014124586
2013-02-07,-0.0010578794845255146
2013-02-08,0.009039292363238971
2013-02-11,-0.0005857047533517346
2013-02-12,-0.0017276851244183433
2013-02-13,0.0032553030640229963
2013-02-14,0.0005566471009217366
2013-02-15,-0.0020748574103190975
2013-02-19,0.006731632415037936
2013-02-20,-0.015422123090679918
2013-02-21,-0.010457670040235456
2013-02-22,0.00963890628909958
2013-02-25,-0.014517476935360207
2013-02-26,0.004290790154154678
2013-02-27,0.010365818924228165
2013-02-28,-0.0006548311016558728
2013-03-01,0.0030174286847586274
2013-03-04,0.003869804593694681
2013-03-05,0.013143742954266457
2013-03-06,-0.0005459600306245704
2013-03-07,0.003011863964465178
2013-03-08,0.003792208590637003
2013-03-11,0.0026164970180158065
2013-03-12,-0.0032485755781870296
2013-03-13,0.0008632215240247376
2013-03-14,0.004246534114038525
2013-03-15,-0.0030300770821050094
2013-03-18,-0.003539569571350043
2013-03-19,-0.002625762134481846
2013-03-20,0.007739887881339058
2013-03-21,-0.009754861299958506
2013-03-22,0.006926832695162588
2013-03-25,-0.0029936757073318887
2013-03-26,0.005296101815797982
2013-03-27,0.0012413702815514682
2013-03-28,0.0033721468163570023
2013-04-01,-0.008714193334396825
2013-04-02,0.0048321969583557944
2013-04-03,-0.011202784242911434
2013-04-04,0.0019802298784039607
2013-04-05,-0.006570376222320817
2013-04-08,0.005723506903192899
2013-04-09,0.004832777628994478
2013-04-10,0.018176136792110498
2013-04-11,0.0008821377894783211
2013-04-12,-0.0015799469999073779
2013-04-15,-0.024100278654831442
2013-04-16,0.014855697428100001
2013-04-17,-0.01853730071228199
2013-04-18,-0.012026399504810215
2013-04-19,0.01246009012811733
2013-04-22,0.008537832808164225
2013-04-23,0.011004474839817036
2013-04-24,9.782082831222283e-05
2013-04-25,0.006201606616684785
2013-04-26,-0.003266732126457228
2013-04-29,0.008429697500563549
2013-04-30,0.006561398666464768
2013-05-01,-0.008950124501376777
2013-05-02,0.012497691753912576
2013-05-03,0.01131381361585504
2013-05-06,0.0042353681957827405
2013-05-07,0.0010780937147476521
2013-05-08,0.004887052695572436
2013-05-09,-0.0012019448130207167
2013-05-10,0.008007976548663365
2013-05-13,0.0006428631407295882
2013-05-14,0.006902994303148446
2013-05-15,0.002598706574303833
2013-05-16,-0.0018394860652701794
2013-05-17,0.009686739603225192
2013-05-20,-0.000726202707374668
2013-05-21,0.0016261044819323445
2013-05-22,-0.011146627015740762
2013-05-23,-0.0011209834792857976
2013-05-24,-8.09501701333204e-05
2013-05-28,0.008563631052632914
2013-05-29,-0.006143956592463695
2013-05-30,0.006834527011324809
2013-05-31,-0.010188390174361572
2013-06-03,0.0027336593605049586
2013-06-04,-0.005820066714179006
2013-06-05,-0.012788750865624365
2013-06-06,0.0066134499521801615
2013-06-07,0.013105701147660298
2013-06-10,0.0013106887625937702
2013-06-11,-0.010656029162705138
2013-06-12,-0.010682561874041596
2013-06-13,0.013126555348508262
2013-06-14,-0.006347466994945705
2013-06-17,0.008310435429553564
2013-06-18,0.008667116913594342
2013-06-19,-0.01125725744293149
2013-06-20,-0.02308031557269352
2013-06-21,-0.0021987553124009906
2013-06-24,-0.010928511144513209
2013-06-25,0.008136589230320013
2013-06-26,0.008426467244911251
2013-06-27,0.0075656406310464774
2013-06-28,0.0004084849695331627
2013-07-01,0.009137582781745479
2013-07-02,-0.0003174447805154301
2013-07-03,0.002986745061008378
2013-07-05,0.010316342841047543
2013-07-08,0.001565201639740721
2013-07-09,0.005560089067950358
2013-07-10,0.004697504148206022
2013-07-11,0.016210962771531
2013-07-12,0.006068248197124149
2013-07-15,0.0020561478139491385
2013-07-16,-0.0024951449865113773
2013-07-17,0.0031906803790686666
2013-07-18,0.0003545159044069379
2013-07-19,-0.006576015670161084
2013-07-22,0.0035558705125513512
2013-07-23,-0.005883268629331084
2013-07-24,9.221514564039524e-05
2013-07-25,0.007123368064544167
2013-07-26,0.002208253715483721
2013-07-29,-0.0038878131997854837
2013-07-30,0.004803505670546215
2013-07-31,0.0027337763998627196
2013-08-01,0.013522290023377792
2013-08-02,0.003760894307346163
2013-08-05,0.0009102188394347621
2013-08-06,-0.007387169331099841
2013-08-07,-0.0032132167460847683
2013-08-08,0.0041266858851614074
2013-08-09,-0.002458652280875384
2013-08-12,0.00268479373481334
2013-08-13,0.003940506063880633
2013-08-14,-0.004125793232075736
2013-08-15,-0.017360302927942328
2013-08-16,-0.0009266567886268007
2013-08-19,-0.0038070648435102328
2013-08-20,0.006803049390882165
2013-08-21,-0.0038262410746252584
2013-08-22,0.010753691217425754
2013-08-23,0.005229938084077901
2013-08-26,-6.013940529392414e-05
2013-08-27,-0.02184969860209307
2013-08-28,0.004135629625125148
2013-08-29,0.00747196662155325
2013-08-30,-0.00844088603009574
2013-09-03,0.00631450974790404
2013-09-04,0.010033597469263356
2013-09-05,0.0026656365128463477
2013-09-06,0.0003361157988592822
2013-09-09,0.012535795807483652
2013-09-10,0.006143791662472253
2013-09-11,-0.0010759307748173796
2013-09-12,-0.00242979917534214
2013-09-13,0.0016697599434980503
2013-09-16,-0.0011639293003238294
2013-09-17,0.007462931873506662
2013-09-18,0.010077978497260887
2013-09-19,0.0015159055446343217
2013-09-20,-0.003873534606483986
2013-09-23,-0.0025039578977281707
2013-09-24,0.0007858088161647458
2013-09-25,-0.0018992089357396935
2013-09-26,0.006976176994735184
2013-09-27,-0.0015430914157228415
2013-09-30,-0.002677087162824776
2013-10-01,0.012253989640605312
2013-10-02,-0.000775569523350228
2013-10-03,-0.01072035604126853
2013-10-04,0.008812907248540114
2013-10-07,-0.009862702458224959
2013-10-08,-0.020241194688162878
2013-10-09,-0.004625249124952546
2013-10-10,0.0223090883536603
2013-10-11,0.00824092641382812
2013-10-14,0.006154732207791724
2013-10-15,-0.005590554393464231
2013-10-16,0.011900390453185139
2013-10-17,0.006158987299157204
2013-10-18,0.013148524391951355
2013-10-21,0.0014730093108159537
2013-10-22,0.002425601253753129
2013-10-23,-0.005742272564033257
2013-10-24,0.0055869999059599
2013-10-25,0.003658429134084429
2013-10-28,-0.0008194910614847117
2013-10-29,0.003094142863988125
2013-10-30,-0.0055106267448401525
2013-10-31,-0.002779542558240422
2013-11-01,0.0005942750517622386
2013-11-04,0.0037029520969298346
2013-11-05,0.0008303282920696375
2013-11-06,-0.0020097433382133545
2013-11-07,-0.019160219066600703
2013-11-08,0.01591994640868677
2013-11-11,0.00014288995137334837
2013-11-12,3.3134596346684475e-05
2013-11-13,0.011580918538673046
2013-11-14,0.0018038864619356332
2013-11-15,0.0033246575688714586
2013-11-18,-0.00930056260584422
2013-11-19,-0.004446362883923527
2013-11-20,-0.0026181766753143876
2013-11-21,0.012138877361286049
2013-11-22,0.0056501915233866384
2013-11-25,0.0007313012054463996
2013-11-26,0.005786088451921856
2013-11-27,0.006697699456267969
2013-11-29,0.0037361092879280022
2013-12-02,-0.003610025447319032
2013-12-03,-0.001994457455902321
2013-12-04,0.00019814960262998227
2013-12-05,-0.0011968720144288625
2013-12-06,0.007250827652111269
2013-12-09,0.0015323514464142818
2013-12-10,-0.0020321733933759134
2013-12-11,-0.014057231167255324
2013-12-12,-0.0013521657393926745
2013-12-13,0.0006450695559561126
2013-12-16,0.0071079407814398365
2013-12-17,-0.0014503772288776418
2013-12-18,0.01146086597363194
2013-12-19,-0.002933041665492908
2013-12-20,0.01141774651231664
2013-12-23,0.010700754725409212
2013-12-24,0.0015702721015085075
2013-12-26,0.002826102803339836
2013-12-27,-0.0025446012373624427
2013-12-30,-0.0005750713210481706
2013-12-31,0.005375169039222527
2014-01-02,-0.008058070220906544
2014-01-03,-0.0026972088779864123
2014-01-06,-0.004421759858860952
2014-01-07,0.009556300439150789
2014-01-08,0.0029883424612453524
2014-01-09,-0.0022639155277524026
2014-01-10,0.004436519418968388
2014-01-13,-0.014809715983204796
2014-01-14,0.016807899809860416
2014-01-15,0.00758761511909789
2014-01-16,0.000903545931883798
2014-01-17,-0.005016452062735155
2014-01-21,0.006690883462256991
2014-01-22,0.004071495394407876
2014-01-23,-0.0057009040183579884
2014-01-24,-0.021735471624838354
2014-01-27,-0.01085276314198147
2014-01-28,0.0035078519429223576
2014-01-29,-0.01141939103297318
2014-01-30,0.017542666899755588
2014-01-31,-0.004679716125112421
2014-02-03,-0.0263987767191729
2014-02-04,0.008609418507496969
2014-02-05,-0.004965768436621332
2014-02-06,0.011295678706259693
2014-02-07,0.01680105859058756
2014-02-10,0.005392804532274198
2014-02-11,0.010283998295948393
2014-02-12,0.0024403776891190887
2014-02-13,0.00932962691983441
2014-02-14,0.0007896806727121231
2014-02-18,0.00675368110107577
2014-02-19,-0.008184911133989559
2014-02-20,0.00696013846743071
2014-02-21,-0.0009705001034756577
2014-02-24,0.006909504934208499
2014-02-25,-0.0012540840602852654
2014-02-26,0.001042050736133504
2014-02-27,0.00624090927283838
2014-02-28,-0.002506085831038618
2014-03-03,-0.007179717515279904
2014-03-04,0.017306741768880585
2014-03-05,0.0013777363915430385
2014-03-06,-0.00134104840152105
2014-03-07,-0.0036623031006453033
2014-03-10,-0.00040827743925397897
2014-03-11,-0.0063090672367547285
2014-03-12,0.003740250992576577
2014-03-13,-0.014658228087130354
2014-03-14,-0.003531707807985285
2014-03-17,0.008105352091403617
2014-03-18,0.012390324768480454
2014-03-19,-0.005950770541977235
2014-03-20,0.0027101187973794794
2014-03-21,-0.009888308604050877
2014-03-24,-0.011854504202487348
2014-03-25,0.0018627116431506607
2014-03-26,-0.014436745369829751
2014-03-27,-0.005369528241109478
2014-03-28,0.0010905961710996337
2014-03-31,0.010348808659376374
2014-04-01,0.0163106386223415
2014-04-02,0.001970840798266593
2014-04-03,-0.00909539183992436
2014-04-04,-0.02630254924581621
2014-04-07,-0.011691902302763069
2014-04-08,0.008114602885171962
2014-04-09,0.017093487648342176
2014-04-10,-0.031512594708580366
2014-04-11,-0.01350435389532123
2014-04-14,0.0057239645515867466
2014-04-15,0.0028472613144057135
2014-04-16,0.01282469997688196
2014-04-17,0.002270918337750061
2014-04-21,0.006335560675815088
2014-04-22,0.009636706037349896
2014-04-23,-0.008322431252626217
2014-04-24,0.005164682955914657
2014-04-25,-0.017700041614748585
2014-04-28,-0.0002847023208456534
2014-04-29,0.007126552715623902
2014-04-30,0.002681891436088435
2014-05-01,0.0031279134170532075
2014-05-02,-0.0008605363112277331
2014-05-05,0.00342779925874126
2014-05-06,-0.013943845164261504
2014-05-07,-0.0032129132264699933
2014-05-08,-0.003983151826908227
2014-05-09,0.005015199255916869
2014-05-12,0.017525305435061256
2014-05-13,-0.003309138171905701
2014-05-14,-0.007177957573057725
2014-05-15,-0.007672045202939515
2014-05-16,0.005220688754123515
2014-05-19,0.008573142932107203
2014-05-20,-0.007034195686143718
2014-05-21,0.00842204561879889
2014-05-22,0.005503305033029093
2014-05-23,0.00754671428501652
2014-05-27,0.012171703546224322
2014-05-28,-0.002833737112982959
2014-05-29,0.005398345571714813
2014-05-30,-0.0012555290466949032
2014-06-02,-0.001278310722000242
2014-06-03,-0.0007366341870120863
2014-06-04,0.004138737364629108
2014-06-05,0.010433066389827772
2014-06-06,0.00584151182878756
2014-06-09,0.0034282659782043368
2014-06-10,0.0004057451953354274
2014-06-11,-0.0014002016365477488
2014-06-12,-0.00794953007329724
2014-06-13,0.0030250014601413966
2014-06-16,0.002421339917905385
2014-06-17,0.0037258689208368168
2014-06-18,0.005887294646818475
2014-06-19,-0.0008047918914382279
2014-06-20,0.0019960111035270955
2014-06-23,0.00014653936583997051
2014-06-24,-0.004204620136569304
2014-06-25,0.006737550771424239
2014-06-26,-0.00016211356882500638
2014-06-27,0.00430225436488918
2014-06-30,0.002327930089389696
2014-07-01,0.011384061987543603
2014-07-02,-0.00020634425413668112
2014-07-03,0.006306207587455148
2014-07-07,-0.007698062012302387
2014-07-08,-0.01358607211395757
2014-07-09,0.006258429440583413
2014-07-10,-0.0051795905345546345
2014-07-11,0.004378290415745667
2014-07-14,0.005630082715731177
2014-07-15,-0.005426297721131235
2014-07-16,0.0021668607685132457
2014-07-17,-0.014226438393082574
2014-07-18,0.015621697978811966
2014-07-21,-0.0016822479111571198
2014-07-22,0.007053471635526165
2014-07-23,0.003959855058980111
2014-07-24,-0.0003555479129531136
2014-07-25,-0.005055074420896588
2014-07-28,-0.0010455716091097855
2014-07-29,-0.0004973127523903997
2014-07-30,0.00453641336925692
2014-07-31,-0.02108837644816397
2014-08-01,-0.003927791637472922
2014-08-04,0.007153900301059224
2014-08-05,-0.007108019538199173
2014-08-06,0.0005075767089781635
2014-08-07,-0.004621307093513494
2014-08-08,0.008254175863221747
2014-08-11,0.006937870509444721
2014-08-12,-0.0027484160594273277
2014-08-13,0.010173033568040779
2014-08-14,0.004246623104345204
2014-08-15,0.0026755497437189746
2014-08-18,0.00966879736384918
2014-08-19,0.0042496942834535645
2014-08-20,-0.00022747654671029238
2014-08-21,0.0012408385994557847
2014-08-22,0.001422104962195192
2014-08-25,0.004133800930681275
2014-08-26,0.0029119331007532168
2014-08-27,-0.0002231926678568641
2014-08-28,-0.002611922939811606
2014-08-29,0.004939799448479221
2014-09-02,0.003904782440736554
2014-09-03,-0.0055894991229585855
2014-09-04,-0.0022485369214582107
2014-09-05,0.004507265197295496
2014-09-08,0.0020468546279985844
2014-09-09,-0.008748407203691855
2014-09-10,0.007491159204342068
2014-09-11,0.0011527237750748043
2014-09-12,-0.005286370389546491
2014-09-15,-0.010719344441447731
2014-09-16,0.007465011202157257
2014-09-17,0.0020691675651356434
2014-09-18,0.0068243014052633555
2014-09-19,-0.0029739058808573304
2014-09-22,-0.01144129135735561
2014-09-23,-0.004205230024853179
2014-09-24,0.0102672425892667
2014-09-25,-0.019612800451735524
2014-09-26,0.010121535421440342
2014-09-29,-0.001406036071472272
2014-09-30,-0.002769115741976691
2014-10-01,-0.01599505876341567
2014-10-02,0.0018323741757182432
2014-10-03,0.010200141948125463
2014-10-06,-0.004662793105909557
2014-10-07,-0.015746843336385652
2014-10-08,0.01883760829984027
2014-10-09,-0.020403266226502126
2014-10-10,-0.02359544781251266
2014-10-13,-0.014742507845564745
2014-10-14,0.0032010541702387485
2014-10-15,-0.00280725373553814
2014-10-16,0.0004910195064677936
2014-10-17,0.00968639655848591
2014-10-20,0.013442342986069278
2014-10-21,0.02367681243222286
2014-10-22,-0.00832281769281451
2014-10-23,0.015831654783962534
2014-10-24,0.006922232148767193
2014-10-27,0.0004927641292535867
2014-10-28,0.017317108233571687
2014-10-29,-0.003304995714033865
2014-10-30,0.003710255410664942
2014-10-31,0.014048494163974468
2014-11-03,0.0017627253771568263
2014-11-04,-0.0032971552935041615
2014-11-05,-0.0006317196346881104
2014-11-06,0.0038340331972328556
2014-11-07,-0.0012815080359125375
2014-11-10,0.004112462452079413
2014-11-11,0.0019200539474102385
2014-11-12,0.003123512896511471
2014-11-13,0.0010689151644704964
2014-11-14,0.0017931884613382465
2014-11-17,-0.0037480601659414248
2014-11-18,0.0067083289607392516
2014-11-19,-0.005700495967984054
2014-11-20,0.005579312337095743
2014-11-21,0.0023580012847777
2014-11-24,0.008855262804825514
2014-11-25,0.0007063626463317263
2014-11-26,0.006090765584870539
2014-11-28,0.0008999021847770905
2014-12-01,-0.013505808894382909
2014-12-02,0.006002228352540939
2014-12-03,0.003915977192807674
2014-12-04,-0.001054132702623889
2014-12-05,0.002370595352390481
2014-12-08,-0.008416798282878446
2014-12-09,0.005423351706044244
2014-12-10,-0.017449314328359833
2014-12-11,0.005140486963565394
2014-12-12,-0.011656072114995197
2014-12-15,-0.010463686723937826
2014-12-16,-0.0125272345750993
2014-12-17,0.020992613722855324
2014-12-18,0.022164871607772696
2014-12-19,0.0035695588676123435
2014-12-22,0.003360299678176304
2014-12-23,-0.0033518976419735225
2014-12-24,0.0016878892123965983
2014-12-26,0.0069704871040823235
2014-12-29,1.0462694374879788e-05
2014-12-30,-0.00614967262672117
2014-12-31,-0.008701412200180059
2015-01-02,-0.001952844946165655
2015-01-05,-0.015830851458790818
2015-01-06,-0.012942870422476105
2015-01-07,0.012491489067169681
2015-01-08,0.01826466669012916
2015-01-09,-0.006804948578658099
2015-01-12,-0.00840239513609653
2015-01-13,-0.0006883741793721754
2015-01-14,-0.004769518869780498
2015-01-15,-0.014875184459604895
2015-01-16,0.01380981852593166
2015-01-20,0.004407307822468454
2015-01-21,0.002696731978392819
2015-01-22,0.017622364717860606
2015-01-23,0.0015733617816895418
2015-01-26,0.002912994224210763
2015-01-27,-0.019096589078971604
2015-01-28,-0.0093374381338176
2015-01-29,0.009745377183870474
2015-01-30,-0.010338482270578098
2015-02-02,0.008902554037261368
2015-02-03,0.010856754412825964
2015-02-04,-0.0023378926836787883
2015-02-05,0.010209099796192334
2015-02-06,-0.004353589149376447
2015-02-09,-0.0038837094653079163
2015-02-10,0.012956380331452522
2015-02-11,0.002824132191557638
2015-02-12,0.01168476161429588
2015-02-13,0.007430720203066343
2015-02-17,0.0011089789481744106
2015-02-18,0.0014460764010504334
2015-02-19,0.0037311039091321163
2015-02-20,0.006329555107376095
2015-02-23,0.0010083756092154061
2015-02-24,0.0014401930772081073
2015-02-25,-0.00019727323630824856
2015-02-26,0.004168752777314211
2015-02-27,-0.004895864190736177
2015-03-02,0.008939483282219385
2015-03-03,-0.005646830245636281
2015-03-04,-0.0025655416231611383
2015-03-05,0.003149751410294499
2015-03-06,-0.01118859975796127
2015-03-09,0.0030537235955065967
2015-03-10,-0.016863889388075037
2015-03-11,-0.002028913482671868
2015-03-12,0.008898565218576238
2015-03-13,-0.0044096668745012835
2015-03-16,0.011784324087326326
2015-03-17,0.0016054444244097965
2015-03-18,0.00915302988843969
2015-03-19,0.0019147080898456181
2015-03-20,0.006795259055131453
2015-03-23,-0.003078433541368497
2015-03-24,-0.003246199330252608
2015-03-25,-0.02395149794627116
2015-03-26,-0.0027023257816143342
2015-03-27,0.00571227609932734
2015-03-30,0.01142845419420091
2015-03-31,-0.009455502323651999
2015-04-01,-0.004222411017266836
2015-04-02,0.0013739828520993314
2015-04-06,0.006197302146395245
2015-04-07,-0.0014428509894912622
2015-04-08,0.008232404012392891
2015-04-09,0.004783752345698389
2015-04-10,0.0042966488764264454
2015-04-13,-0.0015484382928612206
2015-04-14,-0.0021995727905039786
2015-04-15,0.00675391702660022
2015-04-16,-0.0006447832750122728
2015-04-17,-0.015288635296158759
2015-04-20,0.012651275850794619
2015-04-21,0.0038966148036863046
2015-04-22,0.004193310569194253
2015-04-23,0.004140261712462845
2015-04-24,0.007098871381721494
2015-04-27,-0.006270517639780593
2015-04-28,-0.0009549695728257035
2015-04-29,-0.00630612185807955
2015-04-30,-0.016502074285952517
2015-05-01,0.012862635646994747
2015-05-04,0.00230286875745378
2015-05-05,-0.015588517592954432
2015-05-06,-0.0039943254023455665
2015-05-07,0.005250783338736298
2015-05-08,0.011661453244020237
2015-05-11,-0.001996571843585926
2015-05-12,-0.003486523412131959
2015-05-13,0.0011046529229137292
2015-05-14,0.013777428777020262
2015-05-15,-0.0004970280917380165
2015-05-18,0.005954536456689752
2015-05-19,-0.0016574239076163622
2015-05-20,0.00033730783318297597
2015-05-21,0.003749032275900177
2015-05-22,-0.000280973424629849
2015-05-26,-0.011185504657758472
2015-05-27,0.014565277482288863
2015-05-28,-0.0016874528711365855
2015-05-29,-0.00549768663784711
2015-06-01,0.0025412091876493292
2015-06-02,-0.0012619102367565915
2015-06-03,0.0044635527882022075
2015-06-04,-0.00789696581431798
2015-06-05,0.0018444379260902366
2015-06-08,-0.009282457362687069
2015-06-09,-0.0015464634889124085
2015-06-10,0.012451367509028088
2015-06-11,0.001145725061661551
2015-06-12,-0.006199127256676817
2015-06-15,-0.004191998091506832
2015-06-16,0.0050725484938176635
2015-06-17,0.0018438111930692003
2015-06-18,0.013350158410421642
2015-06-19,-0.0031122508662324577
2015-06-22,0.007199003353605349
2015-06-23,0.0011866577447889881
2015-06-24,-0.0073289289876790065
2015-06-25,-0.001997189561565804
2015-06-26,-0.006216268252218882
2015-06-29,-0.024314335382308983
2015-06-30,0.005711213209629307
2015-07-01,0.005250017185636224
2015-07-02,-0.0007802888984720369
2015-07-06,-0.0034536102079165687
2015-07-07,0.0011051755154607434
2015-07-08,-0.01770476250376163
2015-07-09,0.002571183566836055
2015-07-10,0.01518164907713171
2015-07-13,0.014660711739015397
2015-07-14,0.006560373242811224
2015-07-15,-0.001166267164659729
2015-07-16,0.01252003928714096
2015-07-17,0.009054050259866386
2015-07-20,0.0016722079958579883
2015-07-21,-0.002059992425760271
2015-07-22,-0.0070039751433839115
2015-07-23,-0.004915578893413652
2015-07-24,-0.011290798481496722
2015-07-27,-0.009646228390785438
2015-07-28,0.00976021684698658
2015-07-29,0.004415290403795069
2015-07-30,0.003329877287724159
2015-07-31,-9.7493827928119e-05
2015-08-03,-0.0025186133825201296
2015-08-04,-0.0019235199647074097
2015-08-05,0.006713249776831631
2015-08-06,-0.016378728060910674
2015-08-07,-0.002554442559928205
2015-08-10,0.011485156127951868
2015-08-11,-0.012824398187799346
2015-08-12,0.001507779637616835
2015-08-13,-0.002149262912416461
2015-08-14,0.0029122152254306144
2015-08-17,0.008572087254520966
2015-08-18,-0.00637376551997626
2015-08-19,-0.007997401999194409
2015-08-20,-0.028609842518035222
2015-08-21,-0.03578399297769863
2015-08-24,-0.038953016259341666
2015-08-25,-0.004375150094499958
2015-08-26,0.041520343749180455
2015-08-27,0.02422135115657653
2015-08-28,0.0032382177567313875
2015-08-31,-0.010788439425054364
2015-09-01,-0.02983658861222871
2015-09-02,0.024266886771091123
2015-09-03,-0.0034755168127027503
2015-09-04,-0.010529537095896657
2015-09-08,0.026962938080094645
2015-09-09,-0.011579921936066384
2015-09-10,0.008315996944086024
2015-09-11,0.005424892454705343
2015-09-14,-0.003444105314006407
2015-09-15,0.011330282372146172
2015-09-16,0.005891488030083991
2015-09-17,0.0009628681635582836
2015-09-18,-0.013726988145325691
2015-09-21,0.00035629303319417716
2015-09-22,-0.015070692915672979
2015-09-23,-0.0008370571016911299
2015-09-24,-0.003849447159751662
2015-09-25,-0.010185860791862567
2015-09-28,-0.030884908638956432
2015-09-29,-0.005882267834804722
2015-09-30,0.022510511617136686
2015-10-01,0.001496646132533641
2015-10-02,0.017290397218028275
2015-10-05,0.015487647375943325
2015-10-06,-0.006904794595511632
2015-10-07,0.00897117925329205
2015-10-08,0.004090874183511062
2015-10-09,0.004082495980133771
2015-10-12,0.001689901867333532
2015-10-13,-0.008724327864417347
2015-10-14,-0.002872766344689026
2015-10-15,0.018077867262855207
2015-10-16,0.0034006798694061757
2015-10-19,0.003835782128632559
2015-10-20,-0.0050069381935990975
2015-10-21,-0.008404476599919164
2015-10-22,0.01637911533563141
2015-10-23,0.022471016543953226
2015-10-26,0.0005643103682064776
2015-10-27,-0.0009041949427182061
2015-10-28,0.012945287569328556
2015-10-29,-0.004212396829624154
2015-10-30,-0.004052134093246451
2015-11-02,0.01441938822922495
2015-11-03,0.0035006832380979347
2015-11-04,-0.0005151638597435948
2015-11-05,-0.002870387568256305
2015-11-06,0.0037722957064243445
2015-11-09,-0.010118849853096634
2015-11-10,-0.002369608197076545
2015-11-11,-0.0031960222191074195
2015-11-12,-0.012299465184744562
2015-11-13,-0.015544560759689574
2015-11-16,0.011448343827130003
2015-11-17,0.00028080490996629237
2015-11-18,0.01772797126007042
2015-11-19,-0.0003074358360173335
2015-11-20,0.006146229613078091
2015-11-23,-0.0004780730599485139
2015-11-24,6.468765196210313e-05
2015-11-25,0.00260889532309605
2015-11-27,0.002221840108004969
2015-11-30,-0.003683034228986415
2015-12-01,0.009282137687060654
2015-12-02,-0.006438029202238127
2015-12-03,-0.016867349616628502
2015-12-04,0.02057878007337166
2015-12-07,-0.007899229801642704
2015-12-08,-0.0006999621103744857
2015-12-09,-0.014893921286645906
2015-12-10,0.0044298276660441616
2015-12-11,-0.02238869651302622
2015-12-14,0.0037953382710895767
2015-12-15,0.008671477966132102
2015-12-16,0.015054195138395343
2015-12-17,-0.013615905959056818
2015-12-18,-0.016013376618641217
2015-12-21,0.009268130181899537
2015-12-22,0.00645736350909587
2015-12-23,0.008922152126663363
2015-12-24,0.000507222513947525
2015-12-28,-0.0014866972396951894
2015-12-29,0.013193642490866964
2015-12-30,-0.00827421909045789
2015-12-31,-0.011603114699754613
2016-01-04,-0.021053259818165415
2016-01-05,-0.0023808565306335794
2016-01-06,-0.01144647494840001
2016-01-07,-0.030727177886918255
2016-01-08,-0.009814714646047662
2016-01-11,-0.00121522946648156
2016-01-12,0.010281117874848533
2016-01-13,-0.03471043432965715
2016-01-14,0.019460051146634072
2016-01-15,-0.027811138631227195
2016-01-19,-0.0025586746938710547
2016-01-20,-0.0011756544976133654
2016-01-21,8.276554861552654e-05
2016-01-22,0.026287944248924333
2016-01-25,-0.015959190825840963
2016-01-26,0.010825291855182329
2016-01-27,-0.022024299616859366
2016-01-28,0.008581868184686314
2016-01-29,0.023523585912590406
2016-02-01,0.0013904483908007137
2016-02-02,-0.02263778327287369
2016-02-03,-0.0028178031372547707
2016-02-04,0.0011803733527511184
2016-02-05,-0.03300758779838375
2016-02-08,-0.01836321876776026
2016-02-09,-0.00350546217101666
2016-02-10,0.0034680745447666084
2016-02-11,-0.003917936767749097
2016-02-12,0.016426926898683192
2016-02-16,0.022443646797675854
2016-02-17,0.021873754759793584
2016-02-18,-0.010313122140480857
2016-02-19,0.0037567198687984416
2016-02-22,0.014585249301074299
2016-02-23,-0.014773991905670414
2016-02-24,0.008629053245707397
2016-02-25,0.008677568126167046
2016-02-26,0.0018031873821424682
2016-02-29,-0.007109458255859735
2016-03-01,0.028474307907782048
2016-03-02,0.0029425752658625015
2016-03-03,0.0008500835860125733
2016-03-04,0.0020372777663961728
2016-03-07,-0.0018609593240466182
2016-03-08,-0.012702902949721206
2016-03-09,0.005483122411773067
2016-03-10,-0.002617614981298644
2016-03-11,0.018343612567711887
2016-03-14,0.0003810123088587858
2016-03-15,-0.0045595559397231256
2016-03-16,0.007437436831313704
2016-03-17,0.0023105294318988
2016-03-18,0.004317307884006638
2016-03-21,0.0027529169945061938
2016-03-22,0.0026561458650675718
2016-03-23,-0.011011045560167076
2016-03-24,0.0009725344990041407
2016-03-28,-0.0014066578723372913
2016-03-29,0.016608448375787788
2016-03-30,0.004666564974423082
2016-03-31,0.0001150119181989595
2016-04-01,0.009135010267732113
2016-04-04,-0.004637872131482368
2016-04-05,-0.009833882979920716
2016-04-06,0.01572849391344988
2016-04-07,-0.014812314764515833
2016-04-08,0.00047836063473738477
2016-04-11,-0.003570817229743284
2016-04-12,0.007972837510671127
2016-04-13,0.015343241717122424
2016-04-14,-0.00030925648936097616
2016-04-15,-0.0015519704134590029
2016-04-18,0.004404791037252664
2016-04-19,-0.003977630522649989
2016-04-20,0.0015775573417737832
2016-04-21,-0.00045274744291745606
2016-04-22,-0.008051134174468899
2016-04-25,-0.0021301620141827016
2016-04-26,-0.0015352006917819239
2016-04-27,-0.005156111486265047
2016-04-28,-0.011966945405786689
2016-04-29,-0.006248067397303103
2016-05-02,0.0088044354566712
2016-05-03,-0.011349815354396497
2016-05-04,-0.007920924793264561
2016-05-05,-0.0018109795203855583
2016-05-06,0.004034662866141403
2016-05-09,0.0029621055865973744
2016-05-10,0.012483292045311956
2016-05-11,-0.010279508004298776
2016-05-12,-0.004918901062255898
2016-05-13,-0.00415651175542564
2016-05-16,0.01217310559584206
2016-05-17,-0.012586571205410735
2016-05-18,0.0049477642043473935
2016-05-19,-0.005626615978684413
2016-05-20,0.012029196532227004
2016-05-23,-0.0007928975154527507
2016-05-24,0.019795360951624374
2016-05-25,0.006935298570663662
2016-05-26,0.0014045366142720894
2016-05-27,0.006452306950036402
2016-05-31,0.002944844784446232
2016-06-01,0.0008484986611225764
2016-06-02,0.0038513982646097844
2016-06-03,-0.00581809048398263
2016-06-06,0.005284914670655283
2016-06-07,-0.0014017401217056857
2016-06-08,0.0025945325761824733
2016-06-09,-0.003225533814921633
2016-06-10,-0.013005198540335883
2016-06-13,-0.009465309671663036
2016-06-14,-0.0010091090192680952
2016-06-15,-0.0017811952295350153
2016-06-16,0.00206402982267484
2016-06-17,-0.009244001024526938
2016-06-20,0.007651383974257797
2016-06-21,0.0013531300834248583
2016-06-22,-0.002157664481231336
2016-06-23,0.01574853060310666
2016-06-24,-0.042023159216290296
2016-06-27,-0.024412073124151945
2016-06-28,0.02098438462128449
2016-06-29,0.018452381777752436
2016-06-30,0.013182574956962512
2016-07-01,0.004100863194015147
2016-07-05,-0.008191681937534057
2016-07-06,0.00749022898309093
2016-07-07,0.003625713984213519
2016-07-08,0.016260924593799686
2016-07-11,0.0064111007305633905
2016-07-12,0.006828139038914216
2016-07-13,-0.003408241595437289
2016-07-14,0.005643574857110423
2016-07-15,-0.0008883884437818068
2016-07-18,0.005193661956038653
2016-07-19,-0.003846492984722616
2016-07-20,0.010578504786948884
2016-07-21,-0.0031543791279862177
2016-07-22,0.005162209004298646
2016-07-25,-0.0004962395734224856
2016-07-26,0.002433447832242308
2016-07-27,0.00580697452098633
2016-07-28,0.0029471087408765584
2016-07-29,0.0013860283709519194
2016-08-01,0.004266313912138386
2016-08-02,-0.00900423235208514
2016-08-03,0.00427489217570276
2016-08-04,0.001260850792929702
2016-08-05,0.010564873868039726
2016-08-08,-0.0015295731236122379
2016-08-09,0.002364268334231312
2016-08-10,-0.004007633743110972
2016-08-11,0.00456626307187058
2016-08-12,0.0008584475975670358
2016-08-15,0.0055512543100117995
2016-08-16,-0.0066564692289183824
2016-08-17,0.00029654305272863724
2016-08-18,0.0021950442586664565
2016-08-19,-0.00033783738451376166
2016-08-22,0.0011867265959377704
2016-08-23,0.0029472561591692426
2016-08-24,-0.008091486627519018
2016-08-25,-0.0010526950003804103
2016-08-26,0.0012883999832347115
2016-08-29,0.00256623152434976
2016-08-30,-0.0017866207739700712
2016-08-31,-0.0018723314239306177
2016-09-01,0.002679919166361344
2016-09-02,0.004331342741513922
2016-09-06,0.004942195746226119
2016-09-07,0.0015189663519716845
2016-09-08,-0.00463801346613657
2016-09-09,-0.02572405811320344
2016-09-12,0.016634479409599834
2016-09-13,-0.01092696723175024
2016-09-14,0.003586020618183028
2016-09-15,0.01456738256331036
2016-09-16,-0.0009757939498591384
2016-09-19,-0.001820688204409393
2016-09-20,0.0012065834453292013
2016-09-21,0.010217888635523309
2016-09-22,0.00833875894306857
2016-09-23,-0.006344626815771193
2016-09-26,-0.009137367006145425
2016-09-27,0.009129820624657725
2016-09-28,0.002417081337320326
2016-09-29,-0.009331632401025303
2016-09-30,0.008099371485712936
2016-10-03,-0.002097432036732627
2016-10-04,-0.0021169790057005144
2016-10-05,0.004970905613495447
2016-10-06,-0.0017264494532103214
2016-10-07,-0.0027266465580346733
2016-10-10,0.006829850687667616
2016-10-11,-0.01548519294316364
2016-10-12,-0.0014820068091960792
2016-10-13,-0.004915639620973522
2016-10-14,0.0001592095716400621
2016-10-17,-0.0027540558215424227
2016-10-18,0.008430048780471822
2016-10-19,0.0004900383787678209
2016-10-20,-0.000873374048225628
2016-10-21,0.0029659004824402757
2016-10-24,0.009923244996880243
2016-10-25,-0.004990023000218002
2016-10-26,-0.006290303815895015
2016-10-27,-0.006554393308929818
2016-10-28,-0.004972130632893368
2016-10-31,-0.00018497711172571485
2016-11-01,-0.006876372554788901
2016-11-02,-0.009359567769969601
2016-11-03,-0.009279830635136932
2016-11-04,-0.0023830394000707855
2016-11-07,0.02346239032263142
2016-11-08,0.0052743768469891705
2016-11-09,0.011025868556972185
2016-11-10,-0.008082366441808375
2016-11-11,0.0054203279189515285
2016-11-14,-0.0035789705769069258
2016-11-15,0.010905407427502567
2016-11-16,0.003587440336284331
2016-11-17,0.007412171175731785
2016-11-18,-0.0023387881017846723
2016-11-21,0.00885851639237245
2016-11-22,0.003252423682390315
2016-11-23,-0.001053200790767761
2016-11-25,0.0033841261894274055
2016-11-28,-0.005592625709565979
2016-11-29,0.002067196265558735
2016-11-30,-0.010508663091915338
2016-12-01,-0.013725369770224205
2016-12-02,0.0008642130297715767
2016-12-05,0.010079129786106478
2016-12-06,0.004531132011658556
2016-12-07,0.011328754774108774
2016-12-08,0.004365900286607882
2016-12-09,0.004997338124796968
2016-12-12,-0.005887433985410695
2016-12-13,0.00943153252656792
2016-12-14,-0.004983296629735179
2016-12-15,0.0037049913764217735
2016-12-16,-0.0036148236302260273
2016-12-19,0.003722910138549196
2016-12-20,0.004844005436424936
2016-12-21,-0.002283769681598713
2016-12-22,-0.004397952603433453
2016-12-23,0.002799243947793073
2016-12-27,0.004520502023614981
2016-12-28,-0.008947503004471002
2016-12-29,-0.001190400880524578
2016-12-30,-0.009055776336158061
2017-01-03,0.008501551381813854
2017-01-04,0.008787800917978927
2017-01-05,0.0019954409408065032
2017-01-06,0.006016934709686339
2017-01-09,0.0019469620837213597
2017-01-10,0.003608926731946127
2017-01-11,0.0021285798770023234
2017-01-12,-0.002908734686714709
2017-01-13,0.004788862918781334
2017-01-17,-0.006369249301117819
2017-01-18,0.003050181293906107
2017-01-19,-0.0028064551796767034
2017-01-20,0.002748886140869544
2017-01-23,-0.00043033465182951147
2017-01-24,0.008610497967117325
2017-01-25,0.009839007671766709
2017-01-26,-0.0002050419343824217
2017-01-27,0.000989683571059885
2017-01-30,-0.008349840880347514
2017-01-31,0.00019238155200262952
2017-02-01,0.00494960138422762
2017-02-02,-0.0011436817899745932
2017-02-03,0.005409179742155601
2017-02-06,-0.0005684243658450328
2017-02-07,0.0018822772535109777
2017-02-08,0.001449365282644166
2017-02-09,0.005743311437779397
2017-02-10,0.003310194979006198
2017-02-13,0.005188713161224712
2017-02-14,0.003223458431513393
2017-02-15,0.0063558369715917
2017-02-16,-0.0007804549899557145
2017-02-17,0.004064057846044022
2017-02-21,0.004676850148923606
2017-02-22,-0.000907393772029863
2017-02-23,-0.004295460992565836
2017-02-24,0.0016780149708353065
2017-02-27,0.0028341261342141877
2017-02-28,-0.006239243438020736
2017-03-01,0.013400609175272749
2017-03-02,-0.007277322495173877
2017-03-03,0.001624584290226494
2017-03-06,-0.003680883460768669
2017-03-07,-0.002610607655354258
2017-03-08,0.0006202519352029867
2017-03-09,0.00021586417786068068
2017-03-10,0.003917759541808508
2017-03-13,0.002394002080217561
2017-03-14,-0.003232016445338104
2017-03-15,0.00735402818308728
2017-03-16,0.00012032410727869092
2017-03-17,4.071161924912303e-05
2017-03-20,8.977484763939003e-05
2017-03-21,-0.018418031219059827
2017-03-22,0.00478846077140993
2017-03-23,-0.000678766808338338
2017-03-24,0.0018976280487610353
2017-03-27,0.0019932773472408627
2017-03-28,0.005935741741570411
2017-03-29,0.0038070645106476064
2017-03-30,0.0028429067440498557
2017-03-31,-0.0004396400835595671
2017-04-03,-0.002889964930053779
2017-04-04,0.0006664277114243333
2017-04-05,-0.005802893464000647
2017-04-06,0.00246439446577007
2017-04-07,-0.0001939542352999979
2017-04-10,0.0005306890361609362
2017-04-11,-0.002410712373020374
2017-04-12,-0.005231157090523908
2017-04-13,-0.00532763530890179
2017-04-17,0.008856240814480998
2017-04-18,-0.0012505830237792281
2017-04-19,0.0023154025819138724
2017-04-20,0.00912584752895107
2017-04-21,-0.0010585283729778183
2017-04-24,0.012325313314224928
2017-04-25,0.006939712138112952
2017-04-26,-4.319308749245465e-05
2017-04-27,0.003927390713712953
2017-04-28,-0.00021991033010948513
2017-05-01,0.007247658962711512
2017-05-02,0.0006186967860006831
2017-05-03,-0.0037509022744952603
2017-05-04,0.00045934548177584134
2017-05-05,0.004175386145167437
2017-05-08,0.00031145214251893094
2017-05-09,0.002933704270057902
2017-05-10,0.0013959971968287022
2017-05-11,-0.002152727338467386
2017-05-12,0.00086131209571505
2017-05-15,0.004635355606438907
2017-05-16,0.0032793778585435973
2017-05-17,-0.02604669794648551
2017-05-18,0.007274738230481859
2017-05-19,0.004707268340041537
2017-05-22,0.008172037469972082
2017-05-23,0.0008294829114650071
2017-05-24,0.00395230431449356
2017-05-25,0.006830361383777017
2017-05-26,0.0007942001549245958
2017-05-30,-0.001127815439156521
2017-05-31,-0.0007531093874035832
2017-06-01,0.007763590556333355
2017-06-02,0.009395666235020528
2017-06-05,-0.001606101997111864
2017-06-06,-0.003280655760450557
2017-06-07,0.003550599210836225
2017-06-08,0.003863958054937555
2017-06-09,-0.01817172971323977
2017-06-12,-0.005242516274025277
2017-06-13,0.007246042010562448
2017-06-14,-0.004104628613735173
2017-06-15,-0.004755544409571044
2017-06-16,-0.002231054688445866
2017-06-19,0.014083296742271045
2017-06-20,-0.008204732309369689
2017-06-21,0.0073934460379714295
2017-06-22,0.0004393914198121962
2017-06-23,0.0045689082510413925
2017-06-26,-0.0028931476651639088
2017-06-27,-0.01622298781057907
2017-06-28,0.014181616306052192
2017-06-29,-0.014550996349676382
2017-06-30,-0.00063984525702665
2017-07-03,-0.004956528313060815
2017-07-05,0.006655284520606486
2017-07-06,-0.010032485787997203
2017-07-07,0.01039338073358742
2017-07-10,0.003781198374374739
2017-07-11,0.002734050502834151
2017-07-12,0.010899025093285886
2017-07-13,0.002117172540115675
2017-07-14,0.006042847480671298
2017-07-17,0.00031044213427122713
2017-07-18,0.004720839159659818
2017-07-19,0.0063994028218630206
2017-07-20,0.0007765081238986227
2017-07-21,-0.00035217468228054827
2017-07-24,0.0036035434364620755
2017-07-25,0.0002120978568811438
2017-07-26,0.0016486398958157622
2017-07-27,-0.006335085432658261
2017-07-28,-0.0011773681825584248
2017-07-31,-0.004175196743741338
2017-08-01,0.002331800945855278
2017-08-02,-4.558359433382009e-05
2017-08-03,-0.003512571761206118
2017-08-04,0.0017680911215958162
2017-08-07,0.0050583737398177675
2017-08-08,-0.0020871606433239265
2017-08-09,-0.002849987310705515
2017-08-10,-0.02155510352351797
2017-08-11,0.00636393915698541
2017-08-14,0.013284519644583881
2017-08-15,-0.0011394427580633248
2017-08-16,0.0019088163993394858
2017-08-17,-0.019607457273009388
2017-08-18,-0.0008651199756037897
2017-08-21,-0.000547062835083878
2017-08-22,0.013484774404012967
2017-08-23,-0.003032761677761897
2017-08-24,-0.0011283227770331195
2017-08-25,-0.0009077060405218162
2017-08-28,0.0027699999376711304
2017-08-29,0.0029988503843032532
2017-08-30,0.010484527361194651
2017-08-31,0.009432005240531893
2017-09-01,0.0010369912214152066
2017-09-05,-0.009329662683368767
2017-09-06,0.0027786690692011007
2017-09-07,0.000713000477558623
2017-09-08,-0.005906898880834177
2017-09-11,0.011267675600763027
2017-09-12,0.0034175258418045473
2017-09-13,0.0009152767070936818
2017-09-14,-0.0048272592079090515
2017-09-15,0.0030114658349749135
2017-09-18,0.0009563465206667843
2017-09-19,0.0010343308767932768
2017-09-20,-0.0008174712953969987
2017-09-21,-0.005179108848942349
2017-09-22,0.0006583827317037105
2017-09-25,-0.008803344236385513
2017-09-26,0.0015011374698996605
2017-09-27,0.011392193258407346
2017-09-28,2.9508633586416977e-05
2017-09-29,0.00656553739747423
2017-10-02,0.0031907756494806705
2017-10-03,0.0022975564854554875
2017-10-04,0.00044693800383655
2017-10-05,0.00773327331339857
2017-10-06,0.000731706283124467
2017-10-09,-0.0015869808346096193
2017-10-10,0.0011422543909151983
2017-10-11,0.0024713911552218804
2017-10-12,-0.0018249318754239852
2017-10-13,0.0021655996733542793
2017-10-16,0.00275139564660698
2017-10-17,-5.1306230091086036e-05
2017-10-18,8.455067201751376e-05
2017-10-19,-0.002895152188040484
2017-10-20,0.0036239670466233775
2017-10-23,-0.006389263607671225
2017-10-24,0.001759555810917135
2017-10-25,-0.005248332744709927
2017-10-26,-0.0010853292138701676
2017-10-27,0.021797426814504917
2017-10-30,-0.00034324880591718454
2017-10-31,0.004276576467020732
2017-11-01,-0.001657240968025775
2017-11-02,-0.00023673414596991904
2017-11-03,0.00734458453500153
2017-11-06,0.0032470244765487877
2017-11-07,-0.0027534108809526003
2017-11-08,0.003148263955816688
2017-11-09,-0.005771464746720412
2017-11-10,0.00013186243923968277
2017-11-13,0.0009860661137910398
2017-11-14,-0.00292394325078682
2017-11-15,-0.004709911662700961
2017-11-16,0.01290140908455406
2017-11-17,-0.0015468385621186798
2017-11-20,0.0011669683978023926
2017-11-21,0.01051339370629023
2017-11-22,0.0007108433999984953
2017-11-24,0.0031694514582500943
2017-11-27,-0.0015456690889461555
2017-11-28,0.0049075783351035795
2017-11-29,-0.012808113878817196
2017-11-30,0.007238865580534437
2017-12-01,-0.0038451026681372014
2017-12-04,-0.01060274761671387
2017-12-05,-0.0019442411892800493
2017-12-06,0.002093264839636788
2017-12-07,0.005366025299093025
2017-12-08,0.0039903948279125245
2017-12-11,0.005103852317928315
2017-12-12,-0.0018577398440466908
2017-12-13,0.001962420645464036
2017-12-14,-0.002806520489277986
2017-12-15,0.011607417404652765
2017-12-18,0.008352394871156577
2017-12-19,-0.004428767447945958
2017-12-20,-0.00041510609452899416
2017-12-21,0.0006318830165721323
2017-12-22,-0.0007755516832030906
2017-12-26,-0.0034124389329424076
2017-12-27,0.00044536395726169076
2017-12-28,0.0015580567607038631
2017-12-29,-0.006752088270783219
2018-01-02,0.014882748801404944
2018-01-03,0.008332636701785745
2018-01-04,0.0017506878534643278
2018-01-05,0.00825218728355459
2018-01-08,0.002914532733845121
2018-01-09,0.0008644584408550315
2018-01-10,-0.0013983586964876338
2018-01-11,0.008104262147179853
2018-01-12,0.006810061387406918
2018-01-16,-0.005159937189423758
2018-01-17,0.010272779947747779
2018-01-18,-0.0003055954673882866
2018-01-19,0.005512437935738745
2018-01-22,0.009719001025395357
2018-01-23,0.007029774680555434
2018-01-24,-0.006081217525638394
2018-01-25,-0.0005260818168331127
2018-01-26,0.012685067344250456
2018-01-29,-0.005244404252838564
2018-01-30,-0.008612579878180426
2018-01-31,0.0012150702622424348
2018-02-01,-0.0034628038632558145
2018-02-02,-0.019814902727970818
2018-02-05,-0.038491684997804754
2018-02-06,0.02106813455178269
2018-02-07,-0.009020464099426917
2018-02-08,-0.03975026748981847
2018-02-09,0.01425933487898412
2018-02-12,0.01551218097790219
2018-02-13,0.004508581526369682
2018-02-14,0.018381411494061695
2018-02-15,0.015668329507535717
2018-02-16,-0.0023399676072681785
2018-02-20,-0.0007130350704702693
2018-02-21,-0.002225226114822121
2018-02-22,-0.0011283555786931743
2018-02-23,0.017501799981989308
2018-02-26,0.011392585865809934
2018-02-27,-0.01235252100109463
2018-02-28,-0.007853073163015978
2018-03-01,-0.012792821286838674
2018-03-02,0.010709030898665262
2018-03-05,0.009985954582790058
2018-03-06,0.00561799640889582
2018-03-07,0.0033368173057493067
2018-03-08,0.004222756671200756
2018-03-09,0.017728396583814643
2018-03-12,0.003631864810273555
2018-03-13,-0.01024028698970092
2018-03-14,-0.001892308334559445
2018-03-15,-0.0020121879632792883
2018-03-16,3.341412765323071e-05
2018-03-19,-0.018582466273707965
2018-03-20,0.0027276103129096896
2018-03-21,-0.0025846779427443067
2018-03-22,-0.024616765349245284
2018-03-23,-0.024580085067823276
2018-03-26,0.032067301372975976
2018-03-27,-0.02976181025483804
2018-03-28,-0.008537078245364427
2018-03-29,0.016302769090529523
2018-04-02,-0.02775203796376502
2018-04-03,0.010304574212671724
2018-04-04,0.014421657157893009
2018-04-05,0.004878651447885574
2018-04-06,-0.023077620539867283
2018-04-09,0.005081704095747597
2018-04-10,0.020501060422379425
2018-04-11,-0.0035683765155933855
2018-04-12,0.010024549074824307
2018-04-13,-0.004716838074624974
2018-04-16,0.00695931119426163
2018-04-17,0.01729170024394122
2018-04-18,0.0019401496990543166
2018-04-19,-0.007868890021573094
2018-04-20,-0.012782287752646226
2018-04-23,-0.002456059623153095
2018-04-24,-0.017155263282234046
2018-04-25,-0.0005152865730764233
2018-04-26,0.01627801411689056
2018-04-27,0.00015726803845517168
2018-04-30,-0.00754684558648222
2018-05-01,0.009076671592714192
2018-05-02,-0.004187910891095825
2018-05-03,-0.001797160994872371
2018-05-04,0.01699189975559179
2018-05-07,0.0076809353548821235
2018-05-08,0.00023258032450534927
2018-05-09,0.009996824993939057
2018-05-10,0.008824823149733874
2018-05-11,-0.00028232755347268323
2018-05-14,0.0011394395223920384
2018-05-15,-0.008086495972408514
2018-05-16,0.006328176283989961
2018-05-17,-0.0021419176233390402
2018-05-18,-0.0038177061586992522
2018-05-21,0.005383681667709084
2018-05-22,-0.0021093361180177794
2018-05-23,0.006417024543699412
2018-05-24,-0.00020602625891719129
2018-05-25,0.001267969504372246
2018-05-29,-0.005024845176855308
2018-05-30,0.008864742632690437
2018-05-31,-0.0027280344628621833
2018-06-01,0.01496514890387779
2018-06-04,0.006876961968936612
2018-06-05,0.004119560218171614
2018-06-06,0.006704538135993587
2018-06-07,-0.007069895556034211
2018-06-08,0.0013664328593385733
2018-06-11,0.0018843515088011742
2018-06-12,0.005709552350184666
2018-06-13,-0.0010506639338156987
2018-06-14,0.008454594172810914
2018-06-15,-0.0018907285275293617
2018-06-18,8.389403727981914e-05
2018-06-19,-0.002771341329731669
2018-06-20,0.007212201595004686
2018-06-21,-0.008849616950286077
2018-06-22,-0.002613356232782138
2018-06-25,-0.021125496113384656
2018-06-26,0.003924852573787163
2018-06-27,-0.015533337880730969
2018-06-28,0.007840168258907099
2018-06-29,0.000881795412514208
2018-07-02,0.007612475513036898
2018-07-03,-0.008628914446621394
2018-07-05,0.011102201418500712
2018-07-06,0.01335026837691089
2018-07-09,0.008781132145536219
2018-07-10,0.00038671255163968965
2018-07-11,-0.005504130561746479
2018-07-12,0.013810567038781585
2018-07-13,0.0002632679593475018
2018-07-16,-0.0025921399100496956
2018-07-17,0.006308737607945147
2018-07-18,-8.659386757337018e-05
2018-07-19,-0.0037169201452833533
2018-07-20,-0.0006518947372207151
2018-07-23,0.002767186619701434
2018-07-24,-0.00014029495651968205
2018-07-25,0.011598450616720157
2018-07-26,-0.010144274299497269
2018-07-27,-0.014722934030169554
2018-07-30,-0.013980443306998325
2018-07-31,0.0054621247390773675
2018-08-01,0.004616669251017669
2018-08-02,0.012301899239920644
2018-08-03,0.0011937245672761776
2018-08-06,0.0060836524154268545
2018-08-07,0.0030463673538427827
2018-08-08,0.0005921791659879716
2018-08-09,0.0004372221887027905
2018-08-10,-0.006696394147988727
2018-08-13,-0.002477825594418448
2018-08-14,0.006523696605063023
2018-08-15,-0.012370877626375787
2018-08-16,0.004159001011764474
2018-08-17,0.0012558604635888315
2018-08-20,0.0005985273309221384
2018-08-21,0.0048673207000913266
2018-08-22,0.0038010793287845956
2018-08-23,-0.001349623948700085
2018-08-24,0.008533689601206262
2018-08-27,0.00901039208306642
2018-08-28,0.0015129841062382354
2018-08-29,0.009870121626434525
2018-08-30,-0.0026336615470725633
2018-08-31,0.0026151770266693575
2018-09-04,-0.002257920359307164
2018-09-05,-0.011945631299695947
2018-09-06,-0.009101758641424595
2018-09-07,-0.002551609209268335
2018-09-10,0.002732108445748338
2018-09-11,0.006078043735167071
2018-09-12,-0.002290523727589644
2018-09-13,0.007449959830898578
2018-09-14,-0.0004580603091248747
2018-09-17,-0.014366048722211033
2018-09-18,0.007610458775181073
2018-09-19,-0.0007632047416432641
2018-09-20,0.009787112803213205
2018-09-21,-0.005153870923132686
2018-09-24,0.0007872286287504693
2018-09-25,0.0017774473144545055
2018-09-26,-0.0021378015799520256
2018-09-27,0.0064370235111628205
2018-09-28,0.0005444798258160688
2018-10-01,-0.0011254029998060133
2018-10-02,-0.004707915911817295
2018-10-03,0.0031875987539660144
2018-10-04,-0.018307174985901398
2018-10-05,-0.011623797330644337
2018-10-08,-0.006763572030761722
2018-10-09,0.0002675233572713154
2018-10-10,-0.0416905704170496
2018-10-11,-0.012607997468521148
2018-10-12,0.02264101055366119
2018-10-15,-0.008862804571270644
2018-10-16,0.028490480618550862
2018-10-17,-0.0003649927185698232
2018-10-18,-0.02083122940619475
2018-10-19,-0.004835946306432248
2018-10-22,0.0026277726360603992
2018-10-23,-0.004171412105854699
2018-10-24,-0.04526298466957357
2018-10-25,0.029106335357864666
2018-10-26,-0.020867052853814627
2018-10-29,-0.01644769582460448
2018-10-30,0.015671631444623912
2018-10-31,0.019941839817301243
2018-11-01,0.017389923216891034
2018-11-02,-0.010421237192341337
2018-11-05,-0.0038322861371682393
2018-11-06,0.006407430530376956
2018-11-07,0.02606607988877485
2018-11-08,-0.005280252546507214
2018-11-09,-0.016599900279464563
2018-11-12,-0.02821011668331863
2018-11-13,0.0
2018-11-14,-0.008994802921003853
2018-11-15,0.01703911608941233
2018-11-16,-0.0015385327320380782
2018-11-19,-0.030737185316640492
2018-11-20,-0.017171632699518824
2018-11-21,0.00913915398161258
2018-11-23,-0.004783197892631819
2018-11-26,0.020380399958705553
2018-11-27,0.00012003171857877248
2018-11-28,0.02906638928964611
2018-11-29,-0.0025417363646909052
2018-11-30,0.007869316922645808
2018-12-03,0.015024565381903443
2018-12-04,-0.03878304600426574
2018-12-06,0.004158399317292449
2018-12-07,-0.03094149209317898
2018-12-10,0.007329677184980454
2018-12-11,0.0016097038512867812
2018-12-12,0.009409739797906269
2018-12-13,-0.00394956983459771
2018-12-14,-0.022841996388445196
2018-12-17,-0.02297022761457157
2018-12-18,0.00445871296255973
2018-12-19,-0.02191920329964958
2018-12-20,-0.016471005628988067
2018-12-21,-0.03039093048481334
2018-12-24,-0.022365824064310758
2018-12-26,0.05672376475013685
2018-12-27,0.0038268141596518035
2018-12-28,0.0007641722095321768
2018-12-31,0.007679392400735452
2019-01-02,0.004610135188027442
2019-01-03,-0.030840003413063144
2019-01-04,0.04171978412266952
2019-01-07,0.0124774207371523
2019-01-08,0.010718362847466523
2019-01-09,0.00867332286523137
2019-01-10,0.004158283898455295
2019-01-11,-0.0020906031886749332
2019-01-14,-0.009448534565962063
2019-01-15,0.01692966097108517
2019-01-16,0.0015449514495493588
2019-01-17,0.007050031484665098
2019-01-18,0.01021938451769877
2019-01-22,-0.019308552581685845
2019-01-23,0.0007703412345865246
2019-01-24,0.006764925935188515
2019-01-25,0.012838756110328475
2019-01-28,-0.011112631817477236
2019-01-29,-0.008132432213352914
2019-01-30,0.02178483276587606
2019-01-31,0.013641605511038435
2019-02-01,-0.002457116029697559
2019-02-04,0.011452807845097723
2019-02-05,0.007395483708680928
2019-02-06,-0.0036272138731501258
2019-02-07,-0.011856642123861505
2019-02-08,0.0013505728161433694
2019-02-11,0.0013281722557412223
2019-02-12,0.01449780118562316
2019-02-13,0.000776510403021291
2019-02-14,0.000885049755654066
2019-02-15,0.006102289082795309
2019-02-19,0.0019198736191796684
2019-02-20,0.0003071353232382279
2019-02-21,-0.003928066565215715
2019-02-22,0.009051766169177355
2019-02-25,0.0035698117574529675
2019-02-26,-0.0006832942963654887
2019-02-27,0.0006898870274927305
2019-02-28,-0.0029137586529941473
2019-03-01,0.008305284558915105
2019-03-04,-0.0023436862077677034
2019-03-05,-0.0001596893960869039
2019-03-06,-0.009340823081352312
2019-03-07,-0.011316234048727836
2019-03-08,-0.001796383950066982
2019-03-11,0.020035137147738524
2019-03-12,0.0043527075166114315
2019-03-13,0.0068766003485567495
2019-03-14,-0.0016367344058245692
2019-03-15,0.007522455238330394
2019-03-18,0.0033694998911961704
2019-03-19,0.0012268366568033429
2019-03-20,0.0006497179270468223
2019-03-21,0.01413053308968415
2019-03-22,-0.025359159175433632
2019-03-25,-0.0006714414289259452
2019-03-26,0.007042858908224758
2019-03-27,-0.00627852743287427
2019-03-28,0.003368487126893527
2019-03-29,0.0078124815189060115
2019-04-01,0.012802445061177892
2019-04-02,0.002523319325419493
2019-04-03,0.00595265346648155
2019-04-04,-0.00047760067102586845
2019-04-05,0.00592658264318402
2019-04-08,0.0019115783287109167
2019-04-09,-0.005623118736618693
2019-04-10,0.00692482433365349
2019-04-11,-0.0021217699443134563
2019-04-12,0.004619817616289268
2019-04-15,-0.0010213414234812035
2019-04-16,0.0030320317901857408
2019-04-17,-0.0005188574642094324
2019-04-18,0.00024758823693460386
2019-04-22,0.00214945517011067
2019-04-23,0.013082637882781967
2019-04-24,-0.0023189625359698596
2019-04-25,0.002055450919248969
2019-04-26,0.003408498853536557
2019-04-29,0.00189477104347624
2019-04-30,-0.008176090186001517
2019-05-01,-0.005667393827094358
2019-05-02,-0.0016001233101157197
2019-05-03,0.01570698133967241
2019-05-06,-0.00499899561169137
2019-05-07,-0.019834028628483935
2019-05-08,-0.0025699189521759536
2019-05-09,-0.004128953381631106
2019-05-10,0.0008024117576344025
2019-05-13,-0.03468872811374801
2019-05-14,0.011373546070426954
2019-05-15,0.011269862258100005
2019-05-16,0.009656428485820712
2019-05-17,-0.01040715826886185
2019-05-20,-0.014679353767466097
2019-05-21,0.010761957357637186
2019-05-22,-0.004490109723692015
2019-05-23,-0.01593883865966106
2019-05-24,0.0011437688609081675
2019-05-28,-0.003891236583182689
2019-05-29,-0.007923681900656732
2019-05-30,0.0027006454219229425
2019-05-31,-0.015255112850741881
2019-06-03,-0.016249309549946744
2019-06-04,0.026125074932524583
2019-06-05,0.006404199045652703
2019-06-06,0.005275470816130223
2019-06-07,0.01648079728231444
2019-06-10,0.010416852029555557
2019-06-11,-7.671067859860159e-05
2019-06-12,-0.003823130490431481
2019-06-13,0.005682688855127793
2019-06-14,-0.005177224058407148
2019-06-17,0.006183481163924753
2019-06-18,0.013780907123610575
2019-06-19,0.004195417041414018
2019-06-20,0.007983255567301839
2019-06-21,-0.002441065941900078
2019-06-24,-0.0032436394874331143
2019-06-25,-0.015227075799195688
2019-06-26,0.003197279696294686
2019-06-27,0.007279353665325061
2019-06-28,0.004817896980648939
2019-07-01,0.010550860088116565
2019-07-02,0.0022135084113799053
2019-07-03,0.007511422448441607
2019-07-05,-0.0010335454092604834
2019-07-08,-0.007799485245406856
2019-07-09,0.005338658541381491
2019-07-10,0.007439990857079692
2019-07-11,-0.0007915610434565679
2019-07-12,0.00585148672739777
2019-07-15,0.0017028849355060771
2019-07-16,-0.0042947273063198566
2019-07-17,-0.004581897506117372
2019-07-18,0.002687857695255147
2019-07-19,-0.007429531696807601
2019-07-22,0.007051673649948853
2019-07-23,0.0057440682007285915
2019-07-24,0.00845959678481023
2019-07-25,-0.010019378546871849
2019-07-26,0.01106551275798573
2019-07-29,-0.004437074562011034
2019-07-30,-0.0023806128789249925
2019-07-31,-0.011938891760509662
2019-08-01,-0.007896107904572958
2019-08-02,-0.013285833800793512
2019-08-05,-0.03535369373898156
2019-08-06,0.013783603226341867
2019-08-07,0.0037665526286154716
2019-08-08,0.022178017091956548
2019-08-09,-0.010003648560777734
2019-08-12,-0.01210059652762041
2019-08-13,0.01926406199027042
2019-08-14,-0.030707329630178748
2019-08-15,-0.0009420284381604915
2019-08-16,0.01651998695872159
2019-08-19,0.013437671978509869
2019-08-20,-0.0068019497716527155
2019-08-21,0.008973813647768836
2019-08-22,-0.0035998719885785846
2019-08-23,-0.03044352230992864
2019-08-26,0.01306867439432935
2019-08-27,-0.00341694968704509
2019-08-28,0.0038166345442789407
2019-08-29,0.01472019840254113
2019-08-30,-0.001319035811670588
2019-09-03,-0.011204196548563417
2019-09-04,0.012960810676482026
2019-09-05,0.017392350610764495
2019-09-06,-0.0016967129625005128
2019-09-09,-0.0019307468256606342
2019-09-10,-0.0004056228426883024
2019-09-11,0.01052315107895474
2019-09-12,0.0030297412198994067
2019-09-13,-0.0021696387103151693
2019-09-16,-0.0028376708773887316
2019-09-17,0.003975630082184267
2019-09-18,-0.0010547781336782691
2019-09-19,0.0006711070530300844
2019-09-20,-0.008000995008321965
2019-09-23,-0.0006420110195133333
2019-09-24,-0.014756186696056162
2019-09-25,0.010422588172032121
2019-09-26,-0.005800812197731986
2019-09-27,-0.011400075901400797
2019-09-30,0.0074923588264486085
2019-10-01,-0.011398106033725597
2019-10-02,-0.0157299949016938
2019-10-03,0.011114240079301396
2019-10-04,0.01390275640553007
2019-10-07,-0.003285098578386325
2019-10-08,-0.016795029447266074
2019-10-09,0.010168308553941685
2019-10-10,0.005933915217918084
2019-10-11,0.013276238218729475
2019-10-14,-0.001041884887669653
2019-10-15,0.012355264352185813
2019-10-16,-0.003014806039926654
2019-10-17,0.004013255325414633
2019-10-18,-0.008286203046843355
2019-10-21,0.009038678179388526
2019-10-22,-0.007215791223046608
2019-10-23,0.0019095356634544203
2019-10-24,0.008096625373861244
2019-10-25,0.0069780052933214876
2019-10-28,0.010003048616786359
2019-10-29,-0.005919561828937603
2019-10-30,0.0032725603556240657
2019-10-31,-0.0014003230244714615
2019-11-01,0.011276741367460374
2019-11-04,0.005564927089039884
2019-11-05,0.00017542123865865733
2019-11-06,-0.00285537299593841
2019-11-07,0.0028363849873276337
2019-11-08,0.004824427016203003
2019-11-11,-0.00130219191081693
2019-11-12,0.002573345855832798
2019-11-13,-0.0004703194126367549
2019-11-14,-0.0003631927979892424
2019-11-15,0.007263380116359741
2019-11-18,0.0010661137157317313
2019-11-19,0.0024204450742413286
2019-11-20,-0.005138770603570819
2019-11-21,-0.002409509717393732
2019-11-22,0.0016057620907368175
2019-11-25,0.013130776538302413
2019-11-26,0.0017869307925533207
2019-11-27,0.006598265068344489
2019-11-29,-0.004572083537638605
2019-12-02,-0.011312937975990423
2019-12-03,-0.005541779235127109
2019-12-04,0.005387669087557612
2019-12-05,0.000470349124077174
2019-12-06,0.009964548679818108
2019-12-09,-0.004016612833449784
2019-12-10,-0.0006555734570508065
2019-12-11,0.004385602160358104
2019-12-12,0.007284490188919079
2019-12-13,0.0020123051582512375
2019-12-16,0.009043321870159104
2019-12-17,0.0010352755907483413
2019-12-18,0.0004962730659290315
2019-12-19,0.006715196176768856
2019-12-20,0.00423758254324369
2019-12-23,0.002315582794935267
2019-12-24,0.0008078308632288866
2019-12-26,0.0077339716077222675
2019-12-27,-0.0017493512374269216
2019-12-30,-0.00675446212373032
2019-12-31,0.0029700322170818083
2020-01-02,0.01324040491522993
2020-01-03,-0.007886206201893842
2020-01-06,0.005604649298138753
2020-01-07,-0.00031859322251648337
2020-01-08,0.006666774358979666
2020-01-09,0.008093731948919825
2020-01-10,-0.002673154489002627
2020-01-13,0.010304152044723125
2020-01-14,-0.0024398708436095262
2020-01-15,0.0007963377118347381
2020-01-16,0.01057493588648839
2020-01-17,0.0033938395490800133
2020-01-21,-0.0019329537995123047
2020-01-22,0.0013820585287671605
2020-01-23,0.0019919828264907125
2020-01-24,-0.009357175174791621
2020-01-27,-0.01903151568560979
2020-01-28,0.014163982053327473
2020-01-29,0.0005910505516055764
2020-01-30,0.0025594303059275347
2020-01-31,-0.01604265296373164
2020-02-03,0.013293475790295162
2020-02-04,0.020764365201518586
2020-02-05,0.004290538598331395
2020-02-06,0.006652848641085285
2020-02-07,-0.005409487259015577
2020-02-10,0.011267595263293018
2020-02-11,0.0010951992063059635
2020-02-12,0.008987406620539318
2020-02-13,-0.0014394780736086688
2020-02-14,0.001976013944968713
2020-02-18,0.00016035278449599843
2020-02-19,0.008638396325689968
2020-02-20,-0.006767141052089087
2020-02-21,-0.018045176792515605
2020-02-24,-0.037807676187139094
2020-02-25,-0.028117699877270752
2020-02-26,0.0016905823354722571
2020-02-27,-0.047229800845702385
2020-02-28,0.00010384687713127505
2020-03-02,0.04393513756355816
2020-03-03,-0.030403354414897166
2020-03-04,0.03773994480545184
2020-03-05,-0.031483711121500946
2020-03-06,-0.01882552423078465
2020-03-09,-0.07566582560192359
2020-03-10,0.04831519719020072
2020-03-11,-0.04814294639913186
2020-03-12,-0.09909876484232605
2020-03-13,0.08934696396191733
2020-03-16,-0.13149154641354954
2020-03-17,0.06044100346504777
2020-03-18,-0.04816974488343995
2020-03-19,0.022735839435526373
2020-03-20,-0.03864459831418898
2020-03-23,-0.0027437916888413127
2020-03-24,0.07808549422695243
2020-03-25,-0.004534489135442854
2020-03-26,0.0544522060343251
2020-03-27,-0.03858801642958554
2020-03-30,0.03558382685242378
2020-03-31,-0.00957078629764574
2020-04-01,-0.04509458387307497
2020-04-02,0.017070850721614406
2020-04-03,-0.015374055374563156
2020-04-06,0.07070179567744006
2020-04-07,-0.0032885658256596173
2020-04-08,0.025491191471228802
2020-04-09,0.007717142922286868
2020-04-13,0.004752222787878679
2020-04-14,0.03870691634419465
2020-04-15,-0.014496809240533537
2020-04-16,0.016446600933642586
2020-04-17,0.013709430126290556
2020-04-20,-0.010389943494343967
2020-04-21,-0.035369912661506575
2020-04-22,0.027706863538933035
2020-04-23,-7.41469096627867e-05
2020-04-24,0.016319742426379236
2020-04-27,0.011015647145939056
2020-04-28,-0.014123023973882098
2020-04-29,0.03504202574609039
2020-04-30,-0.0028263093584950383
2020-05-01,-0.03253876583189097
2020-05-04,0.012215656788141516
2020-05-05,0.011234263212246631
2020-05-06,0.005125779753495152
2020-05-07,0.01404869555944721
2020-05-08,0.015652527632974866
2020-05-11,0.007755946834985039
2020-05-12,-0.020862662707353152
2020-05-13,-0.015603369220992036
2020-05-14,0.009047099824165628
2020-05-15,0.007889420809050307
2020-05-18,0.024141213456802646
2020-05-19,-0.0053996503160469445
2020-05-20,0.02054723416380355
2020-05-21,-0.009742539531041317
2020-05-22,0.0042677219493345575
2020-05-26,0.0016747973138464545
2020-05-27,0.007693979236641724
2020-05-28,-0.004618431893819164
2020-05-29,0.012819601611818499
2020-06-01,0.006530844448660034
2020-06-02,0.005879851478663767
2020-06-03,0.00772686990889504
2020-06-04,-0.006953917906104223
2020-06-05,0.02040952303844179
2020-06-08,0.011213540124009214
2020-06-09,0.002917727250386193
2020-06-10,0.006668621613707515
2020-06-11,-0.05409169433805516
2020-06-12,0.010070456928083615
2020-06-15,0.014207971334585068
2020-06-16,0.017312790097266273
2020-06-17,0.0014803456093055445
2020-06-18,0.0032759391711447705
2020-06-19,0.0003087421482597108
2020-06-22,0.011034712303594318
2020-06-23,0.007419313081497236
2020-06-24,-0.02217597937272231
2020-06-25,0.010823066463442998
2020-06-26,-0.026276153867817342
2020-06-29,0.011912774931627013
2020-06-30,0.018524573500293684
2020-07-01,0.009484903380965193
2020-07-02,0.005205720808945102
2020-07-06,0.02190072891041872
2020-07-07,-0.00864022405257181
2020-07-08,0.01426474298412117
2020-07-09,0.005251850808974723
2020-07-10,0.006585405576910119
2020-07-13,-0.02157333883734225
2020-07-14,0.009362419903483854
2020-07-15,0.005885272878119352
2020-07-16,-0.007292554037523047
2020-07-17,0.002799288938476252
2020-07-20,0.024815183704461674
2020-07-21,-0.008087671415323072
2020-07-22,0.002409889929493758
2020-07-23,-0.023122266462264562
2020-07-24,-0.009435087829080757
2020-07-27,0.016564436663143667
2020-07-28,-0.012816813572435137
2020-07-29,0.013449749880063422
2020-07-30,0.0042468164226292515
2020-07-31,0.014762315344023946
2020-08-03,0.014554004945440013
2020-08-04,0.003513112051638956
2020-08-05,0.0052171120714064045
2020-08-06,0.009922056131983936
2020-08-07,-0.008778899986396027
2020-08-10,-0.0038782028046036032
2020-08-11,-0.01706064073159297
2020-08-12,0.021053246932806857
2020-08-13,0.0027440617564398195
2020-08-14,-0.002103201377037678
2020-08-17,0.009971685238514993
2020-08-18,0.007261205084748923
2020-08-19,-0.005759198232592411
2020-08-20,0.01057419748384092
2020-08-21,0.004150258706173915
2020-08-24,0.00598638840538257
2020-08-25,0.007594300757091332
2020-08-26,0.017170911662010013
2020-08-27,-0.0034108272995911904
2020-08-28,0.006028072823257347
2020-08-31,0.006802443899218247
2020-09-01,0.013848761208684834
2020-09-02,0.00973252980000261
2020-09-03,-0.050902123264931376
2020-09-04,-0.012732881658742201
2020-09-08,-0.042011794020055504
2020-09-09,0.0267300283309595
2020-09-10,-0.0201238125202714
2020-09-11,-0.006066212098540191
2020-09-14,0.018539894816271385
2020-09-15,0.012017054569504637
2020-09-16,-0.01257621055099456
2020-09-17,-0.01276744714546929
2020-09-18,-0.01078174552456268
2020-09-21,-0.0013425196710254994
2020-09-22,0.017003087193005584
2020-09-23,-0.03062285686099564
2020-09-24,0.003687290538664456
2020-09-25,0.022357268606905123
2020-09-28,0.018517153054661506
2020-09-29,-0.0029077706291236183
2020-09-30,0.007393252898568292
2020-10-01,0.014137326409649376
2020-10-02,-0.02245389564806466
2020-10-05,0.022981762622677593
2020-10-06,-0.015821908233435877
2020-10-07,0.018651292673624198
2020-10-08,0.0049488294131521116
2020-10-09,0.013822271940789221
2020-10-12,0.02526710192988091
2020-10-13,-0.0010412209551464713
2020-10-14,-0.00805415502902207
2020-10-15,-0.0046724340576602685
2020-10-16,-0.0036185431362802944
2020-10-19,-0.016646261694777564
2020-10-20,0.003271126744866848
2020-10-21,-0.0027650602299544857
2020-10-22,0.0018546057203270294
2020-10-23,0.0036670446246009902
2020-10-26,-0.01653139489895672
2020-10-27,0.006354409988746923
2020-10-28,-0.0380216341521038
2020-10-29,0.016288416054749177
2020-10-30,-0.02480081603794737
2020-11-02,0.00420871136873302
2020-11-03,0.018352834787521033
2020-11-04,0.03782291915609193
2020-11-05,0.02556592027829474
2020-11-06,0.00036162047750565307
2020-11-09,-0.015371568941356273
2020-11-10,-0.013746339190529255
2020-11-11,0.019929232502628125
2020-11-12,-0.00654069235734589
2020-11-13,0.010170511741888433
2020-11-16,0.007985405725161598
2020-11-17,-0.0020811450468389836
2020-11-18,-0.008247840862843248
2020-11-19,0.00869903444735165
2020-11-20,-0.004186950976924564
2020-11-23,0.002162167096598111
2020-11-24,0.01305846331541538
2020-11-25,0.004774771570636105
2020-11-27,0.00917274515173716
2020-11-30,-0.0005826260753920565
2020-12-01,0.012737084203665816
2020-12-02,-0.00046471201736686396
2020-12-03,0.0022493701917785103
2020-12-04,0.007008550402607838
2020-12-07,0.004460407943046363
2020-12-08,0.005004992905696781
2020-12-09,-0.01956743901466318
2020-12-10,0.005403935082687994
2020-12-11,-0.002254666402501826
2020-12-14,0.0050100956549332665
2020-12-15,0.012384333592816432
2020-12-16,0.004999830983233977
2020-12-17,0.008382995243408686
2020-12-18,-0.0007139665244135784
2020-12-21,-0.0010291031797979855
2020-12-22,0.005119327483718905
2020-12-23,-0.002878107209566494
2020-12-24,0.002629054253871388
2020-12-28,0.007367672536775061
2020-12-29,-0.003821432521633028
2020-12-30,0.0015381110696122136
2020-12-31,0.0014193708828713625
2021-01-04,-0.014838438338012239
2021-01-05,0.009445367756788059
2021-01-06,-0.006116661203076745
2021-01-07,0.025318076254018607
2021-01-08,0.010240116888862616
2021-01-11,-0.012619131811073103
2021-01-12,0.00275768636978313
2021-01-13,0.004314322049834729
2021-01-14,-0.0012431067684950392
2021-01-15,-0.008742657500700801
2021-01-19,0.015169180537053961
2021-01-20,0.019514847552859038
2021-01-21,0.005458715135175041
2021-01-22,0.0008974978550053692
2021-01-25,0.006838430841540344
2021-01-26,-0.0007285339563889437
2021-01-27,-0.02643307149733154
2021-01-28,0.0050031033278443715
2021-01-29,-0.020181784212885745
2021-02-01,0.025135282035085638
2021-02-02,0.01550144365722339
2021-02-03,-0.00016458200942004453
2021-02-04,0.012209767886114165
2021-02-05,0.005685725419617427
2021-02-08,0.00943406863038021
2021-02-09,0.0014331349732099596
2021-02-10,-0.0025139135602483265
2021-02-11,0.0038030396381909526
2021-02-12,0.004957131327172348
2021-02-16,-0.0034090057648175076
2021-02-17,-0.005855140720896657
2021-02-18,-0.007195634537985995
2021-02-19,0.0006560683954610624
2021-02-22,-0.024914909813228192
2021-02-23,-0.0050262333458981345
2021-02-24,0.009811902804671035
2021-02-25,-0.035826183155746705
2021-02-26,0.005542772895843484
2021-03-01,0.029611050964401642
2021-03-02,-0.017073539422115758
2021-03-03,-0.027398332509800838
2021-03-04,-0.021327967598413267
2021-03-05,0.015339840467456511
2021-03-08,-0.02436459207672037
2021-03-09,0.03618823486386091
2021-03-10,-0.0003817695880901084
2021-03-11,0.024925430841728158
2021-03-12,-0.0058992615283877115
2021-03-15,0.010444594822478948
2021-03-16,0.0008807863724875631
2021-03-17,0.00397306435921152
2021-03-18,-0.030708812283835485
2021-03-19,0.007524912596325706
2021-03-22,0.0122064574071441
2021-03-23,-0.011264053751787628
2021-03-24,-0.020299643960346003
2021-03-25,0.0012174482011104715
2021-03-26,0.012333457913266344
2021-03-29,-0.006037038603846412
2021-03-30,-0.0010925663078662495
2021-03-31,0.01532651925301387
2021-04-01,0.017453984810634537
2021-04-05,0.01658847564108079
2021-04-06,-0.0005261982972406543
2021-04-07,-0.0006966781983432924
2021-04-08,0.010209330907285263
2021-04-09,0.00511231819919189
2021-04-12,-0.0036173073869729677
2021-04-13,0.010493458835551195
2021-04-14,-0.009927565283152973
2021-04-15,0.012970932728389784
2021-04-16,0.0009668599215935103
2021-04-19,-0.009838086607324215
2021-04-20,-0.009277696871631491
2021-04-21,0.01182212379462122
2021-04-22,-0.009493486774555748
2021-04-23,0.01425552058809032
2021-04-26,0.00866410306412213
2021-04-27,-0.003440475735974502
2021-04-28,-0.0027851981314821472
2021-04-29,0.002240706255667746
2021-04-30,-0.008548394812002869
2021-05-03,-0.004850325814295786
2021-05-04,-0.019007708546165958
2021-05-05,-0.003753695502419774
2021-05-06,0.003705272703180995
2021-05-07,0.008720160532364574
2021-05-10,-0.02580820745119894
2021-05-11,-0.0009279631504419683
2021-05-12,-0.027082274299722542
2021-05-13,0.007134772353232677
2021-05-14,0.02297149180422231
2021-05-17,-0.0037995201478100427
2021-05-18,-0.005652380518700539
2021-05-19,-0.0002931517805340178
2021-05-20,0.01758910816986692
2021-05-21,-0.004795110177569839
2021-05-24,0.014018994514065852
2021-05-25,-0.0002928435660045636
2021-05-26,0.005901063064362333
2021-05-27,-0.00012518810666861668
2021-05-28,0.0009066729120696948
2021-06-01,-0.0008920988170686428
2021-06-02,0.0014439857132959588
2021-06-03,-0.010362968947553952
2021-06-04,0.01458193971884647
2021-06-07,0.004854788747373107
2021-06-08,0.003106486805684483
2021-06-09,-0.0009455270249087988
2021-06-10,0.007774617912078341
2021-06-11,0.003495217559834174
2021-06-14,0.0074155105115369935
2021-06-15,-0.007171007957287756
2021-06-16,-0.0023605607621330904
2021-06-17,0.008628811063481123
2021-06-18,-0.009291424906852086
2021-06-21,0.00788738553452184
2021-06-22,0.00787396543868013
2021-06-23,0.0012943691552997905
2021-06-24,0.006841825894486675
2021-06-25,-0.0006488186921522754
2021-06-28,0.009710107514308675
2021-06-29,0.001916736677532782
2021-06-30,-0.0016795021482050032
2021-07-01,0.0012698601529681497
2021-07-02,0.008020848054384189
2021-07-06,0.0016591885475207846
2021-07-07,9.682815221623287e-05
2021-07-08,-0.0072048129503734515
2021-07-09,0.009715140642013509
2021-07-12,0.00212808927513386
2021-07-13,-0.003780226220111871
2021-07-14,-0.002230375765782
2021-07-15,-0.006976870369710397
2021-07-16,-0.008000606560420565
2021-07-19,-0.010609715218251381
2021-07-20,0.015563009653950743
2021-07-21,0.009136110281803056
2021-07-22,0.0035917917364507446
2021-07-23,0.01032410377471571
2021-07-26,0.00025067485401564227
2021-07-27,-0.012211813185677656
2021-07-28,0.006933341494482548
2021-07-29,0.0010615601354206916
2021-07-30,-0.007169926147607697
2021-08-02,0.0005716901744090563
2021-08-03,0.005449286274133769
2021-08-04,0.001302576272680156
2021-08-05,0.007722857748811762
2021-08-06,-0.0039931835636259905
2021-08-09,0.0016446644106373753
2021-08-10,-0.004863014736459448
2021-08-11,-0.0015531432821607183
2021-08-12,0.0034562373037339
2021-08-13,0.0004480980618950525
2021-08-16,-0.0019678541908536573
2021-08-17,-0.009343386204552218
2021-08-18,-0.008928106059121532
2021-08-19,0.0010926137455378182
2021-08-20,0.011817710482578292
2021-08-23,0.015375279925669005
2021-08-24,0.005149751376094969
2021-08-25,0.001467686795765033
2021-08-26,-0.006406040214026021
2021-08-27,0.0122155160813886
2021-08-30,0.008974424438640938
2021-08-31,-0.0004356681981825261
2021-09-01,0.0032804682193674495
2021-09-02,0.0014229380057990682
2021-09-03,0.002107194827745573
2021-09-07,0.0007034029678791853
2021-09-08,-0.0057200192663113825
2021-09-09,-0.0025144789522002498
2021-09-10,-0.008744681031034318
2021-09-13,-0.0006558441843882434
2021-09-14,-0.0044998614812588045
2021-09-15,0.008196960965973332
2021-09-16,0.0013439243972008796
2021-09-17,-0.009128012757075865
2021-09-20,-0.0221845764931885
2021-09-21,0.002206359902809041
2021-09-22,0.01015074329399468
2021-09-23,0.010377077916464472
2021-09-24,-0.00030166432438960555
2021-09-27,-0.005178992419633488
2021-09-28,-0.028683408751719597
2021-09-29,-0.002356525147302335
2021-09-30,-0.004410097016206649
2021-10-01,0.008141969927935477
2021-10-04,-0.02159668809301074
2021-10-05,0.0124333351708934
2021-10-06,0.004705613417671728
2021-10-07,0.01043429290005804
2021-10-08,-0.005095489870617698
2021-10-11,-0.006422693099196408
2021-10-12,-0.001400952791875909
2021-10-13,0.007281616998717766
2021-10-14,0.017131866200896795
2021-10-15,0.004973647033793327
2021-10-18,0.008320453427677066
2021-10-19,0.007116253793700622
2021-10-20,-0.0004899152327713097
2021-10-21,0.006198347332167842
2021-10-22,-0.008282262911189164
2021-10-25,0.009005580549214187
2021-10-26,0.0005908920095620829
2021-10-27,8.524857667779884e-06
2021-10-28,0.01383678381592901
2021-10-29,0.00324880420091489
2021-11-01,0.006273211698793801
2021-11-02,0.0034359960159076053
2021-11-03,0.010297255324537957
2021-11-04,0.008108506228737156
2021-11-05,0.0019604150194716397
2021-11-08,0.0006741268703596148
2021-11-09,-0.00601342375004954
2021-11-10,-0.01674658990531519
2021-11-11,0.005207681697999789
2021-11-12,0.00992743746721736
2021-11-15,-0.00044839314994860047
2021-11-16,0.0075413098271095436
2021-11-17,-0.0032788449518026397
2021-11-18,0.004520704231817163
2021-11-19,0.003976802827011738
2021-11-22,-0.012702564418120232
2021-11-23,-0.005034495008473527
2021-11-24,0.004433277336696406
2021-11-26,-0.02256671355415385
2021-11-29,0.01862082053947489
2021-11-30,-0.01565393232988299
2021-12-01,-0.018423684134612373
2021-12-02,0.008308777697790148
2021-12-03,-0.01942179568122171
2021-12-06,0.0092166806427052
2021-12-07,0.029878547695961544
2021-12-08,0.006358958846202967
2021-12-09,-0.01722614877845352
2021-12-10,0.0072704572370341225
2021-12-13,-0.014001013198686962
2021-12-14,-0.01146083367069295
2021-12-15,0.02129341175657018
2021-12-16,-0.025054993582381613
2021-12-17,-0.0007083994536376537
2021-12-20,-0.01251992313624406
2021-12-21,0.023756084155854396
2021-12-22,0.011716423749478011
2021-12-23,0.00843497371273294
2021-12-27,0.013823674950026899
2021-12-28,-0.0056576208203473755
2021-12-29,-0.0009826316086503084
2021-12-30,-0.0015653379473690165
2021-12-31,-0.0061548792323318224
2022-01-03,0.011934283162888804
2022-01-04,-0.013357477786140493
2022-01-05,-0.034020250610684144
2022-01-06,-0.0012795834186078991
2022-01-07,-0.009658676305816627
2022-01-10,0.0004638542210813057
2022-01-11,0.013996650333215399
2022-01-12,0.0023030553683192068
2022-01-13,-0.02544411600415053
2022-01-14,0.005854480809006191
2022-01-18,-0.026317236629028073
2022-01-19,-0.011553475470812202
2022-01-20,-0.013072300202161102
2022-01-21,-0.027584776944809875
2022-01-24,0.006241680089022594
2022-01-25,-0.02305972093579811
2022-01-26,0.00020900522675759703
2022-01-27,-0.014080213652384543
2022-01-28,0.030809105566975248
2022-01-31,0.03351274183982511
2022-02-01,0.007424686951740256
2022-02-02,0.00497504325794651
2022-02-03,-0.03808224139035765
2022-02-04,0.015669676475384975
2022-02-07,-0.005857652225023102
2022-02-08,0.012675073074536414
2022-02-09,0.020633242048742062
2022-02-10,-0.021254138402950318
2022-02-11,-0.028203050126457185
2022-02-14,-1.671149028226182e-05
2022-02-15,0.024980271697117473
2022-02-16,-0.001108831507179886
2022-02-17,-0.029266332389070726
2022-02-18,-0.01237138190416509
2022-02-22,-0.012369509212687646
2022-02-23,-0.026045544324412973
2022-02-24,0.03290239021903396
2022-02-25,0.01627160202980349
2022-02-28,0.004137601983257966
2022-03-01,-0.016049424566462633
2022-03-02,0.016094447376488574
2022-03-03,-0.015689542480677332
2022-03-04,-0.016722062266619986
2022-03-07,-0.03691308616650524
2022-03-08,-0.002763558448670267
2022-03-09,0.03531887895665342
2022-03-10,-0.009519679045178364
2022-03-11,-0.022034689112894412
2022-03-14,-0.02065674559501751
2022-03-15,0.02878402364226673
2022-03-16,0.0369893633674927
2022-03-17,0.013177396252139317
2022-03-18,0.020289577765698397
2022-03-21,-0.003993895696869032
2022-03-22,0.019348486385421637
2022-03-23,-0.013286764867688206
2022-03-24,0.01915374951961013
2022-03-25,-0.00158950197964991
2022-03-28,0.013013735989845898
2022-03-29,0.01827443162131459
2022-03-30,-0.012206515299212128
2022-03-31,-0.015473331911616484
2022-04-01,0.0028776398376049173
2022-04-04,0.01882734891709248
2022-04-05,-0.022855369743382425
2022-04-06,-0.022451355514769844
2022-04-07,0.000610340156521616
2022-04-08,-0.013496132235896852
2022-04-11,-0.022051587091313607
2022-04-12,-0.0030160086173509626
2022-04-13,0.020138968148019742
2022-04-14,-0.021672516511760165
2022-04-18,-0.0014030971518028679
2022-04-19,0.021320159442574038
2022-04-20,-0.012306992573737574
2022-04-21,-0.020912797759740087
2022-04-22,-0.02578455443420502
2022-04-25,0.012812330946649908
2022-04-26,-0.0403347462276038
2022-04-27,-0.00014496163350763425
2022-04-28,0.03017528999396646
2022-04-29,-0.04260638109656867
2022-05-02,0.01619452725729076
2022-05-03,0.0022103975769240947
2022-05-04,0.031426187103416936
2022-05-05,-0.051206172336945244
2022-05-06,-0.014146895540514848
2022-05-09,-0.04388217736122435
2022-05-10,0.009795918759568423
2022-05-11,-0.03233171754963493
2022-05-12,0.0005911297635776691
2022-05-13,0.037460437056880735
2022-05-16,-0.01211973530026178
2022-05-17,0.027212342671573353
2022-05-18,-0.04841154909026457
2022-05-19,-0.002600154500743912
2022-05-20,-0.0029793544332790134
2022-05-23,0.0157845378531416
2022-05-24,-0.023757491497015337
2022-05-25,0.015004344262052882
2022-05-26,0.026401101904935942
2022-05-27,0.03271765401023252
2022-05-31,-0.004108643405132284
2022-06-01,-0.007221349748959938
2022-06-02,0.02652746151707497
2022-06-03,-0.02500537492444721
2022-06-06,0.004040833380051012
2022-06-07,0.009395805224512443
2022-06-08,-0.007333539657388144
2022-06-09,-0.02785684311858283
2022-06-10,-0.03587519505440184
2022-06-13,-0.04793757849301983
2022-06-14,0.0017672166232838293
2022-06-15,0.024700905242873716
2022-06-16,-0.04167497278977983
2022-06-17,0.014199717292241232
2022-06-21,0.02478218460482573
2022-06-22,-0.0014663638862320028
2022-06-23,0.016074672125036216
2022-06-24,0.03287798774787909
2022-06-27,-0.007182263477929496
2022-06-28,-0.030215317910469608
2022-06-29,-0.0003265191204295803
2022-06-30,-0.01343307450486364
2022-07-01,0.008946325831791668
2022-07-05,0.01731801384268472
2022-07-06,0.0034922640078445255
2022-07-07,0.022582672298213424
2022-07-08,0.0012005131524919221
2022-07-11,-0.02283748400021146
2022-07-12,-0.009530272050263022
2022-07-13,-0.0015236458209990644
2022-07-14,0.00032093767899255
2022-07-15,0.01772711553375217
2022-07-18,-0.008098257059444336
2022-07-19,0.03060937813978093
2022-07-20,0.01562875881783299
2022-07-21,0.013520947163291552
2022-07-22,-0.018875812449918428
2022-07-25,-0.004356267911285627
2022-07-26,-0.018856617357409178
2022-07-27,0.039831483119135314
2022-07-28,0.010760167412154686
2022-07-29,0.018580584408883993
2022-08-01,-0.0017536554981116836
2022-08-02,-0.001636129148055332
2022-08-03,0.025536136985008895
2022-08-04,0.004129389318190846
2022-08-05,-0.0049673008475927816
2022-08-08,-0.0010346881563219057
2022-08-09,-0.0119762701401811
2022-08-10,0.028474365900255094
2022-08-11,-0.005842848357209718
2022-08-12,0.020698398948347574
2022-08-15,0.006178329710662567
2022-08-16,-0.0019442947102117358
2022-08-17,-0.012628851205906955
2022-08-18,0.0021016294056721563
2022-08-19,-0.020266719927999333
2022-08-22,-0.025803809215437568
2022-08-23,-2.184785618375429e-05
2022-08-24,0.004048755197080922
2022-08-25,0.016572587556266782
2022-08-26,-0.04016196763265789
2022-08-29,-0.01026856894481476
2022-08-30,-0.011257501031957773
2022-08-31,-0.005649071373346359
2022-09-01,-0.002632930461652805
2022-09-02,-0.01317661664220715
2022-09-06,-0.007417279985272529
2022-09-07,0.02116822748425662
2022-09-08,0.005938074631465895
2022-09-09,0.020871292500673988
2022-09-12,0.012642389768792839
2022-09-13,-0.052969734078065045
2022-09-14,0.00737454232249668
2022-09-15,-0.014379677825397508
2022-09-16,-0.009039759166689976
2022-09-19,0.0075375684753744565
2022-09-20,-0.009579288797386454
2022-09-21,-0.018093423749759197
2022-09-22,-0.013764372142428982
2022-09-23,-0.018134278289467787
2022-09-26,-0.005999761136317616
2022-09-27,0.002457431170192592
2022-09-28,0.020304909534443638
2022-09-29,-0.028835604632121203
2022-09-30,-0.015191833661479137
2022-10-03,0.022422426177625354
2022-10-04,0.03283153170340114
2022-10-05,-0.0024878351787656072
2022-10-06,-0.006779816291947682
2022-10-07,-0.03875241399629381
2022-10-10,-0.010408528350005497
2022-10-11,-0.011055776136494444
2022-10-12,-0.0008723019131728904
2022-10-13,0.022031464294425263
2022-10-14,-0.031261706600551165
2022-10-17,0.03376107261934891
2022-10-18,0.009007864366328278
2022-10-19,-0.00856678057342286
2022-10-20,-0.0061675559449607675
2022-10-21,0.0228074989938154
2022-10-24,0.00851730981750265
2022-10-25,0.02225739812648264
2022-10-26,-0.020580676545414178
2022-10-27,-0.016387344940021364
2022-10-28,0.028298629511475326
2022-10-31,-0.010348367330186292
2022-11-01,-0.008894503653946728
2022-11-02,-0.03418859283623732
2022-11-03,-0.017430155557210725
2022-11-04,0.012711128973823094
2022-11-07,0.008485840760238617
2022-11-08,0.004879982105508773
2022-11-09,-0.025088409273188006
2022-11-10,0.07092636093978832
2022-11-11,0.018646099622218415
2022-11-14,-0.011289009113619741
2022-11-15,0.014382255551813827
2022-11-16,-0.015504654036236687
2022-11-17,-0.003466424155320169
2022-11-18,9.865940625530811e-05
2022-11-21,-0.010965079037978498
2022-11-22,0.013505402026778413
2022-11-23,0.009876437115273973
2022-11-25,-0.0052381780491419505
2022-11-28,-0.015879437663022244
2022-11-29,-0.005965514044760312
2022-11-30,0.04314088399466165
2022-12-01,0.0012592517444325324
2022-12-02,-0.0018262069919625645
2022-12-05,-0.019520048171958848
2022-12-06,-0.020225582696422606
2022-12-07,-0.005128006230577853
2022-12-08,0.011202214770523966
2022-12-09,-0.007006975173162289
2022-12-12,0.012562731024909013
2022-12-13,0.010095314375199393
2022-12-14,-0.007661984528255061
2022-12-15,-0.03279057172382238
2022-12-16,-0.00977144865649926
2022-12-19,-0.014999724050845487
2022-12-20,0.00010241036601854603
2022-12-21,0.015267148063893288
2022-12-22,-0.022020677622856866
2022-12-23,0.002073067836915854
2022-12-27,-0.013872866760854308
2022-12-28,-0.013608776395688693
2022-12-29,0.02559657826242301
2022-12-30,-0.0011085809845443606
2023-01-03,-0.007624670589333249
2023-01-04,0.006886738466320708
2023-01-05,-0.014787355875258257
2023-01-06,0.025300103602832635
2023-01-09,0.006258972376727456
2023-01-10,0.010008324692011072
2023-01-11,0.017444146704118424
2023-01-12,0.00633115843548282
2023-01-13,0.007070647983038469
2023-01-17,0.0014386221235831442
2023-01-18,-0.012525089706514336
2023-01-19,-0.009605181191135514
2023-01-20,0.02620657384428071
2023-01-23,0.019905750591513893
2023-01-24,-0.002655717700738691
2023-01-25,-0.0018464789239747148
2023-01-26,0.017441238222657418
2023-01-27,0.009449299770864172
2023-01-30,-0.01980470954087643
2023-01-31,0.016602109174694846
2023-02-01,0.019809356293377434
2023-02-02,0.032021534976635735
2023-02-03,-0.016017523139293388
2023-02-06,-0.010002426875040271
2023-02-07,0.018861238124653568
2023-02-08,-0.016922472471224026
2023-02-09,-0.010205906715695434
2023-02-10,-0.006079725405594871
2023-02-13,0.014711877608284851
2023-02-14,0.005732073576014685
2023-02-15,0.009191579584129528
2023-02-16,-0.01795216618545936
2023-02-17,-0.005799640502461401
2023-02-21,-0.02534286690877252
2023-02-22,0.0012844273358698644
2023-02-23,0.007215546735654499
2023-02-24,-0.017007768044264182
2023-02-27,0.006302206872446092
2023-02-28,-0.0009981826067946287
2023-03-01,-0.006661684544360114
2023-03-02,0.0073109786335088245
2023-03-03,0.01952631079965883
2023-03-06,-0.0011358591619128333
2023-03-07,-0.012532243281915711
2023-03-08,0.003953027693453848
2023-03-09,-0.02074323871327799
2023-03-10,-0.017748193576544224
2023-03-13,0.0044742819604817186
2023-03-14,0.021162805119773864
2023-03-15,0.0005160845538085823
2023-03-16,0.02446896996526604
2023-03-17,-0.007432901114711399
2023-03-20,0.00386426098368986
2023-03-21,0.01568463953485555
2023-03-22,-0.01616268268931975
2023-03-23,0.01001318214648883
2023-03-24,0.0030967804468247095
2023-03-27,-0.00467263045780264
2023-03-28,-0.004493083609320436
2023-03-29,0.017778770369684338
2023-03-30,0.00728746324594276
2023-03-31,0.01720175796475587
2023-04-03,-0.002659415911370644
2023-04-04,-0.005191711576205904
2023-04-05,-0.010734149787021252
2023-04-06,0.007564934481418817
2023-04-10,-0.00029782903379249603
2023-04-11,-0.004352299619062805
2023-04-12,-0.00855888524807824
2023-04-13,0.0196664313548105
2023-04-14,-0.0035241093804003754
2023-04-17,0.002821115726769463
2023-04-18,-0.0003545347648117314
2023-04-19,0.00031429139119687477
2023-04-20,-0.008066422335643253
2023-04-21,0.0010691514514267197
2023-04-24,-0.002924951287969435
2023-04-25,-0.019973515181510137
2023-04-26,0.004666500136623952
2023-04-27,0.023995446040325774
2023-04-28,0.0069219748367999046
2023-05-01,-0.0011441030716881073
2023-05-02,-0.010874782924142679
2023-05-03,-0.004578125818030188
2023-05-04,-0.00491250984067193
2023-05-05,0.022231464425658487
2023-05-08,0.0017564495567707894
2023-05-09,-0.006332369330852572
2023-05-10,0.010364437760742362
2023-05-11,0.001791709881000969
2023-05-12,-0.0035565865855051726
2023-05-15,0.006529020284478548
2023-05-16,-0.0017937452820984134
2023-05-17,0.012681132458521205
2023-05-18,0.014948586407163234
2023-05-19,-0.002441297634751649
2023-05-22,0.004955341242114386
2023-05-23,-0.012699832981432735
2023-05-24,-0.006076412053298341
2023-05-25,0.016990922901229055
2023-05-26,0.02162606379505938
2023-05-30,0.0032115647140251724
2023-05-31,-0.006329966459798442
2023-06-01,0.012727834151334605
2023-06-02,0.010613598166369087
2023-06-05,-0.0008568008385587689
2023-06-06,0.0035456538308551444
2023-06-07,-0.013003287629283378
2023-06-08,0.010144490496863057
2023-06-09,0.0015563730524270625
2023-06-12,0.015177853686278553
2023-06-13,0.008241171164447891
2023-06-14,0.00390886862479789
2023-06-15,0.011407918830737884
2023-06-16,-0.006788659887554616
2023-06-20,-0.0016288622361884109
2023-06-21,-0.012152740014741426
2023-06-22,0.009465375122207575
2023-06-23,-0.01018260164469531
2023-06-26,-0.011684753957263538
2023-06-27,0.016354235105268344
2023-06-28,0.0026580868069423502
2023-06-29,-3.089582739335128e-05
2023-06-30,0.014360745624172111
2023-07-03,0.002090197024493534
2023-07-05,-0.0018196729568238368
2023-07-06,-0.008198627743427167
2023-07-07,-0.001340195773421371
2023-07-10,0.001810909653066517
2023-07-11,0.0054812664690935264
2023-07-12,0.011435219167262645
2023-07-13,0.015654609250177032
2023-07-14,-0.0017605752149805198
2023-07-17,0.00925650095096131
2023-07-18,0.007601072432210643
2023-07-19,0.0003050943743136969
2023-07-20,-0.020739390705699634
2023-07-21,-0.0021711192088940123
2023-07-24,0.001855393101514835
2023-07-25,0.006076545848761938
2023-07-26,-0.001222368202567381
2023-07-27,-0.0054774493381941625
2023-07-28,0.018793655065515225
2023-07-31,0.002048614127367898
2023-08-01,-0.004338779250387503
2023-08-02,-0.021974625371280254
2023-08-03,-0.0009830942849831104
2023-08-04,-0.003622635897704285
2023-08-07,0.006103893165693819
2023-08-08,-0.007897109152592563
2023-08-09,-0.011758360733580275
2023-08-10,0.0011631973230930015
2023-08-11,-0.006802872509672042
2023-08-14,0.010460455455641338
2023-08-15,-0.011472323526824368
2023-08-16,-0.011541614897787156
2023-08-17,-0.011772514864462735
2023-08-18,-0.001965552279370897
2023-08-21,0.015440557092084362
2023-08-22,0.0006132750180150026
2023-08-23,0.015805297863145995
2023-08-24,-0.018912503881361786
2023-08-25,0.009364876634498032
2023-08-28,0.008388121700637186
2023-08-29,0.017261872808711942
2023-08-30,0.005403554782029474
2023-08-31,0.0011164184765419805
2023-09-01,-0.00022518837875296072
2023-09-05,-0.0007742108536312742
2023-09-06,-0.010646372630263912
2023-09-07,-0.008952545687613167
2023-09-08,0.0009233027886530465
2023-09-11,0.011297999643261392
2023-09-12,-0.010420569666450774
2023-09-13,0.002898410849430988
2023-09-14,0.00810829401511981
2023-09-15,-0.015757489939977276
2023-09-18,0.00013933303095825522
2023-09-19,-0.0023403910731367716
2023-09-20,-0.01540223325055834
2023-09-21,-0.018368508099801062
2023-09-22,-0.0009207895265817001
2023-09-25,0.004494245402149488
2023-09-26,-0.01577481033551109
2023-09-27,0.0022357207386178857
2023-09-28,0.008247565459463146
2023-09-29,0.0013656042229133192
2023-10-02,0.006668620421800497
2023-10-03,-0.018834519788315518
2023-10-04,0.01342760770957696
2023-10-05,-0.0012231469205090661
2023-10-06,0.01587278959760141
2023-10-09,0.003930842923496769
2023-10-10,0.0058120751228720735
2023-10-11,0.007114716338779914
2023-10-12,-0.006276019467433613
2023-10-13,-0.012378236809595933
2023-10-16,0.011918490887930844
2023-10-17,-0.0025260738971386587
2023-10-18,-0.016347934715318146
2023-10-19,-0.009669343186969215
2023-10-20,-0.015466124124509761
2023-10-23,0.0026552067299370208
2023-10-24,0.009292758124782807
2023-10-25,-0.024549539026553546
2023-10-26,-0.017753220983616202
2023-10-27,0.00375610628232792
2023-10-30,0.011518519909310854
2023-10-31,0.004817328325243508
2023-11-01,0.016226331029161045
2023-11-02,0.017660475993819702
2023-11-03,0.01375239119055749
2023-11-06,0.0030003288922006988
2023-11-07,0.008916564124319848
2023-11-08,0.0007731550487939387
2023-11-09,-0.009492241426999115
2023-11-10,0.02025432391159221
2023-11-13,-0.0022034603561866817
2023-11-14,0.023447936669747094
2023-11-15,0.0006709615985780459
2023-11-16,0.0006967360765930408
2023-11-17,0.0008364662109343612
2023-11-20,0.011196860697877398
2023-11-21,-0.005936563472467071
2023-11-22,0.004628705742501182
2023-11-24,-0.0010527682607470723
2023-11-27,-0.000690026931298604
2023-11-28,0.0028566824892113374
2023-11-29,-0.0016306469919609157
2023-11-30,-0.0022658136005535567
2023-12-01,0.005524521170196195
2023-12-04,-0.0083916150652108
2023-12-05,0.0031264706776887863
2023-12-06,-0.005864012936241281
2023-12-07,0.013570068705602623
2023-12-08,0.004451689880871967
2023-12-11,0.001978087265273487
2023-12-12,0.00696754439860392
2023-12-13,0.013705555086399812
2023-12-14,0.0018714447393222144
2023-12-15,0.00354079846995603
2023-12-18,0.00611667681406125
2023-12-19,0.00658087568622534
2023-12-20,-0.015129269160858883
2023-12-21,0.012503079417648166
2023-12-22,0.0019427695764626662
2023-12-26,0.005427832550990885
2023-12-27,0.0016311781238069756
2023-12-28,-0.0002676025938299631
2023-12-29,-0.005566258801245283
2024-01-02,-0.016483349279244663
2024-01-03,-0.01183538434091247
2024-01-04,-0.005629093380470351
2024-01-05,0.0009485660470289758
2024-01-08,0.02177292235811734
2024-01-09,0.0009387027817790994
2024-01-10,0.007505924353859328
2024-01-11,3.607494547530621e-05
2024-01-12,0.00017161541712162887
2024-01-16,-0.001899258677296345
2024-01-17,-0.005955023123457082
2024-01-18,0.01337510925099572
2024-01-19,0.01681618511449834
2024-01-22,0.0032160632062154804
2024-01-23,0.004264925529250618
2024-01-24,0.003622350609949976
2024-01-25,0.0018443275032034023
2024-01-26,-0.0035613224428168166
2024-01-29,0.011110847705335658
2024-01-30,-0.007588184297704359
2024-01-31,-0.02255371324545763
2024-02-01,0.012948628313043997
2024-02-02,0.017251506203251665
2024-02-05,-0.0020028109586398557
2024-02-06,0.0007255057641444296
2024-02-07,0.00941417044197479
2024-02-08,0.0023499156122070985
2024-02-09,0.012393054532285674
2024-02-12,-0.0030131883404180826
2024-02-13,-0.018162967716243372
2024-02-14,0.012917989948267206
2024-02-15,0.002960433902636339
2024-02-16,-0.008239442579924372
2024-02-20,-0.00922557206460084
2024-02-21,-0.003198177486089193
2024-02-22,0.029142714923542812
2024-02-23,-0.0027966301283974815
2024-02-26,-0.0012867275577281845
2024-02-27,0.003689285400060527
2024-02-28,-0.0054753887658947065
2024-02-29,0.009000136707943085
2024-03-01,0.011309250047782271
2024-03-04,-0.004151827249440743
2024-03-05,-0.01666875883106478
2024-03-06,0.005752092539472287
2024-03-07,0.014972602455950224
2024-03-08,-0.011636615575028486
2024-03-11,-0.004101677893192601
2024-03-12,0.01526254253088588
2024-03-13,-0.005416837149185838
2024-03-14,-0.00304827827623555
2024-03-15,-0.00967933558567502
2024-03-18,0.008123112057246473
2024-03-19,0.003925593651015191
2024-03-20,0.012455218210947194
2024-03-21,0.001979155392959342
2024-03-22,0.0016436145173734928
2024-03-25,-0.002703150766508955
2024-03-26,-0.004206131485618769
2024-03-27,0.005124191128413003
2024-03-28,-0.0012239290623057286
2024-04-01,0.0010599197647422898
2024-04-02,-0.009582972492887976
2024-04-03,0.0022762706107108954
2024-04-04,-0.014129794417524266
2024-04-05,0.01235026692740604
2024-04-08,0.00033477013589866544
2024-04-09,0.0032357962750477753
2024-04-10,-0.00839240673388808
2024-04-11,0.016671194578158577
2024-04-12,-0.016378758257586057
2024-04-15,-0.01809589759259289
2024-04-16,-0.0012453143923973897
2024-04-17,-0.01153026009777669
2024-04-18,-0.005233859291836396
2024-04-19,-0.02069075922604746
2024-04-22,0.011017457331085723
2024-04-23,0.015752892729906876
2024-04-24,0.001025830374649317
2024-04-25,-0.0064480232914316815
2024-04-26,0.020047851617306378
2024-04-29,0.003458354565493593
2024-04-30,-0.020560174923435426
2024-05-01,-0.0033483279974841906
2024-05-02,0.01497682348529139
2024-05-03,0.01971294003161539
2024-05-06,0.011870096555387732
2024-05-07,-0.0010213896573016967
2024-05-08,-0.0018262308183913945
2024-05-09,0.0026647064055485004
2024-05-10,-0.00032977190139860113
2024-05-13,0.002894679980942172
2024-05-14,0.007473689545831164
2024-05-15,0.01390615571813214
2024-05-16,-0.002635729730487313
2024-05-17,-0.0007398455718305996
2024-05-20,0.006505142763929328
2024-05-21,0.002245187957067074
2024-05-22,-0.0018481263472480691
2024-05-23,-0.003906654665016163
2024-05-24,0.010979149578957959
2024-05-28,0.005839135093774317
2024-05-29,-0.0058514859164695565
2024-05-30,-0.010904015150558166
2024-05-31,-0.00012312026443872526
2024-06-03,0.005580473135502473
2024-06-04,0.0016850383781541467
2024-06-05,0.019436657343803176
2024-06-06,-0.0008603499612878096
2024-06-07,-0.0023312544717359884
2024-06-10,0.0034608800831570363
2024-06-11,0.008745778134118254
2024-06-12,0.015157577101675201
2024-06-13,0.003351919101024947
2024-06-14,0.0012060215472029512
2024-06-17,0.00946043982898459
2024-06-18,0.00029177194577023613
2024-06-20,-0.007904792464680455
2024-06-21,-0.0018203679009669571
2024-06-24,-0.010944125561159979
2024-06-25,0.01254217192728646
2024-06-26,0.0049269717853430706
2024-06-27,0.0030013353390927477
2024-06-28,-0.007084915631505595
2024-07-01,0.00823893137431142
2024-07-02,0.008324584798362622
2024-07-03,0.008810325587083057
2024-07-05,0.009001385967033926
2024-07-08,0.0027739584258874572
2024-07-09,0.0013872783591342142
2024-07-10,0.011768169699070796
2024-07-11,-0.019715265778534885
2024-07-12,0.006272279628706912
2024-07-15,0.004020566533787573
2024-07-16,0.001988515098910071
2024-07-17,-0.02807483330321503
2024-07-18,-0.007008990772892076
2024-07-19,-0.008106151521440452
2024-07-22,0.01570675688830825
2024-07-23,-0.0005677392657297275
2024-07-24,-0.03706954742075652
2024-07-25,-0.009308886828263141
2024-07-26,0.010200562586433648
2024-07-29,0.0007094178465330003
2024-07-30,-0.012908328893791676
2024-07-31,0.02601711232800774
2024-08-01,-0.02329560034310596
2024-08-02,-0.024610392103779688
2024-08-05,-0.03494265498212279
2024-08-06,0.010241738511856724
2024-08-07,-0.010505383553470082
2024-08-08,0.028259268803303428
2024-08-09,0.005105859454376471
2024-08-12,0.002106347397573316
2024-08-13,0.023964723109008546
2024-08-14,0.0002902969212499329
2024-08-15,0.02310731724165116
2024-08-16,0.0021132392992306848
2024-08-19,0.013802485930622055
2024-08-20,-0.0033524190038995982
2024-08-21,0.005711397999204948
2024-08-22,-0.016863349671451644
2024-08-23,0.014561400117445444
2024-08-26,-0.00853962138001485
2024-08-27,0.0016375594582722641
2024-08-28,-0.011259605363532543
2024-08-29,-0.0022581608104594864
2024-08-30,0.011194506902238999
2024-09-03,-0.03313472053816113
2024-09-04,-0.0030391073008129155
2024-09-05,0.0025347508314066403
2024-09-06,-0.025835238180480502
2024-09-09,0.011542469261140553
2024-09-10,0.008332649110933232
2024-09-11,0.021478646377831367
2024-09-12,0.009961435138672314
2024-09-13,0.006484500120562231
2024-09-16,-0.005207479706829332
2024-09-17,0.0020402898751754606
2024-09-18,-0.003111232505265349
2024-09-19,0.024767399967171144
2024-09-20,-0.0036516144843101728
2024-09-23,0.0014447300919240291
2024-09-24,0.005561920998893299
2024-09-25,0.00042544811249811687
2024-09-26,0.005959249836374525
2024-09-27,-0.0038942188861774696
2024-09-30,0.0038326929230869666
2024-10-01,-0.01544707624998054
2024-10-02,0.0008237516043312354
2024-10-03,-0.0003704244006321744
2024-10-04,0.012168284843376398
2024-10-07,-0.011865853934136084
2024-10-08,0.01434764802689159
2024-10-09,0.0059602968722796135
2024-10-10,-0.0005232375976351733
2024-10-11,0.003324982618787331
2024-10-14,0.00867136785245215
2024-10-15,-0.010163496149683482
2024-10-16,0.0028073348151274047
2024-10-17,0.00035542593462167815
2024-10-18,0.006290387913853834
2024-10-21,0.0027253369935600347
2024-10-22,0.002142242307664688
2024-10-23,-0.016449018967183093
2024-10-24,0.007567860802160098
2024-10-25,0.00558396764287572
2024-10-28,0.0026198764727674018
2024-10-29,0.0078090945813471535
2024-10-30,-0.005617292557495546
2024-10-31,-0.0279438490010655
2024-11-01,0.007968626237087051
2024-11-04,-0.0032915799658947975
2024-11-05,0.014156187609964732
2024-11-06,0.02909143550306048
2024-11-07,0.014952870316724542
2024-11-08,0.0008983428069964106
2024-11-11,0.0006209823382583579
2024-11-12,-0.0008999120844102038
2024-11-13,-0.0026318839531409566
2024-11-14,-0.00642023809200154
2024-11-15,-0.022628988109884673
2024-11-18,0.005961354963734067
2024-11-19,0.010358159242935372
2024-11-20,-0.0011240079467693675
2024-11-21,0.00033102452184863296
2024-11-22,0.001644744995116909
2024-11-25,0.0026900428092879736
2024-11-26,0.006249752120298879
2024-11-27,-0.005953775332228517
2024-11-29,0.008239075492083359
2024-12-02,0.009620431704490784
2024-12-03,0.003958406394087177
2024-12-04,0.012964726395351178
2024-12-05,-0.001767924389033837
2024-12-06,0.008064232150157835
2024-12-09,-0.006216741480439936
2024-12-10,-0.002508590344699968
2024-12-11,0.01750456282243995
2024-12-12,-0.006612857611765222
2024-12-13,0.0011991526850287926
2024-12-16,0.012327645085647987
2024-12-17,-0.0032187380621557793
2024-12-18,-0.03627432423655641
2024-12-19,-0.0010277150922579636
2024-12-20,0.010262161393740143
2024-12-23,0.00977605983340979
2024-12-24,0.01338093749345326
2024-12-26,-0.0005378818401844399
2024-12-27,-0.015013475124037612
2024-12-30,-0.01199949740175299
2024-12-31,-0.009072793498939191
2025-01-02,-0.0015547436772820333
2025-01-03,0.01752584663334744
2025-01-06,0.012323344610488007
2025-01-07,-0.019073327392673534
2025-01-08,-0.0005542328610488312
2025-01-10,-0.016420958971421484
2025-01-13,-0.003844803070778724
2025-01-14,-0.002292480939427577
2025-01-15,0.02421761843330117
2025-01-16,-0.008903201414792505
2025-01-17,0.014982137074960988
2025-01-21,0.006427531061296676
2025-01-22,0.012702468748173601
2025-01-23,0.0022135057403449565
2025-01-24,-0.004967964365127031
2025-01-27,-0.031174585977950642
2025-01-28,0.020052139844207062
2025-01-29,-0.005145048304205702
2025-01-30,0.002514606763098115
2025-01-31,-0.002763251147539947
2025-02-03,-0.01206996376411773
2025-02-04,0.013423278170909825
2025-02-05,0.0019473501029718676
2025-02-06,0.005048098440102677
2025-02-07,-0.013663556084043904
2025-02-10,0.009728949069707227
2025-02-11,-0.0035779257459598313
2025-02-12,0.0003099645474282653
2025-02-13,0.014935850395989547
2025-02-14,0.004059250734847808
2025-02-18,0.0007232816417968024
2025-02-19,0.000747689078997027
2025-02-20,-0.004692356818072341
2025-02-21,-0.022203490847513052
2025-02-24,-0.012217329979725022
2025-02-25,-0.013600652541899905
2025-02-26,0.002565199508239857
2025-02-27,-0.02822326423379984
2025-02-28,0.01619963813026004
2025-03-03,-0.026728670225256934
2025-03-04,-0.0035500884182120274
2025-03-05,0.014527162852122188
2025-03-06,-0.02640483436141139
2025-03-07,0.007001779904527439
2025-03-10,-0.040824946287967734
2025-03-11,-0.0018462253404738505
2025-03-12,0.01210516934194139
2025-03-13,-0.019767455295314207
2025-03-14,0.025735441849176866
2025-03-17,0.0030689615021888272
2025-03-18,-0.017248631918485913
2025-03-19,0.01399373646236235
2025-03-20,-0.003338274203285252
2025-03-21,0.00521033714829322
2025-03-24,0.022492433713106053
2025-03-25,0.0045676714253133355
2025-03-26,-0.020616200686131236
2025-03-27,-0.005321139881685255
2025-03-28,-0.02739026211519935
2025-03-31,-0.0013691285529837671
2025-04-01,0.008667974714338555
2025-04-02,0.008625223021553552
2025-04-03,-0.061535682355122745
2025-04-04,-0.05993500339669389
2025-04-07,0.0009919337712460674
2025-04-08,-0.02172660134366211
2025-04-09,0.1147844229625985
2025-04-10,-0.044030385188838395
2025-04-11,0.020365086361595175
2025-04-14,0.00637859583840239
2025-04-15,-0.0004938721363885179
2025-04-16,-0.031152813505196164
2025-04-17,-0.0012707990002471803
2025-04-21,-0.025846217431704233
2025-04-22,0.026703601241074182
2025-04-23,0.02469981640865271
2025-04-24,0.02704227289949479
2025-04-25,0.012556275157592722
2025-04-28,-0.0009674270367412419
2025-04-29,0.005466359836987067
2025-04-30,-0.0008582912519816688
2025-05-01,0.015041372884846638
2025-05-02,0.014962547298637219
2025-05-05,-0.007453015547403297
2025-05-06,-0.008700483287599425
2025-05-07,0.0027379629833443886
2025-05-08,0.010653320438434477
2025-05-09,4.346685775402648e-05
2025-05-12,0.04255435818867426
2025-05-13,0.016000477230360133
2025-05-14,0.007166268058307779
2025-05-15,-0.0018029810371285038
2025-05-16,0.005155047009228753
2025-05-19,0.0002269954990339329
2025-05-20,-0.00379319887644769
2025-05-21,-0.014208725951210255
2025-05-22,0.0028096253383562697
2025-05-23,-0.010011476301874822
2025-05-27,0.024355099856634865
2025-05-28,-0.005129016344575632
2025-05-29,0.003915153115720216
2025-05-30,-0.003243679803581756
2025-06-02,0.0067180652603049396
2025-06-03,0.008092446269296616
2025-06-04,0.0031667636283820855
2025-06-05,-0.008361527018207582
2025-06-06,0.01192440339640477
2025-06-09,0.0031333947985157096
2025-06-10,0.006296732472312883
2025-06-11,-0.005039785899507265
2025-06-12,0.0023732856317266737
2025-06-13,-0.013087701730480461
2025-06-16,0.015055032772071542
2025-06-17,-0.00918469117772247
2025-06-18,0.0012890398219589372
2025-06-20,-0.005070544129296195
2025-06-23,0.009394549768279248
2025-06-24,0.01424068946903212
2025-06-25,0.0030597908776197613
2025-06-26,0.009683797714934883
2025-06-27,0.005219952640825198
2025-06-30,0.004737310627437097
2025-07-01,-0.00822430395968432
2025-07-02,0.009372427149916263
2025-07-03,0.01014633190006009
2025-07-07,-0.00919603834274696
2025-07-08,0.00029102442428374786
2025-07-09,0.009401962641790718
2025-07-10,0.0009369241992782662
2025-07-11,-0.00218995875217054
2025-07-14,0.002658565005475566
2025-07-15,0.0018137661417920725
2025-07-16,0.002544875930357904
2025-07-17,0.007456764268427563
2025-07-18,0.0004786830473886283
2025-07-21,0.0037511204994142844
2025-07-22,-0.003892831680859743
2025-07-23,0.006075983773740745
2025-07-24,0.0018033858141510706
2025-07-25,0.0023886099248375814
2025-07-28,0.003323006871104539
2025-07-29,-0.003798347124085666
2025-07-30,0.0014862600943246207
2025-07-31,-0.0003417912919942978
2025-08-01,-0.022614762508604613
2025-08-04,0.0193489642348883
2025-08-05,-0.006529871647799723
2025-08-06,0.012016934830931802
2025-08-07,0.0034555863408520793
2025-08-08,0.009712285759821526
2025-08-11,-0.0030170914519320746
2025-08-12,0.013769364654526939
2025-08-13,0.0014398069014660564
2025-08-14,-0.00011379485570550685
2025-08-15,-0.004047181441130476
2025-08-18,0.000313925128725856
2025-08-19,-0.014661917061495444
2025-08-20,-0.006688524457612033
2025-08-21,-0.0034323851031512476
2025-08-22,0.018604190103641116
2025-08-25,-0.0022004474533705576
2025-08-26,0.004418365279526881
2025-08-27,0.002126891772762818
2025-08-28,0.005313269558858025
2025-08-29,-0.011566637918996037
2025-09-02,-0.008233072088406956
2025-09-03,0.010197052479684388
2025-09-04,0.009719180488113821
2025-09-05,-0.00033628892043324754
2025-09-08,0.0045200376136378395
2025-09-09,0.0036993798861502114
2025-09-10,0.00030025042217296516
2025-09-11,0.007148351498825534
2025-09-12,0.004437311276676681
2025-09-15,0.009334798849961246
2025-09-16,-0.0006619590767762418
2025-09-17,-0.003257336007463252
2025-09-18,0.009362063698578282
2025-09-19,0.00712871843265539
2025-09-22,0.006935228222120671
2025-09-23,-0.009501752284814202
2025-09-24,-0.0033551882726996496
2025-09-25,-0.005042510925026278
2025-09-26,0.004429417488275078
2025-09-29,0.0047511815976761795
2025-09-30,0.003043432606499863
2025-10-01,0.00419025316920596
2025-10-02,0.003898784025908597
2025-10-03,-0.002785388218304874
2025-10-06,0.0070495687114870975
2025-10-07,-0.006705052395822975
2025-10-08,0.011128711895381116
2025-10-09,-0.0008140139040442307
2025-10-10,-0.036272745400077966
2025-10-13,0.021835619372694737
2025-10-14,-0.007648169631027102
2025-10-15,0.006566742663874692
2025-10-16,-0.004755029458653581
2025-10-17,0.005191219715838358
2025-10-20,0.013600599085467735
2025-10-21,-0.0016049530225537012
2025-10-22,-0.009334737677512805
2025-10-23,0.008817512744080602
2025-10-24,0.011401525163437398
2025-10-27,0.018470648016132074
2025-10-28,0.00800718456431504
2025-10-29,0.005481978145875033
2025-10-30,-0.015874677627817135
2025-10-31,0.006080431523864505
2025-11-03,0.004615672632901635
2025-11-04,-0.02060460558211119
2025-11-05,0.006453178645104529
2025-11-06,-0.019153077139687724
2025-11-07,-0.002147319579304252
2025-11-10,0.02246437319061556
2025-11-11,-0.0025053125561118605
2025-11-12,-0.0026385149431682464
2025-11-13,-0.02317037096444885
2025-11-14,0.0013209458690166542
2025-11-17,-0.008442285918061287
2025-11-18,-0.012193996661489237
2025-11-19,0.005839544810037012
2025-11-20,-0.02178199215065213
2025-11-21,0.008794840185940345
2025-11-24,0.02653510412523552
2025-11-25,0.006692317360050382
2025-11-26,0.008179045041631028
2025-11-28,0.006483439271448788
2025-12-01,-0.0038493372462404807
2025-12-02,0.005900690074341242
2025-12-03,0.0017248501783857506
2025-12-04,0.0021742605597196984
2025-12-05,0.003100476689272824
2025-12-08,-0.0013678996860306825
2025-12-09,0.0012983147773777404
2025-12-10,0.003288552736563588
2025-12-11,-0.002552109544861736
2025-12-12,-0.01704241822568342
2025-12-15,-0.005956864363040992
2025-12-16,0.0023414393578722326
2025-12-17,-0.018258017145948102
2025-12-18,0.013700050453447687
2025-12-19,0.013009636585010753
2025-12-22,0.005187009766114414
2025-12-23,0.005661128946444549
2025-12-24,0.0021821116889899628
2025-12-26,-0.0008562794191711021
2025-12-29,-0.005045960804586969
2025-12-30,-0.002357240970038532
2025-12-31,-0.007590511440415781
2026-01-02,-0.0002736532072873388
2026-01-05,0.006870473863578752
2026-01-06,0.006448252786835695
2026-01-07,0.0015747185067969127
2026-01-08,-0.0044305317945543266
2026-01-09,0.008115612833512031
2026-01-12,0.0026389827097847984
2026-01-13,-0.0010130414295748125
2026-01-14,-0.010093810542736392
2026-01-15,0.002479462440808433
2026-01-16,-0.0006219058000738187
2026-01-20,-0.02414895929559968
2026-01-21,0.011715380155568056
2026-01-22,0.009052587212670105
2026-01-23,0.002779060619499063
2026-01-26,0.0042511153199402685
2026-01-27,0.009099482674550075
2026-01-28,0.0016927111006275197
2026-01-29,-0.007249538206147932
2026-01-30,-0.009472534183945669
2026-02-02,0.0055378752142996035
2026-02-03,-0.014383998195301118
2026-02-04,-0.015191415438636113
2026-02-05,-0.016019216948970794
2026-02-06,0.021532616298262752
2026-02-09,0.008967404745515495
2026-02-10,-0.005878129415048505
2026-02-11,-0.0015594902633466745
2026-02-12,-0.020556268972196534
2026-02-13,-0.0022364296792289906
2026-02-17,0.0014054695638456849
2026-02-18,0.007731881574221333
2026-02-19,-0.0031208682253129894
2026-02-20,0.008924579532417098
2026-02-23,-0.011372646855226876
2026-02-24,0.010393816291662361
2026-02-25,0.012535017062257126
2026-02-26,-0.011892231310788759
2026-02-27,-0.009228853588943764
2026-03-02,0.0035514629945332388
2026-03-03,-0.010258219057950768
2026-03-04,0.012831785165596798
2026-03-05,-0.0025678137753430974
2026-03-06,-0.01600996551276168
2026-03-09,0.013675666453368152
2026-03-10,5.068576158429039e-05
2026-03-11,0.000838136856490479
2026-03-12,-0.01795150771333809
2026-03-13,-0.009303690174975898
2026-03-16,0.012087516697604883
2026-03-17,0.004697484577482314
2026-03-18,-0.014658343979611743
2026-03-19,-0.0027905140339274936
2026-03-20,-0.020261201168080945
2026-03-23,0.013724482872769173
2026-03-24,-0.008459206192805269
2026-03-25,0.007687065158274109
2026-03-26,-0.024078944202841512
2026-03-27,-0.02170809266313789
2026-03-30,-0.007365040598763528
2026-03-31,0.03756417283310043
2026-04-01,0.011527148249085073
2026-04-02,0.001748873091209191
2026-04-06,0.005340583358103501
2026-04-07,0.0009774014973196188
2026-04-08,0.027643479172834162
2026-04-09,0.008246433266359432
2026-04-10,0.0035197480449831176
2026-04-13,0.012188050234088976
2026-04-14,0.019450097001719513
2026-04-15,0.015819810154848568
2026-04-16,0.003602746852312322
2026-04-17,0.015061942801738226
2026-04-20,-0.0026227180459557076
2026-04-21,-0.005935766404931542
2026-04-22,0.016256672054556276
2026-04-23,-0.008924207783937987
2026-04-24,0.01615859833819755
2026-04-27,0.002031225277141502
2026-04-28,-0.009012967997612975
2026-04-29,0.00038265177829366337
2026-04-30,0.008839677378990274
2026-05-01,0.008884015346803054
2026-05-04,-0.0018587725492267282
2026-05-05,0.010252517815368734
2026-05-06,0.02004593222397766
2026-05-07,-0.0012678923748836723
2026-05-08,0.016940004869983483
2026-05-11,0.0010300898688004878
2026-05-12,-0.007101762729146088
2026-05-13,0.011969561798746753
2026-05-14,0.008781789871788348
2026-05-15,-0.015515910023943036
2026-05-18,-0.005138419725401633
2026-05-19,-0.00846861981622915
2026-05-20,0.015329806681053881
2026-05-21,0.0008652488338132258
2026-05-22,0.0019329004933705818
2026-05-26,0.011781573955000013
2026-05-27,0.0006956859331221921
2026-05-28,0.009058851439570859
2026-05-29,0.002046701236210424
2026-06-01,0.00422466817533973
2026-06-02,0.0002617109915252769
2026-06-03,-0.008894566377374957
2026-06-04,-0.000857578757013755
2026-06-05,-0.04269864106550081
2026-06-08,0.008529654750070392
2026-06-09,-0.009720953485484074
2026-06-10,-0.02003359574845831
2026-06-11,0.025115902477642393
2026-06-12,0.0030631352712582327
2026-06-15,0.03024988403149287
2026-06-16,-0.011594475542754168
2026-06-17,-0.013538116135805467
2026-06-18,0.018891822054950325
2026-06-22,-0.013337322770219373
2026-06-23,-0.022397836759848744
2026-06-24,-0.004323958249070614
2026-06-25,-0.00464407081519802
2026-06-26,-0.002407621402133131
2026-06-29,0.02044454557140085
2026-06-30,0.015128132884690615
2026-07-01,-0.006648022236026563
2026-07-02,-0.007994975493843981
2026-07-06,0.011105752899437604
2026-07-07,-0.011647092730976638
2026-07-08,0.0020105095232345604
2026-07-09,0.012913240532970605
2026-07-10,0.002847054134551996
2026-07-13,-0.015662532407821672
2026-07-14,0.008996952795572
2026-07-15,0.0061944584459379115
2026-07-16,-0.014852525742844236
2026-07-17,-0.014073912362988494
2026-07-20,-0.0004769870675822574
2026-07-21,0.012820852296258067
2026-07-22,-0.005678878433892365
2026-07-23,-0.02176856705608543
2026-07-24,-0.006460122403101565
2026-07-27,-0.0017528385378575706
2026-07-28,-0.002215260505263217
2026-07-29,-0.01759867100338397
2026-07-30,0.0274097095407555
2026-07-31,0.009967991908313323
2026-08-03,0.02106041861204133
2026-08-04,0.02556726026515932
2026-08-05,-0.008368598485471779
2026-08-06,-0.0005725415293458269
2026-08-07,0.01290652101750922
2026-08-10,-0.0031994848666325737
2026-08-11,-0.006028584475934906
2026-08-12,0.0053943329105976545
2026-08-13,0.008036490403442897
2026-08-14,-0.0027598044565380064
2026-08-17,-0.0031569662751742555
2026-08-18,-0.01342050033168718
2026-08-19,0.0015727208314846308
2026-08-20,-0.010073699199999453
2026-08-21,0.004336701638589346
2026-08-24,-0.00767906331721413
2026-08-25,0.0065646288586638235
2026-08-26,-0.0008072287002409695
2026-08-27,0.015612175866847267
2026-08-28,-0.005248209850430285
2026-08-31,-0.0011948956887355422
2026-09-01,-0.010334289900706395
2026-09-02,0.004513232570188208
2026-09-03,0.0138720919784312
2026-09-04,-0.0029033279810199986
2026-09-08,-0.003233808392959503
2026-09-09,-0.006381459156827418
2026-09-10,-0.006558500324599592
2026-09-11,0.009589676132133462
2026-09-14,-0.005583809023461228
2026-09-15,-0.007853127326066911
2026-09-16,-0.00012088625880934956
2026-09-17,0.016790415116844315
2026-09-18,0.003937920753106283
