date,logret
2002-07-31,0.012314036571263731
2002-08-01,0.005678205991804575
2002-08-02,0.010188996592481736
2002-08-05,0.004403614700200453
2002-08-06,-0.008586395412109926
2002-08-07,0.0023928396998140755
2002-08-08,0.0
2002-08-09,0.013999004633623358
2002-08-12,0.0061077185549818225
2002-08-13,0.012220598110337821
2002-08-14,0.0038098653924385495
2002-08-15,-0.0087976062077737
2002-08-16,-0.011222441942594585
2002-08-19,0.0030518556411482933
2002-08-20,0.011073678983624102
2002-08-21,-0.005345778483964558
2002-08-22,-0.008779756140807837
2002-08-23,0.009827294005847254
2002-08-26,0.0009313999047044774
2002-08-27,-0.006301290864414
2002-08-28,0.005020392220029812
2002-08-29,0.00800308040058173
2002-08-30,0.005989432592959254
2002-09-03,0.015257630695957758
2002-09-04,-0.0002280297433872036
2002-09-05,0.005437749153933691
2002-09-06,-0.011819289636794128
2002-09-09,-0.0014882294876885638
2002-09-10,0.004797234843361586
2002-09-11,-0.005255060345835005
2002-09-12,0.0077597189211271456
2002-09-13,0.009164976152475912
2002-09-16,0.0016885136205910811
2002-09-17,0.0019102019415000449
2002-09-18,0.00022380016087808485
2002-09-19,0.0067102332066233394
2002-09-20,-0.0046923336387307835
2002-09-23,0.00891900858597916
2002-09-24,0.006415567841167036
2002-09-25,-0.01220465416179728
2002-09-26,-0.0023456701625428344
2002-09-27,0.007467998067405279
2002-09-30,0.003991008214289327
2002-10-01,-0.012480361028379239
2002-10-02,0.005716904670781009
2002-10-03,-0.0024618796123374587
2002-10-04,0.0031323300749486194
2002-10-07,0.0016748879201062827
2002-10-08,0.00033396411453878727
2002-10-09,0.0051161365543861415
2002-10-10,-0.007906885012663789
2002-10-11,-0.011922944534933144
2002-10-14,-0.0014720512631285487
2002-10-15,-0.02396706551112837
2002-10-16,0.00046388077968551045
2002-10-17,-0.01225578740410338
2002-10-18,0.0025797929014523824
2002-10-21,-0.009769098188237901
2002-10-22,-0.0028436771128945715
2002-10-23,0.0003558121666236147
2002-10-24,0.008737337017899804
2002-10-25,0.003637197936537273
2002-10-28,-0.0014061784576036018
2002-10-29,0.012935605808552353
2002-10-30,-0.0003490139487296595
2002-10-31,0.004507601771960079
2002-11-01,-0.004189325092804896
2002-11-04,-0.004430207629728233
2002-11-05,-0.0038622869362505696
2002-11-06,0.0039798240308153154
2002-11-07,0.024461814396052883
2002-11-08,0.008060313585082746
2002-11-11,0.005412756960666343
2002-11-12,-0.0057515833246770676
2002-11-13,0.0021466608982141366
2002-11-14,-0.02098644081142531
2002-11-15,0.004025831404467439
2002-11-18,0.0044667987432145395
2002-11-19,0.003650456596685725
2002-11-20,-0.009840726786336962
2002-11-21,-0.009706639788749971
2002-11-22,-0.0009293891237756036
2002-11-25,-0.0018612729936169359
2002-11-26,0.01249730190614251
2002-11-27,-0.02279735377645853
2002-11-29,0.006449272803159101
2002-12-02,0.0009279528479591015
2002-12-03,0.0014068348802789288
2002-12-04,0.00514229564720603
2002-12-05,0.002559916214245561
2002-12-06,0.0017422554471480112
2002-12-09,0.005554370633867212
2002-12-10,0.0026514188546484796
2002-12-11,0.006653986241892618
2002-12-12,-0.0009155057893956986
2002-12-13,-0.009775279446552432
2002-12-16,-0.007539506936283136
2002-12-17,0.0
2002-12-18,0.007770983957410937
2002-12-19,0.00885718876586239
2002-12-20,0.0006866136595622407
2002-12-23,0.00022912718139345145
2002-12-24,0.005590871630916983
2002-12-26,0.0019319434220763654
2002-12-27,0.010954572208685232
2002-12-30,0.0023561824442497326
2002-12-31,-0.002525190533282373
2003-01-02,-0.02619572520001201
2003-01-03,0.002315292559821991
2003-01-06,-0.002662865770989953
2003-01-07,0.003587226964500978
2003-01-08,0.004955834241890944
2003-01-09,-0.019384709172831638
2003-01-10,0.0025761541133753063
2003-01-13,0.0016354501449433734
2003-01-14,0.003494446618043323
2003-01-15,0.00487285039322094
2003-01-16,0.0013887402878793864
2003-01-17,0.004957229453575351
2003-01-21,0.00573317702556686
2003-01-22,0.004905911426956067
2003-01-23,-0.004905911426956067
2003-01-24,0.005928264244623449
2003-01-27,-0.003643618745061694
2003-01-28,0.0
2003-01-29,-0.005491374406800809
2003-01-30,0.007428867173001841
2003-01-31,0.00272957182051492
2003-02-03,0.0014571606782278756
2003-02-04,0.004428803532252612
2003-02-05,-0.008647291915139022
2003-02-06,0.008080051391692766
2003-02-07,0.0022651058825498005
2003-02-10,-0.0070368663235891304
2003-02-11,-0.00022770314192310792
2003-02-12,0.003524988611945279
2003-02-13,0.005434664597828043
2003-02-14,-0.008617584000390366
2003-02-18,0.0012514437402124656
2003-02-19,0.0068010142384049566
2003-02-20,0.003382424430982578
2003-02-21,-0.005870656132267005
2003-02-24,0.004745573019991678
2003-02-25,0.004611264446725549
2003-02-26,0.006931173776862032
2003-02-27,0.0016703648198346244
2003-02-28,0.006319819073128841
2003-03-03,0.0012194713488620224
2003-03-04,0.0006643860276263069
2003-03-05,0.0033170123472934243
2003-03-06,-0.0038706367124010654
2003-03-07,0.0034296037656047496
2003-03-10,0.0051763303555070195
2003-03-11,-0.0017589158702051577
2003-03-12,0.003624351211070742
2003-03-13,-0.018592231169411555
2003-03-14,0.004903310104736658
2003-03-17,-0.01207893989656661
2003-03-18,-0.009495439009341133
2003-03-19,-0.007410295335862571
2003-03-20,-0.0016033842752740668
2003-03-21,-0.013849629506870187
2003-03-24,0.01568116497819272
2003-03-25,-0.0011437085737990849
2003-03-26,0.002058511102901228
2003-03-27,0.000685165115833275
2003-03-28,0.002283338066987106
2003-03-31,0.013018891005629474
2003-04-01,-0.0028504364834907037
2003-04-02,-0.010476554847965502
2003-04-03,-0.0005731855370787464
2003-04-04,-0.002867271852582398
2003-04-07,-0.002300783628244929
2003-04-08,0.008027032995655325
2003-04-09,0.002965531034818447
2003-04-10,-0.00468049768703338
2003-04-11,-0.0016017105634098527
2003-04-14,-0.0027545904950558864
2003-04-15,0.005386117221077846
2003-04-16,0.004106478121097545
2003-04-17,0.0015929812945731925
2003-04-21,-0.0021615555793386143
2003-04-22,-0.0005694759602339339
2003-04-23,0.002048539800153737
2003-04-24,0.008944264334674212
2003-04-25,0.0022519623255154997
2003-04-28,-0.0015757362016404208
2003-04-29,-0.0016908987187034263
2003-04-30,0.009209125377932725
2003-05-01,0.0004833491330304973
2003-05-02,-0.0078949001748998
2003-05-05,0.005308334259640279
2003-05-06,0.004942593321271893
2003-05-07,0.011587449440185527
2003-05-08,0.0024341600619841586
2003-05-09,0.0009955395728775684
2003-05-12,0.0062718672992168045
2003-05-13,0.0021916484002408865
2003-05-14,0.015209499278671323
2003-05-15,0.003121820535268771
2003-05-16,0.007282651242201066
2003-05-19,-0.003420148131511258
2003-05-20,0.014666752566462105
2003-05-21,-0.00010508499557504436
2003-05-22,0.008824236170597022
2003-05-23,0.002506723278066225
2003-05-27,-0.018213342715476255
2003-05-28,-0.0017020154041347269
2003-05-29,0.00868948366652278
2003-05-30,-0.0019006906694656323
2003-06-02,-0.007374093797116288
2003-06-03,0.007988686726882577
2003-06-04,0.0029671979817518235
2003-06-05,-0.007858740571165868
2003-06-06,0.0036181140723048344
2003-06-09,0.006670198996978183
2003-06-10,0.011853117208423747
2003-06-11,-0.001252336386016406
2003-06-12,0.007799997740479014
2003-06-13,0.006710833554552931
2003-06-16,-0.009512173682044711
2003-06-17,-0.00792607081199126
2003-06-18,-0.012857154329084963
2003-06-19,-0.0019111897356207663
2003-06-20,-0.0037267755898731103
2003-06-23,0.005956778649758743
2003-06-24,0.00918175856480552
2003-06-25,-0.016099033625000203
2003-06-26,-0.013544001525224392
2003-06-27,-0.00357846793792449
2003-06-30,0.004660817279614093
2003-07-01,-0.004972463851087294
2003-07-02,0.0025048004021326342
2003-07-03,-0.014463850693114733
2003-07-07,-0.0064222257662422955
2003-07-08,0.0008878937716261248
2003-07-09,0.003213372483831911
2003-07-10,-0.0003322037083730578
2003-07-11,0.004747458194466869
2003-07-14,-0.01151986750615297
2003-07-15,-0.023676978188078568
2003-07-16,0.005688965662235201
2003-07-17,-0.0030681997118726656
2003-07-18,-0.002050011163790888
2003-07-21,-0.021438161434883085
2003-07-22,0.004881904193624553
2003-07-23,0.0033559867083385875
2003-07-24,-0.008820044682161576
2003-07-25,-0.0026847972892865
2003-07-28,-0.01353150423829197
2003-07-29,-0.013718323023761858
2003-07-30,0.01122774207701216
2003-07-31,-0.014956362392479328
2003-08-01,-0.0007513214140182356
2003-08-04,0.008567276664169121
2003-08-05,-0.014401996546405282
2003-08-06,0.019556127807668577
2003-08-07,0.004175106614982216
2003-08-08,-0.004055657895997378
2003-08-11,-0.005032664243802554
2003-08-12,-0.004696928571110703
2003-08-13,-0.019500950858126753
2003-08-14,0.009798668586701531
2003-08-15,-0.0006102260131859438
2003-08-18,0.004624110093266243
2003-08-19,0.015298542287273342
2003-08-20,-0.005394006862508238
2003-08-21,-0.002406929838053351
2003-08-22,0.004447876526568084
2003-08-25,-0.00782673834739267
2003-08-26,0.00782673834739267
2003-08-27,-0.004568175051204548
2003-08-28,0.010309682241295803
2003-08-29,-0.00238844701609775
2003-09-02,-0.01473375637555785
2003-09-03,0.0015825831987901218
2003-09-04,0.005581185092666807
2003-09-05,0.017035344477466463
2003-09-08,-0.010402476204103284
2003-09-09,0.007185662744617183
2003-09-10,0.010091413421733364
2003-09-11,-0.0065177049138762655
2003-09-12,0.0068734248045272395
2003-09-15,-0.00153737952713362
2003-09-16,-0.001538081466217367
2003-09-17,0.012360928591256926
2003-09-18,0.0007011068131625997
2003-09-19,0.0011685145962618826
2003-09-22,-0.007973016748596518
2003-09-23,0.006804502152334635
2003-09-24,0.008615211717557525
2003-09-25,0.0049725275381780065
2003-09-26,0.008955545064700754
2003-09-29,-0.008034226935061284
2003-09-30,0.016457921632502703
2003-10-01,-0.0037975925692053103
2003-10-02,-0.0045807294083495265
2003-10-03,-0.021229722718628885
2003-10-06,0.004329684246117793
2003-10-07,-0.011624703058186192
2003-10-08,-0.0002372439674291904
2003-10-09,-0.00711255918195608
2003-10-10,0.005930753822085855
2003-10-13,-0.003910551905744075
2003-10-14,-0.006911494050774625
2003-10-15,-0.004912762018428385
2003-10-16,-0.003973389038430586
2003-10-17,0.007690952632545045
2003-10-20,0.003345850785018367
2003-10-21,0.003692718146790508
2003-10-22,0.009698606271283605
2003-10-23,-0.007325591036747792
2003-10-24,0.011085271318771461
2003-10-27,-0.0019945267350545137
2003-10-28,0.005272896068706512
2003-10-29,-0.009040970972723272
2003-10-30,-0.004492974592860133
2003-10-31,0.009317391335294634
2003-11-03,-0.004749529768551586
2003-11-04,0.005668013135634364
2003-11-05,-0.0068538477903290485
2003-11-06,-0.009410615333825145
2003-11-07,-0.0005986649175833136
2003-11-10,-0.0008382616040831792
2003-11-11,0.00011923302999061747
2003-11-12,0.007284712903818491
2003-11-13,0.015347818889631437
2003-11-14,0.006656378968730614
2003-11-17,0.0015117877472121677
2003-11-18,0.0061409181023170945
2003-11-19,-0.011149914346436418
2003-11-20,0.009647294005661333
2003-11-21,0.0005782418943005574
2003-11-24,-0.00824230851562957
2003-11-25,0.0054633697008257265
2003-11-26,-0.004065466251592653
2003-11-28,-0.009121258268940835
2003-12-01,-0.005586661219717293
2003-12-02,0.0042638245229285054
2003-12-03,-0.004026306404032454
2003-12-04,0.0022521633214593884
2003-12-05,0.015859476603560907
2003-12-08,-0.007018250536169557
2003-12-09,-0.007067082984818285
2003-12-10,0.0016538023189740514
2003-12-11,0.007172681576044226
2003-12-12,0.0018727541791725422
2003-12-15,-0.0005851216313432772
2003-12-16,0.0032712902868730076
2003-12-17,0.006742121491268183
2003-12-18,0.008995760745795334
2003-12-19,-0.0003443976217467615
2003-12-22,-0.0027605871414353444
2003-12-23,-0.011350452598192451
2003-12-24,0.00939065098795444
2003-12-26,0.003686389828962522
2003-12-29,-0.009009361187415799
2003-12-30,-0.004067679629501164
2003-12-31,0.0
2004-01-02,-0.011889815689757555
2004-01-05,-0.002608751701473455
2004-01-06,0.010981091415570798
2004-01-07,0.003984975568020133
2004-01-08,-0.0003503903390837948
2004-01-09,0.017284237930067725
2004-01-12,-0.000804779598464922
2004-01-13,0.0067674627966916034
2004-01-14,0.004904768625252132
2004-01-15,0.0037472129449542813
2004-01-16,-0.007051779832564886
2004-01-20,-0.00022931793223435193
2004-01-21,0.0023951814398674998
2004-01-22,0.007262456322289168
2004-01-23,-0.012058569872809954
2004-01-26,-0.0060828524323821576
2004-01-27,0.006198211872679327
2004-01-28,-0.008849916026704818
2004-01-29,-0.0020804650200672015
2004-01-30,0.006917059161032579
2004-02-02,-0.0021019328482836386
2004-02-03,0.005074586365531708
2004-02-04,-0.001957137073207882
2004-02-05,-0.003927300479658502
2004-02-06,0.010932754397489752
2004-02-09,0.002970539929899374
2004-02-10,-0.005606515075335938
2004-02-11,0.007430829586850596
2004-02-12,-0.004222967980318515
2004-02-13,0.004222967980318515
2004-02-17,-0.0006837971366038254
2004-02-18,0.001366942866305454
2004-02-19,0.0010240742999081398
2004-02-20,-0.00696044906609572
2004-02-23,0.006163587443938301
2004-02-24,0.0018188775240002286
2004-02-25,0.0015888199651894475
2004-02-26,-0.0031797081366025104
2004-02-27,0.008609061621285719
2004-03-01,-0.0003857591145099981
2004-03-02,-0.006364878838228449
2004-03-03,-0.0018256607987416906
2004-03-04,0.004444863952427269
2004-03-05,0.019147335945679966
2004-03-08,0.00589555787951479
2004-03-09,0.006632928879103606
2004-03-10,-0.000662400218003345
2004-03-11,0.0014322219672298075
2004-03-12,-0.006183888487678146
2004-03-15,0.0016602935548011288
2004-03-16,0.008259397150454983
2004-03-17,-0.0016472453318412406
2004-03-18,-0.005286895432790928
2004-03-19,-0.001325256385822815
2004-03-22,0.00606296834446729
2004-03-23,0.001757157522572772
2004-03-24,-0.000548962555935617
2004-03-25,-0.0038496009133681675
2004-03-26,-0.010635503155207893
2004-03-29,-0.00670523901004394
2004-03-30,-0.000673762786254084
2004-03-31,0.004813008727738932
2004-04-01,-0.0032788816031121826
2004-04-02,-0.025054673273560812
2004-04-05,-0.007873006083486178
2004-04-06,0.0054488087516788575
2004-04-07,-0.0023146698452807257
2004-04-08,-0.0029022443783777163
2004-04-12,-0.003608846763690554
2004-04-13,-0.010905536471990107
2004-04-14,-0.0008258244263803505
2004-04-15,-0.0059181730415738265
2004-04-16,0.003790877488983213
2004-04-19,-0.002130213627294708
2004-04-20,-0.00916744121412405
2004-04-21,0.004892014687279733
2004-04-22,0.005933432113327974
2004-04-23,-0.005695035649329938
2004-04-26,0.0016644209308260827
2004-04-27,0.0037943320739790565
2004-04-28,-0.009393348705220017
2004-04-29,-0.004910367250861913
2004-04-30,0.00407339862812961
2004-05-03,0.0012591196726128295
2004-05-04,-0.006856080361007155
2004-05-05,-0.002780032377574404
2004-05-06,-0.0026659150641359375
2004-05-07,-0.013193984760848654
2004-05-10,-0.0023387964772054737
2004-05-11,0.00455109551024524
2004-05-12,-0.006648671815818297
2004-05-13,-0.0038361051769699728
2004-05-14,0.008149680105361323
2004-05-17,0.008815699339833394
2004-05-18,-0.003908758032835191
2004-05-19,-0.0033096826949390312
2004-05-20,0.007706888385480504
2004-05-21,-0.004028703947237755
2004-05-24,0.0031750069833269556
2004-05-25,0.002922348734449187
2004-05-26,0.005336139239374038
2004-05-27,0.007830751481453735
2004-05-28,-0.002762938136760429
2004-06-01,-0.009200037616987178
2004-06-02,-0.0025630717054823116
2004-06-03,0.0020752488864936858
2004-06-04,-0.005871534241408405
2004-06-07,0.0002448402087922297
2004-06-08,0.0018385862026297772
2004-06-09,-0.004295174144040903
2004-06-10,0.0019655769741846463
2004-06-14,-0.008009629242569982
2004-06-15,0.020935003499516824
2004-06-16,-0.003884586111558619
2004-06-17,0.006545790815914554
2004-06-18,-0.0021757263851052144
2004-06-21,0.0007256076221526797
2004-06-22,-0.003029502838390208
2004-06-23,0.0019393021029312507
2004-06-24,0.006038553250385714
2004-06-25,0.0009623682763875152
2004-06-28,-0.010277027764736602
2004-06-29,0.006300133230920046
2004-06-30,0.010212717907705837
2004-07-01,0.0018704968755671736
2004-07-02,0.010488136850040242
2004-07-06,-0.0016607771899153079
2004-07-07,0.0003556893930229954
2004-07-08,0.0005943225523989959
2004-07-09,0.0010666165076869127
2004-07-12,0.0014213891745114005
2004-07-13,-0.0029629459118138968
2004-07-14,0.0003558028182100159
2004-07-15,0.0010674015957450322
2004-07-16,0.013187148787297431
2004-07-19,0.0007022758774741789
2004-07-20,-0.00904159919175429
2004-07-21,-0.0027164342513104067
2004-07-22,0.00141843908982775
2004-07-23,0.003301358695956047
2004-07-26,-0.004719797785783797
2004-07-27,-0.013575193688015741
2004-07-28,0.00011942917811635922
2004-07-29,0.0022747967246719014
2004-07-30,0.011653566827507511
2004-08-02,0.0013043730669122233
2004-08-03,0.004022238684174173
2004-08-04,0.0004718246197961129
2004-08-05,0.0028282344437537965
2004-08-06,0.01668470948274514
2004-08-09,-0.0034769857358130096
2004-08-10,-0.003605674161099248
2004-08-11,0.004301929122713322
2004-08-12,0.0020872332661290294
2004-08-13,0.0032361057123013737
2004-08-16,-0.0034679580100682728
2004-08-17,0.005659049217811685
2004-08-18,-0.004848441277873761
2004-08-19,0.0024271590589117764
2004-08-20,-0.0009234853831725509
2004-08-23,-0.005795777443924344
2004-08-24,0.0005812752251168618
2004-08-25,0.003479110407846875
2004-08-26,0.005655874382326509
2004-08-27,-0.0006909159477479498
2004-08-30,0.004711032809860516
2004-08-31,0.00617153004351545
2004-09-01,0.0010291668791531094
2004-09-02,-0.009875830025360077
2004-09-03,0.00011523911015665078
2004-09-07,-0.0010393574872344935
2004-09-08,0.008396819182033166
2004-09-09,-0.003786643763304731
2004-09-10,0.0014935571830951844
2004-09-13,0.0043530979387820246
2004-09-14,0.001028461425195637
2004-09-15,-0.00228708809526168
2004-09-16,0.011267897413345107
2004-09-17,-0.004992246492918628
2004-09-20,0.006575969321088948
2004-09-21,0.0029328265536907594
2004-09-22,0.010311935717915333
2004-09-23,-0.004022102380654147
2004-09-24,0.001230636746267777
2004-09-27,0.0043506691354529
2004-09-28,-0.004015823391868345
2004-09-29,-0.00977259496332561
2004-09-30,-0.0038453540056999636
2004-10-01,-0.005007089937898446
2004-10-04,0.0014864528821747491
2004-10-05,0.0
2004-10-06,-0.004578545787433441
2004-10-07,-0.004368711091288002
2004-10-08,0.013162106831630549
2004-10-11,0.0010237705795792529
2004-10-12,0.002267530512281457
2004-10-13,0.0036205560202389186
2004-10-14,0.004731011822883602
2004-10-15,-0.003489061005647276
2004-10-18,0.00045101145206061233
2004-10-19,0.002588935220982247
2004-10-20,0.006834393596861776
2004-10-21,0.0006709335514387682
2004-10-22,0.0023397990481641706
2004-10-25,0.0007794736056787599
2004-10-26,-0.003007945958281688
2004-10-27,-0.009868347059949656
2004-10-28,0.003262929277109361
2004-10-29,0.0045948192969036405
2004-11-01,-0.006238840050719396
2004-11-02,0.001467863400210323
2004-11-03,0.00045041158142256066
2004-11-04,0.0010149486995807422
2004-11-05,-0.010986726057165885
2004-11-08,-0.0035361228675627743
2004-11-09,-0.0005716649824232256
2004-11-10,-0.003781099788415343
2004-11-11,-0.0021833284562271515
2004-11-12,0.010755594776929556
2004-11-15,0.0009097653638105996
2004-11-16,0.0
2004-11-17,0.008491182517220697
2004-11-18,0.0030395769052176114
2004-11-19,-0.008012253892315524
2004-11-22,0.005199056998806295
2004-11-23,0.0012385076209859847
2004-11-24,0.0
2004-11-26,-0.006551028688085658
2004-11-29,-0.010708501230058953
2004-11-30,-0.004246354408049324
2004-12-01,-0.00156050360032145
2004-12-02,-0.004056609170821623
2004-12-03,0.01544346943858077
2004-12-06,0.0034244596870167676
2004-12-07,0.0012530625992361877
2004-12-08,0.015474068360922466
2004-12-09,-0.006635020240582268
2004-12-10,0.002480401341651284
2004-12-13,0.0021356018187943526
2004-12-14,0.003922667024235604
2004-12-15,0.009020472568282312
2004-12-16,-0.01485401634320338
2004-12-17,-0.0013517360757240304
2004-12-20,0.0018009473380091734
2004-12-21,0.003032683852144835
2004-12-22,-0.003369507787526871
2004-12-23,-0.003268670974013954
2004-12-27,-0.007819116995517739
2004-12-28,-0.0007957545435441915
2004-12-29,-0.0010260819431637813
2004-12-30,0.006702623606956504
2004-12-31,0.0062868450263744435
2005-01-03,0.002143264196845074
2005-01-04,-0.010535184917231266
2005-01-05,0.005337913343602896
2005-01-06,0.0006795721920700437
2005-01-07,0.002261007324251718
2005-01-10,0.0015801840800055977
2005-01-11,0.005846994331999422
2005-01-12,0.0013445051825762278
2005-01-13,0.009582479976780967
2005-01-14,-0.0001116351284276007
2005-01-18,0.003322246526013206
2005-01-19,0.002869070625040493
2005-01-20,0.0019822876202990614
2005-01-21,0.0010989702974741888
2005-01-24,0.0042766756204590806
2005-01-25,-0.009453969059487033
2005-01-26,0.0018757282895105476
2005-01-27,-0.0018757282895105476
2005-01-28,0.010000786272613915
2005-01-31,0.002838622587222339
2005-02-01,-0.0015879795540874042
2005-02-02,0.002299267834968699
2005-02-03,-0.0005467362565094724
2005-02-04,0.013802281232853542
2005-02-07,0.007420022785391112
2005-02-08,0.005661287073659427
2005-02-09,0.002659589678300822
2005-02-10,-0.013584586306275792
2005-02-11,-0.0006473619934874719
2005-02-14,0.003121242592905027
2005-02-15,-0.005061348595288173
2005-02-16,-0.0037870978880620854
2005-02-17,-0.006306655401234984
2005-02-18,-0.00898400585733139
2005-02-22,-0.004412050665928202
2005-02-23,0.0033103941195933295
2005-02-24,-0.0022055125628988037
2005-02-25,0.004846926585874378
2005-02-28,-0.010828167866666849
2005-03-01,-0.0003122445708592103
2005-03-02,-0.0013378494173501565
2005-03-03,-0.0005584526336641638
2005-03-04,0.010774492917668965
2005-03-07,0.003969901635798134
2005-03-08,-0.00950905722142048
2005-03-09,-0.016466912463056538
2005-03-10,0.006081093267781945
2005-03-11,-0.007323920555283081
2005-03-14,0.005975998802943749
2005-03-15,-0.006314523989728205
2005-03-16,0.006089909781840319
2005-03-17,0.0032543054047908804
2005-03-18,-0.00629544835908602
2005-03-21,-0.0028239983689895
2005-03-22,-0.00851788185083402
2005-03-23,0.004779330087314904
2005-03-24,0.002040752426999415
2005-03-28,-0.006135933514321845
2005-03-29,0.005909998795598614
2005-03-30,0.004972943968589938
2005-03-31,0.007191224614085723
2005-04-01,0.003364881381966889
2005-04-04,-0.00022353297781574355
2005-04-05,-0.002580378936456018
2005-04-06,0.0034755830750632377
2005-04-07,-0.008090156409145344
2005-04-08,0.0034908552028536377
2005-04-11,0.0053815624387119065
2005-04-12,0.009239041956785154
2005-04-13,-0.0024404221425831096
2005-04-14,-0.0015562265004915865
2005-04-15,0.013150102174452893
2005-04-18,-0.0007686729520401947
2005-04-19,0.009621355591086456
2005-04-20,-0.002506306308510009
2005-04-21,-0.010526799496030748
2005-04-22,0.00834369441309768
2005-04-25,0.0029471655553208187
2005-04-26,-0.001527534144778464
2005-04-27,0.0034876079187826647
2005-04-28,0.00736994969314031
2005-04-29,-0.001729064697617133
2005-05-02,-0.00021693413464918265
2005-05-03,0.0027112351735372187
2005-05-04,-0.00881049871319961
2005-05-05,0.0022907429342517993
2005-05-06,-0.007440056134282447
2005-05-09,0.000989002312111964
2005-05-10,0.007106026699735146
2005-05-11,0.003044606993155785
2005-05-12,0.0039022682223666116
2005-05-13,0.0038868528908233557
2005-05-16,-0.001186280820732577
2005-05-17,0.0028018063252535086
2005-05-18,0.00664731086540149
2005-05-19,-0.0025683014070274623
2005-05-20,0.0011785595764131074
2005-05-23,0.007781906093145885
2005-05-24,0.0027573473957969163
2005-05-25,-0.007013432865575542
2005-05-26,-0.00032083779001679247
2005-05-27,0.00106634733023947
2005-05-31,0.01228546997169433
2005-06-01,0.012171538222691236
2005-06-02,0.0023972897189370457
2005-06-03,-0.008260202088519186
2005-06-06,0.005235125103638882
2005-06-07,0.007907077967412413
2005-06-08,-0.004778094066562044
2005-06-09,-0.0008329844560499566
2005-06-10,-0.011317502225237863
2005-06-13,-0.006025084289618565
2005-06-14,-0.0065952994718108116
2005-06-15,0.001812715928680042
2005-06-16,0.0049944981781293585
2005-06-17,-0.00010554851796573672
2005-06-20,-0.001698047452142415
2005-06-21,0.007300559327952705
2005-06-22,0.01205052516153593
2005-06-23,-0.0010426054616550218
2005-06-24,0.004992144175127056
2005-06-27,0.0026938822455999656
2005-06-28,-0.006851728319116734
2005-06-29,-0.0015643644747100893
2005-06-30,0.008933343355105539
2005-07-01,-0.01219396047093646
2005-07-05,-0.009498883460546725
2005-07-06,0.005498846053413331
2005-07-07,0.0021074493516861637
2005-07-08,-0.00411288341988536
2005-07-11,0.0
2005-07-12,-0.005616647208023462
2005-07-13,-0.0014890725716592002
2005-07-14,-0.002557819687972973
2005-07-15,0.002664791447449577
2005-07-18,-0.007477027371775691
2005-07-19,0.0035324072286879726
2005-07-20,0.00543296971561702
2005-07-21,-0.01369472029725971
2005-07-22,0.007727012199227001
2005-07-25,-0.003641807171371081
2005-07-26,0.0016083911851367816
2005-07-27,-0.0016083911851367816
2005-07-28,0.008865133732017583
2005-07-29,-0.009938317883560366
2005-08-01,-0.00372662823865344
2005-08-02,-0.0032502695494098788
2005-08-03,0.004872756652260168
2005-08-04,-0.0020547014643592654
2005-08-05,-0.007824580525428448
2005-08-08,-0.0018565114777624458
2005-08-09,0.003709829433261813
2005-08-10,-0.001090303745640675
2005-08-11,0.006953156484114764
2005-08-12,0.01012476708965826
2005-08-15,-0.0025743819832539927
2005-08-16,0.006958629081420753
2005-08-17,-0.006636691742833989
2005-08-18,0.007383343755495098
2005-08-19,-0.00010549149261196433
2005-08-22,-0.0010672976171450799
2005-08-23,0.004579008262707962
2005-08-24,0.0009557194637470623
2005-08-25,0.003179816826887727
2005-08-26,-0.0003175670347506099
2005-08-29,0.0012693441238171843
2005-08-30,0.00632377475430923
2005-08-31,0.008368736945702171
2005-09-01,-0.006039432935633471
2005-09-02,0.0008406649367094232
2005-09-06,-0.007065009969709823
2005-09-07,-0.009463277017323524
2005-09-08,0.0010662609649392252
2005-09-09,0.0031974227192050897
2005-09-12,-0.00693907738504107
2005-09-13,0.005235704569074073
2005-09-14,-0.003844257108528204
2005-09-15,-0.008270714780950428
2005-09-16,-0.006601637740647259
2005-09-19,0.0021691621261377136
2005-09-20,0.0025973843868540847
2005-09-21,0.009250187485728478
2005-09-22,-0.00096498926732691
2005-09-23,-0.007529059371353064
2005-09-26,-0.004545514759413116
2005-09-27,0.001409105691032586
2005-09-28,0.006692850611429879
2005-09-29,-0.004529422358538593
2005-09-30,-0.0034639639333029493
2005-10-03,-0.007849383072316307
2005-10-04,0.0032864791124080917
2005-10-05,0.004366734664769556
2005-10-06,-0.003819121535160619
2005-10-07,0.004035779036500653
2005-10-10,-0.0006529721302199754
2005-10-11,-0.0020721312080560494
2005-10-12,-0.009764456896580676
2005-10-13,-0.0036448639062953703
2005-10-14,-0.0015508496521832171
2005-10-17,-0.0002220194623472338
2005-10-18,0.0011080275566639486
2005-10-19,0.00044300024252130754
2005-10-20,0.002652233081743116
2005-10-21,0.009230596784926881
2005-10-24,-0.007795717805508584
2005-10-25,-0.008634902741972539
2005-10-26,-0.007365084081757622
2005-10-27,0.0035772581765036726
2005-10-28,0.00011210623533219888
2005-10-31,0.0018948678602273006
2005-11-01,-0.0011526067094580483
2005-11-02,-0.004716058480490393
2005-11-03,-0.006774497344836039
2005-11-04,-0.0015877029626860661
2005-11-07,0.0033987052003063845
2005-11-08,0.009679553587706113
2005-11-09,-0.010358844164295888
2005-11-10,0.012148840808679395
2005-11-11,0.0005599267770093341
2005-11-14,-0.007515932356959354
2005-11-15,0.006508389300226902
2005-11-16,0.010460300991674387
2005-11-17,0.0024323281261002805
2005-11-18,-0.004648831723129909
2005-11-21,0.002990790442909841
2005-11-22,0.001326438534300145
2005-11-23,-0.0038739488543755307
2005-11-25,0.003653314003909003
2005-11-28,0.004959029713120788
2005-11-29,-0.009498437876843013
2005-11-30,-0.0011118326943453383
2005-12-01,-0.0015635457424294508
2005-12-02,0.00033474135107702807
2005-12-05,-0.004478406851187167
2005-12-06,0.010161591813804716
2005-12-07,-0.0037849779919860715
2005-12-08,0.006447701727043675
2005-12-09,-0.007897741686164306
2005-12-12,-0.001900548320090234
2005-12-13,0.0036859914542848315
2005-12-14,0.010203517525555483
2005-12-15,-0.002430527703044749
2005-12-16,0.0033126401086693846
2005-12-19,0.0009923271120642063
2005-12-20,-0.0012127413015341482
2005-12-21,-0.0017658034999765704
2005-12-22,0.007922531196015825
2005-12-23,0.0061197827550172335
2005-12-27,0.008136035561983501
2005-12-28,-0.002792744286807647
2005-12-29,0.002172942022995894
2005-12-30,-0.002280839472211582
2006-01-03,-0.0013075308400694041
2006-01-04,0.0023942668893828234
2006-01-05,-0.0011957726115388034
2006-01-06,-0.0018519735173625484
2006-01-09,0.0006534792395185285
2006-01-10,-0.00809456255057972
2006-01-11,-0.001650970057330614
2006-01-12,0.00669055032436372
2006-01-13,0.005775932390590377
2006-01-17,0.004444641288106066
2006-01-18,-0.0003249939727774098
2006-01-19,-0.0029253714835841826
2006-01-20,0.0026011530270273475
2006-01-23,-0.00032472427064833553
2006-01-24,-0.004884123855097844
2006-01-25,-0.010941687348117402
2006-01-26,-0.004299821437286688
2006-01-27,0.0
2006-01-30,-0.0009947968474977031
2006-01-31,0.0027611658795012595
2006-02-01,-0.003425459974814693
2006-02-02,0.0018852995626512659
2006-02-03,0.007069432424233302
2006-02-06,0.001979331598292333
2006-02-07,-0.004735262518139383
2006-02-08,-0.0023192441817725395
2006-02-09,0.004525278375057784
2006-02-10,-0.0055218690728904285
2006-02-13,0.00011048196646301633
2006-02-14,-0.003549193914847759
2006-02-15,0.0024410453236036744
2006-02-16,0.00022190777432351538
2006-02-17,0.00794851980202571
2006-02-21,-0.0016508918786777294
2006-02-22,0.006804924899485254
2006-02-23,-0.002518989650060366
2006-02-24,-0.0015363929195251202
2006-02-27,-0.0016491587485796266
2006-02-28,0.004938532201327117
2006-03-01,-0.006060031089929918
2006-03-02,-0.0069876087289428845
2006-03-03,-0.005803778270561111
2006-03-06,-0.008770064401003808
2006-03-07,0.000677498117625408
2006-03-08,-0.0003396456727928765
2006-03-09,0.0003396456727928765
2006-03-10,-0.003731141921746506
2006-03-13,-0.0007921516698869979
2006-03-14,0.006664508861360829
2006-03-15,-0.005419564672681343
2006-03-16,0.009016770929474394
2006-03-17,-0.0030331751918395433
2006-03-20,0.0015732697838855003
2006-03-21,-0.005181091289930606
2006-03-22,0.002143146679503438
2006-03-23,-0.0031607751401363515
2006-03-24,0.0073215831087334315
2006-03-27,-0.003710177724526975
2006-03-28,-0.009394656836734683
2006-03-29,-0.004787816225206409
2006-03-30,-0.00699584185530755
2006-03-31,-0.00034531539169746495
2006-04-03,0.0003240907726098641
2006-04-04,-0.0010410664607176656
2006-04-05,0.0013876224865652098
2006-04-06,-0.007651433053058376
2006-04-07,-0.009821927732441171
2006-04-10,0.001879015664985051
2006-04-11,0.0035125539808795736
2006-04-12,-0.006096681364804901
2006-04-13,-0.007080418528094601
2006-04-17,0.0036644306838611307
2006-04-18,0.001767612698477361
2006-04-19,-0.006142841665762067
2006-04-20,-0.000830685179870283
2006-04-21,0.005795523160557092
2006-04-24,0.004001747535643307
2006-04-25,-0.011933782384991432
2006-04-26,-0.0016663939646113235
2006-04-27,0.0013092261449418885
2006-04-28,0.0007139471682182652
2006-05-01,-0.007543504927272959
2006-05-02,0.0026409092061010497
2006-05-03,-0.002160838042257307
2006-05-04,-0.0016838468692137454
2006-05-05,0.005999817135981633
2006-05-08,0.0005972046136872855
2006-05-09,-0.0005972046136872855
2006-05-10,0.0017927215897328708
2006-05-11,-0.0049078151432024875
2006-05-12,-0.008314204803414604
2006-05-15,0.003984915478900675
2006-05-16,0.007444382877983546
2006-05-17,-0.006239657941809806
2006-05-18,0.013509890359994614
2006-05-19,0.002608844218194406
2006-05-22,0.0021294659533257487
2006-05-23,-0.0005910300672375968
2006-05-24,0.00047304161592087723
2006-05-25,-0.003908371623408957
2006-05-26,-0.0007119500967944781
2006-05-30,-0.00047609911087898027
2006-05-31,-0.005957501772617224
2006-06-01,0.00445366438980388
2006-06-02,0.01281955168415827
2006-06-05,-0.0012988828127005192
2006-06-06,0.00471271620600433
2006-06-07,0.00023523730268770748
2006-06-08,0.001995923217051221
2006-06-09,0.005263698527809169
2006-06-12,0.0008158446572164024
2006-06-13,0.0006989473295289095
2006-06-14,-0.010068476948596139
2006-06-15,-0.00578199622355724
2006-06-16,-0.0022508274135071282
2006-06-19,-0.0014240310339856954
2006-06-20,-0.001664613481412669
2006-06-21,0.0002384653006708426
2006-06-22,-0.00572606178242685
2006-06-23,-0.0020354694169935073
2006-06-26,-0.0019205440523597517
2006-06-27,0.004912260780286282
2006-06-28,-0.005272850138833274
2006-06-29,0.0033591793242990775
2006-06-30,0.009652536560103897
2006-07-03,-0.000988704607447044
2006-07-05,-0.008017248923961162
2006-07-06,0.006108085224107551
2006-07-07,0.006427864116256732
2006-07-10,0.0009490069512239074
2006-07-11,0.0031947057221621833
2006-07-12,0.0002362266983904071
2006-07-13,0.003889450091188351
2006-07-14,0.0005888825613307169
2006-07-17,0.0015274350413800875
2006-07-18,-0.008607849697034986
2006-07-19,0.009429427729984674
2006-07-20,0.0029291204306551855
2006-07-21,-0.0018740994722334925
2006-07-24,-0.0005856931267831378
2006-07-25,-0.0029355791774046125
2006-07-26,0.003638183272379969
2006-07-27,-0.0015237964706305007
2006-07-28,0.005733897653913189
2006-07-31,0.0012836019755457784
2006-08-01,-9.476906791938688e-05
2006-08-02,0.0037379939620771907
2006-08-03,0.00023325057117551395
2006-08-04,0.006041573272219658
2006-08-07,0.0005800877354440459
2006-08-08,-0.0022027980438741324
2006-08-09,-0.0032537610425427133
2006-08-10,-0.0015157122968405545
2006-08-11,-0.004322575794757366
2006-08-14,-0.0017574354114029411
2006-08-15,0.008410093965969256
2006-08-16,0.006722677329696225
2006-08-17,-0.0003462394582691708
2006-08-18,0.002885575502798332
2006-08-21,0.0035654066198418377
2006-08-22,0.00034533698208072394
2006-08-23,0.0004590787533826912
2006-08-24,0.0018347055674392543
2006-08-25,0.001487512883442399
2006-08-28,0.0009144016247111253
2006-08-29,0.0013705710361495704
2006-08-30,0.0026203903946036
2006-08-31,0.0023871174546035157
2006-09-01,0.0003422344589720794
2006-09-05,-0.006287086225668315
2006-09-06,-0.0013774611651014013
2006-09-07,0.0019508300834734094
2006-09-08,0.0008017043490524678
2006-09-11,-0.0009158747274082835
2006-09-12,0.0050296221464742885
2006-09-13,0.00045668555996858373
2006-09-14,-0.0022830563676210502
2006-09-15,-0.0007999539747629569
2006-09-18,-0.0016028166217600948
2006-09-19,0.011162074635250097
2006-09-20,0.0014710939883966212
2006-09-21,0.009117721498760556
2006-09-22,0.0049173418187189455
2006-09-25,0.007001291496402828
2006-09-26,-0.004216725399709631
2006-09-27,-0.0028953353935743387
2006-09-28,-0.0016735964488563404
2006-09-29,-0.0012295040774081833
2006-10-02,0.002735642717115905
2006-10-03,-0.0013446008379678354
2006-10-04,0.0072623795656014956
2006-10-05,-0.007038113764642695
2006-10-06,-0.010480800677107993
2006-10-09,0.0027156291600549665
2006-10-10,-0.007940969960939182
2006-10-11,-0.0029649337537649423
2006-10-12,0.0005704326969828699
2006-10-13,-0.005034668649876117
2006-10-16,0.004464235952893247
2006-10-17,0.0007998037932077651
2006-10-18,0.0020524495832940914
2006-10-19,-0.0018251703287184284
2006-10-20,-0.001027083047783428
2006-10-23,-0.0040059371011436085
2006-10-24,0.0
2006-10-25,0.007880804278215692
2006-10-26,0.00646606675672734
2006-10-27,0.004623469544810188
2006-10-30,0.002809306620411345
2006-10-31,0.007712547341735654
2006-11-01,0.005517745559085796
2006-11-02,-0.004121919383395234
2006-11-03,-0.011901109468436921
2006-11-06,0.002932541172806946
2006-11-07,0.004606473513038889
2006-11-08,0.0035809808257640796
2006-11-09,-0.0005583578139556344
2006-11-10,0.0043491960535804175
2006-11-13,-0.00022295216096157588
2006-11-14,0.0038883850506690187
2006-11-15,-0.0037762290657514797
2006-11-16,-0.00457410569699368
2006-11-17,0.005685790605671759
2006-11-20,0.0015549495666316027
2006-11-21,0.0024393272475511374
2006-11-22,0.0016601554964035259
2006-11-24,0.0017660920356239451
2006-11-27,0.0036360029605031485
2006-11-28,0.002087233149009826
2006-11-29,-0.0023076695631005784
2006-11-30,0.0065767967238312686
2006-12-01,0.0025403851185537007
2006-12-04,0.0017495622029248814
2006-12-05,-0.00470674722721931
2006-12-06,-0.001976794122959369
2006-12-07,-0.0007700526528529039
2006-12-08,-0.00728696843903176
2006-12-11,0.004312685594012322
2006-12-12,0.002094667732527533
2006-12-13,-0.008959164937070607
2006-12-14,-0.0036728716022143004
2006-12-15,0.000557895468943137
2006-12-18,0.00033337071578642963
2006-12-19,-0.0013377909370615448
2006-12-20,-0.00011096973869806348
2006-12-21,0.00500865963853192
2006-12-22,-0.007689682384952601
2006-12-26,0.0030153984777681053
2006-12-27,-0.007379826536407563
2006-12-28,-0.0022572066950421465
2006-12-29,-0.0007915154248201439
2007-01-03,0.007098565634089837
2007-01-04,0.006045243379812604
2007-01-05,-0.004361864494573098
2007-01-08,0.0017918743457179254
2007-01-09,0.0
2007-01-10,-0.0044861974003787
2007-01-11,-0.005861284644374187
2007-01-12,-0.004646360230053492
2007-01-16,0.0021555962510269033
2007-01-17,-0.0030646669162943674
2007-01-18,0.0030646669162943674
2007-01-19,-0.0027236484750474688
2007-01-22,0.0023839585770746297
2007-01-23,-0.006597571859037199
2007-01-24,-0.00011419365391862613
2007-01-25,-0.007216877591476489
2007-01-26,-0.0008051088246645577
2007-01-29,-0.002188533543861837
2007-01-30,0.0011521610280822436
2007-01-31,0.00837348836388907
2007-02-01,-0.0012055358158131746
2007-02-02,0.001262552253845417
2007-02-05,0.0013746783768375792
2007-02-06,0.005482059232062131
2007-02-07,0.0029578578188655946
2007-02-08,0.0007941745816406609
2007-02-09,-0.005689190474771788
2007-02-12,-0.002285027705451359
2007-02-13,-0.002175873538823314
2007-02-14,0.009468906667362997
2007-02-15,0.002948004736114118
2007-02-16,0.003503641600904661
2007-02-20,0.0022538707108945566
2007-02-21,-0.0016902839140566783
2007-02-22,-0.0054264161005486145
2007-02-23,0.007116700014605293
2007-02-26,0.006619009593071823
2007-02-27,0.01255637640328322
2007-02-28,-0.004537692658118431
2007-03-01,-0.0006344939393261306
2007-03-02,0.005000086242059609
2007-03-05,0.001661827984837494
2007-03-06,-0.002991646203848397
2007-03-07,0.00387765402151663
2007-03-08,-0.0008860078176682329
2007-03-09,-0.010569867857115778
2007-03-12,0.003907953630218675
2007-03-13,0.0059986798520008655
2007-03-14,-0.004551886993090282
2007-03-15,-0.00011138560306145351
2007-03-16,-0.0002221057358120504
2007-03-19,-0.0021179846380765532
2007-03-20,0.0005582645213486614
2007-03-21,0.00044641859669081185
2007-03-22,-0.007942717754651163
2007-03-23,-0.0028113132456750733
2007-03-26,0.0012373929505042902
2007-03-27,-0.0016895088403825476
2007-03-28,-0.002029490691985103
2007-03-29,-0.0013560523483984177
2007-03-30,-0.0019230553018951824
2007-04-02,0.0016582722685458684
2007-04-03,-0.0012492648193536127
2007-04-04,0.0010221841020530142
2007-04-05,-0.0037534993337215994
2007-04-09,-0.006631681854542659
2007-04-10,0.0029779649879366765
2007-04-11,-0.0006861406108873425
2007-04-12,0.00022924572418370204
2007-04-13,-0.00309565010179913
2007-04-16,0.005495812617473561
2007-04-17,0.005576622598296055
2007-04-18,0.004983974207993125
2007-04-19,-0.0016959190959329185
2007-04-20,-0.0026061721257693016
2007-04-23,0.0036234524614009445
2007-04-24,0.003723245476574988
2007-04-25,-0.0034974026321372698
2007-04-26,-0.007258436675049218
2007-04-27,-0.0002278861524382947
2007-04-30,0.010420719147010704
2007-05-01,0.000722930153947754
2007-05-02,-0.0005647272940043635
2007-05-03,-0.002263208627358182
2007-05-04,0.004070723615538618
2007-05-07,0.0027049262155522946
2007-05-08,-0.002253793183105479
2007-05-09,-0.00395656004453393
2007-05-10,0.0023758770042108246
2007-05-11,-0.0035089219796637927
2007-05-14,-0.0026115112058904266
2007-05-15,-0.0003413625084802696
2007-05-16,-0.0006825200393247854
2007-05-17,-0.004104693037751517
2007-05-18,-0.006650724327872837
2007-05-21,0.0029875904130358677
2007-05-22,-0.005174783519335424
2007-05-23,-0.002887485968436465
2007-05-24,0.0009255883158014733
2007-05-25,-0.0023128780720194086
2007-05-29,-0.00011603038848084779
2007-05-30,0.0020819031717649317
2007-05-31,-0.0018501783308333408
2007-06-01,-0.005268172879970834
2007-06-04,0.004547585698089662
2007-06-05,-0.006300086460842458
2007-06-06,-0.00046896277380392704
2007-06-07,-0.018078496926186904
2007-06-08,-0.0008341947154204554
2007-06-11,-0.002869138204191213
2007-06-12,-0.014586130199034653
2007-06-13,0.01183011121120403
2007-06-14,-0.0025227620690202457
2007-06-15,0.006833822652381194
2007-06-18,-0.0020340603312170025
2007-06-19,0.009296229024760017
2007-06-20,-0.008098987715845052
2007-06-21,-0.004794839022127295
2007-06-22,0.006468439906623047
2007-06-25,0.005477347869673466
2007-06-26,0.00023602355272167586
2007-06-27,0.0009492961074553108
2007-06-28,-0.0002372806985011522
2007-06-29,0.010267655548812815
2007-07-02,0.00524263395569724
2007-07-03,-0.0061151176153102504
2007-07-05,-0.01127030285334607
2007-07-06,-0.0040640014049637685
2007-07-09,0.0035864828038136842
2007-07-10,0.01680736300238239
2007-07-11,-0.010382521637841702
2007-07-12,-0.003444639365087543
2007-07-13,0.00273305829627013
2007-07-16,0.009567213351504122
2007-07-17,-0.002118060847878578
2007-07-18,0.0037627059537377328
2007-07-19,-0.000234957576315864
2007-07-20,0.008997931171509599
2007-07-23,-0.0016299623117981277
2007-07-24,0.0037221673375289477
2007-07-25,0.0019711151080490374
2007-07-26,0.008307723260639666
2007-07-27,0.0028682771595982537
2007-07-30,-0.0028682771595982537
2007-07-31,0.007212517170555266
2007-08-01,-0.0021667194983807647
2007-08-02,0.0025224847232534486
2007-08-03,0.006616936342073831
2007-08-06,-0.007305094647211519
2007-08-07,-0.000802345501317081
2007-08-08,-0.012226594538194746
2007-08-09,0.0013914805648083117
2007-08-10,-0.002321010740279572
2007-08-13,0.002900103744991167
2007-08-14,0.0026610596840814793
2007-08-15,-0.00358883891127304
2007-08-16,0.010266202919235301
2007-08-17,-0.004024239163152199
2007-08-20,0.0005755327394494358
2007-08-21,0.004825654478979313
2007-08-22,-0.0016061234597155583
2007-08-23,0.003437561356017582
2007-08-24,0.004906858615607135
2007-08-27,0.005221619557821189
2007-08-28,0.001698342912224149
2007-08-29,-0.0027167999194905867
2007-08-30,0.006665215407033909
2007-08-31,0.0007883733321780717
2007-09-04,0.00047415011765350457
2007-09-05,0.007984877652476019
2007-09-06,-0.0025795062388866974
2007-09-07,0.014050910870401445
2007-09-10,0.0077231532853225815
2007-09-11,-0.0007695010307822159
2007-09-12,-0.0037466061828976827
2007-09-13,-0.00898138773037438
2007-09-14,0.0014471717959585462
2007-09-17,0.004771174408476853
2007-09-18,-0.007556899526856675
2007-09-19,-0.009299908171285232
2007-09-20,-0.01909358164425745
2007-09-21,0.008454996907425016
2007-09-24,0.0028410460852432706
2007-09-25,-0.003523906312926872
2007-09-26,0.0009112084962819011
2007-09-27,0.006915452720747783
2007-09-28,0.0022558798813530068
2007-10-01,0.005698630470050592
2007-10-02,0.0031448412112138335
2007-10-03,-0.0029212969271976696
2007-10-04,0.0038173426393175447
2007-10-05,-0.010815111301125224
2007-10-08,-0.0007927663909907956
2007-10-09,-0.0012484199335904833
2007-10-10,0.0005683610422537733
2007-10-11,-0.0010219643374029808
2007-10-12,-0.0048947097484832724
2007-10-15,0.00022797916902073112
2007-10-16,0.00034218284869957927
2007-10-17,0.01088925303730992
2007-10-18,0.005512571322122906
2007-10-19,0.01481255869682263
2007-10-22,0.0001103544643878962
2007-10-23,-0.0013271741880567234
2007-10-24,0.0073881196368650315
2007-10-25,-0.003412095420964878
2007-10-26,-0.0023176333264225413
2007-10-29,0.0038594177529498452
2007-10-30,-0.0005505632059197296
2007-10-31,-0.009070843479810353
2007-11-01,0.012909221006967897
2007-11-02,0.0031898213737413528
2007-11-05,-0.0004389715856003562
2007-11-06,-0.004846252972252163
2007-11-07,0.0017648970327774904
2007-11-08,-0.0017648970327774904
2007-11-09,0.008465424393365506
2007-11-12,0.003607010299417901
2007-11-13,-0.0037163681082645894
2007-11-14,0.0010951225584685531
2007-11-15,0.009361742090321812
2007-11-16,0.001409114567255898
2007-11-19,0.006471605089962917
2007-11-20,-0.0010760990353202438
2007-11-21,0.005795218126373403
2007-11-23,0.002992491227422178
2007-11-26,0.019544488442585717
2007-11-27,-0.009566099720992316
2007-11-28,-0.006782741255672686
2007-11-29,0.008576321884763427
2007-11-30,-0.00486176829100593
2007-12-03,0.00790444952427194
2007-12-04,-0.00010491888021979534
2007-12-05,-0.011998553304021442
2007-12-06,-0.008798913056033975
2007-12-07,-0.011270999487998257
2007-12-10,-0.006013183034800473
2007-12-11,0.019437003397618557
2007-12-12,-0.010377571777189676
2007-12-13,-0.0109245903017956
2007-12-14,-0.004625149642271342
2007-12-17,0.008899374157240736
2007-12-18,0.006434019786032419
2007-12-19,0.01317109830782437
2007-12-20,-0.0021474922212498804
2007-12-21,-0.014726617260910846
2007-12-24,-0.00470098962461396
2007-12-26,-0.008806857801995083
2007-12-27,0.010841129572701558
2007-12-28,0.015473888806347702
2007-12-31,0.0060387695311217016
2008-01-02,0.014299672481034253
2008-01-03,-0.0013791957050850456
2008-01-04,0.000211790491913888
2008-01-07,0.004340254908139496
2008-01-08,-0.001162563868009503
2008-01-09,0.0019012664838058413
2008-01-10,-0.01360134611288899
2008-01-11,0.007780066386185336
2008-01-14,0.003708538101725445
2008-01-15,0.011148630736781406
2008-01-16,-0.007242460310599164
2008-01-17,0.012874539480522973
2008-01-18,-0.0068876421245822605
2008-01-22,0.010624326834081987
2008-01-23,-0.002281546951706126
2008-01-24,-0.020247488264254265
2008-01-25,0.016710263803576986
2008-01-28,-0.003759237588868203
2008-01-29,-0.0068234168675607165
2008-01-30,-0.0065516174785003045
2008-01-31,0.007078796337109949
2008-02-01,0.005992733617644852
2008-02-04,-0.010344535034239488
2008-02-05,0.007610894685726954
2008-02-06,-0.0030582518002102432
2008-02-07,-0.021782537422303516
2008-02-08,0.011377743879417146
2008-02-11,0.00415365966318193
2008-02-12,-0.005969193033477982
2008-02-13,-0.010641537354719954
2008-02-14,-0.014805535757168808
2008-02-15,0.007646496267184499
2008-02-19,-0.010172461809912381
2008-02-20,0.0069030939957897
2008-02-21,0.010535746104463062
2008-02-22,-0.005743018593920013
2008-02-25,-0.01026824516360092
2008-02-26,0.000329872138250753
2008-02-27,0.0008791519858100116
2008-02-28,0.017607840604961122
2008-02-29,0.015184181429983123
2008-03-03,-0.0025808248156420355
2008-03-04,-0.009765815525601074
2008-03-05,-0.01204182503244322
2008-03-06,0.005333499923773299
2008-03-07,0.0013024059513901953
2008-03-10,0.014637626666849979
2008-03-11,-0.008584321628601455
2008-03-12,0.019106672840212724
2008-03-13,-0.007855230143539949
2008-03-14,0.012285933867371313
2008-03-17,0.007655394709833452
2008-03-18,-0.003872017331652877
2008-03-19,0.01643296331241162
2008-03-20,0.0024723366773473643
2008-03-24,-0.019535232730431673
2008-03-25,0.004187340880350554
2008-03-26,-0.004187340880350554
2008-03-27,-0.007055912523293184
2008-03-28,0.009674958239410447
2008-03-31,0.003552795745654258
2008-04-01,-0.016409242207396257
2008-04-02,0.0021270749758626195
2008-04-03,0.002229149531800978
2008-04-04,0.009073807464501815
2008-04-07,-0.005265399698076045
2008-04-08,-0.0034916046219484187
2008-04-09,0.010332093247019891
2008-04-10,-0.003361664390033159
2008-04-11,0.006711577970017313
2008-04-14,-0.0058705750503005305
2008-04-15,-0.012484459428844463
2008-04-16,-0.009842341384743936
2008-04-17,-0.0017224620981108885
2008-04-18,-0.0008610511555584566
2008-04-21,0.00397955273928563
2008-04-22,0.0034294801311136602
2008-04-23,-0.003321815250548976
2008-04-24,-0.008517040281939448
2008-04-25,-0.00586437925073513
2008-04-28,0.003045489468703977
2008-04-29,0.003792674979060884
2008-04-30,0.007114029859909721
2008-05-01,6.502209930170366e-05
2008-05-02,-0.012691424172864618
2008-05-05,0.0
2008-05-06,-0.00723060928683017
2008-05-07,0.004278869803201246
2008-05-08,0.008937708914160236
2008-05-09,0.0036819705941182335
2008-05-12,-0.0015141340069413367
2008-05-13,-0.010996737026038872
2008-05-14,0.00043911389283124436
2008-05-15,0.009040688748114256
2008-05-16,-0.004129288904824335
2008-05-19,0.0013055514023707637
2008-05-20,0.005206808601176505
2008-05-21,0.0002152313909240533
2008-05-22,-0.011857906021131015
2008-05-23,0.004368130058316044
2008-05-27,-0.006779652511074374
2008-05-28,-0.008925922759358329
2008-05-29,-0.007220549602472204
2008-05-30,0.0065570538945869394
2008-06-02,0.0038495509645031234
2008-06-03,0.00717212136484946
2008-06-04,-0.008945329474197905
2008-06-05,-0.006009033704071687
2008-06-06,0.012864000950684407
2008-06-09,0.0
2008-06-10,-0.0065216867646551435
2008-06-11,-0.002331840834537413
2008-06-12,-0.010055090653164012
2008-06-13,-0.0021357375478023854
2008-06-16,0.0002254487898381008
2008-06-17,0.0020221472898156456
2008-06-18,0.008385694385775189
2008-06-19,-0.00591877393183271
2008-06-20,0.005807259877095294
2008-06-23,0.002112377472845761
2008-06-24,0.006645332311863594
2008-06-25,0.0004415825293611064
2008-06-26,0.006706656160533342
2008-06-27,0.011659233503110489
2008-06-30,0.00021516060718163033
2008-07-01,-0.0023721910450826833
2008-07-02,0.005215615516710681
2008-07-03,-0.002169850306191101
2008-07-07,0.004552608021302529
2008-07-08,0.0064650761027138515
2008-07-09,0.004394908823987187
2008-07-10,-0.00010673970974606206
2008-07-11,-0.014328870119122428
2008-07-14,0.008750940101838633
2008-07-15,-0.00032215029781967885
2008-07-16,-0.018241840948236554
2008-07-17,-0.005163634348211321
2008-07-18,-0.003752300183561985
2008-07-21,0.0038626499251566138
2008-07-22,-0.004968050682335079
2008-07-23,-0.0019937567539116685
2008-07-24,0.009711602296072375
2008-07-25,-0.010044855093349181
2008-07-28,0.010044855093349181
2008-07-29,-0.004071959323912466
2008-07-30,0.000991732698363279
2008-07-31,0.009865835794146793
2008-08-01,0.0022095337877678922
2008-08-04,-0.0022964566904457584
2008-08-05,-0.007473690049644155
2008-08-06,-0.004089390700575457
2008-08-07,0.016150517609145876
2008-08-08,0.0027218786260143624
2008-08-11,-0.009611707154946636
2008-08-12,0.009285123908307824
2008-08-13,-0.0034853788747568615
2008-08-14,0.0064170905925462485
2008-08-15,0.008635635557825871
2008-08-18,0.003969236897985784
2008-08-19,-0.003862157501830943
2008-08-20,0.0027899783340221695
2008-08-21,-0.0018228279768233158
2008-08-22,-0.0006442157894590572
2008-08-25,0.009941207923419793
2008-08-26,0.0008503466938014625
2008-08-27,0.0016999915147977163
2008-08-28,0.00010507723517694245
2008-08-29,-0.0044653581511986395
2008-09-02,0.0092622426508302
2008-09-03,0.0042293110654467725
2008-09-04,0.007987428586543999
2008-09-05,-0.0005225959795946977
2008-09-08,0.00418003869538186
2008-09-09,0.009859346305735706
2008-09-10,-0.00621536784015575
2008-09-11,-0.0005202910207628975
2008-09-12,-0.012976090050916156
2008-09-15,0.0319265079258404
2008-09-16,-0.00020384264500794558
2008-09-17,0.004986377338259906
2008-09-18,-0.01472716710131472
2008-09-19,-0.032250859731165704
2008-09-22,-0.00010717992620890016
2008-09-23,-0.0038375341893122084
2008-09-24,0.004369905917180894
2008-09-25,-0.0020230005824863895
2008-09-26,0.007221432990839105
2008-09-29,0.028685190038008734
2008-09-30,-0.024671746035052067
2008-10-01,0.012502612607753427
2008-10-02,0.008006248854114162
2008-10-03,0.008765791181679639
2008-10-06,0.01800918902983728
2008-10-07,-0.003029795903294996
2008-10-08,-0.014466852779741579
2008-10-09,-0.008450190643139344
2008-10-10,-0.007061801343247964
2008-10-13,-0.012902315351565719
2008-10-14,-0.006460884359193564
2008-10-15,0.009518026979421279
2008-10-16,-0.005170289593392496
2008-10-17,-0.006900886549098928
2008-10-20,0.007958225191122104
2008-10-21,0.0052701257298490845
2008-10-22,0.020087382292192757
2008-10-23,0.007391026652141974
2008-10-24,-0.010693941490883319
2008-10-27,0.0007236245226831528
2008-10-28,-0.01467420825704746
2008-10-29,-0.0050440550028039155
2008-10-30,-0.009102377201646306
2008-10-31,-0.013057087759015928
2008-11-03,0.002700531883550905
2008-11-04,0.018593955230814974
2008-11-05,0.011789069066072244
2008-11-06,-0.007246288282926727
2008-11-07,-0.006556388818347969
2008-11-10,0.00486856381424694
2008-11-11,0.002951347779951874
2008-11-12,0.0064004862171689325
2008-11-13,-0.024242890648309867
2008-11-14,0.019630412401300035
2008-11-17,0.004404285908369054
2008-11-18,0.012783808795766127
2008-11-19,0.025292846899475308
2008-11-20,0.050371579388126975
2008-11-21,-0.014564963403942421
2008-11-24,-0.015766794816383545
2008-11-25,0.02899019946726966
2008-11-26,0.0013415587530563045
2008-11-28,0.012276432066542498
2008-12-01,0.037580730924063666
2008-12-02,0.0038318141938820105
2008-12-03,0.0028186536167460474
2008-12-04,0.019512707340094693
2008-12-05,-0.016339883569512104
2008-12-08,-0.0021742899642243074
2008-12-09,0.01958150570112327
2008-12-10,-0.002404574835027873
2008-12-11,0.001960500950949573
2008-12-12,0.0
2008-12-15,0.011326657082461722
2008-12-16,0.024424397914830642
2008-12-17,0.026772077118994986
2008-12-18,0.02076596101944883
2008-12-19,0.0010633093189369447
2008-12-22,-0.007717718618893699
2008-12-23,-0.001319588596210508
2008-12-24,-0.002148159524240967
2008-12-26,0.00330321528755384
2008-12-29,-0.0012004128261002833
2008-12-30,0.009478425043027983
2008-12-31,-0.021140937633638224
2009-01-02,-0.025457214387721194
2009-01-05,-0.026122592865911898
2009-01-06,-0.010108741788206643
2009-01-07,0.003913955081626952
2009-01-08,-0.0007986426482773368
2009-01-09,0.0015086487545366012
2009-01-12,0.010325260742816589
2009-01-13,0.0010530270908422068
2009-01-14,0.016354909699086484
2009-01-15,0.0016367980906171198
2009-01-16,-0.015538910605131129
2009-01-20,-0.0001757512849200893
2009-01-21,-0.032098531828129495
2009-01-22,-0.019433035325222114
2009-01-23,-0.007863468529492046
2009-01-26,-0.008766555299649426
2009-01-27,0.023241185448505952
2009-01-28,-0.025303990732313153
2009-01-29,-0.023265915058690467
2009-01-30,-0.0031758754586874716
2009-02-02,0.018433936770752446
2009-02-03,-0.024103828618631695
2009-02-04,-0.00350635114890796
2009-02-05,0.0008779293840834868
2009-02-06,-0.003123922266657253
2009-02-09,0.003221213197624806
2009-02-10,0.021498039022858073
2009-02-11,0.012887010671297716
2009-02-12,-0.009459425919127185
2009-02-13,-0.02697393132064274
2009-02-17,0.03067401956706739
2009-02-18,-0.008558733810298591
2009-02-19,-0.017147511300471763
2009-02-20,0.009669566384503447
2009-02-23,0.009194677520365957
2009-02-24,-0.0010486821512456501
2009-02-25,-0.011616822594484155
2009-02-26,-0.01058026199107509
2009-02-27,-0.005775869279000645
2009-03-02,0.016420812585258737
2009-03-03,-0.006703909228027882
2009-03-04,-0.004591879909948027
2009-03-05,0.02743080859258651
2009-03-06,-0.006691248303813069
2009-03-09,-0.005868557853845324
2009-03-10,-0.01938480022494904
2009-03-11,0.010761964698519755
2009-03-12,0.004757269874780867
2009-03-13,-0.005049341836086185
2009-03-16,-0.01589522497899587
2009-03-17,-0.005454416116459804
2009-03-18,0.03718824717755265
2009-03-19,0.00124317604674129
2009-03-20,-0.005564194580306214
2009-03-23,-0.00869920549855685
2009-03-24,0.00946799347516869
2009-03-25,-0.013552610887552774
2009-03-26,0.011531292421941508
2009-03-27,0.007392368840861252
2009-03-30,0.0038172877449991205
2009-03-31,0.007120281485804902
2009-04-01,0.009085654877730498
2009-04-02,-0.012296605727982524
2009-04-03,-0.020675295905808078
2009-04-06,-0.004284234389915653
2009-04-07,0.0025343918521265607
2009-04-08,0.008817255178141359
2009-04-09,-0.012621725041967125
2009-04-13,0.009142257540236898
2009-04-14,0.005214949332756902
2009-04-15,-0.001735481831026675
2009-04-16,-0.007942387162596987
2009-04-17,-0.01105051094408882
2009-04-20,0.015029961921471546
2009-04-21,-0.009928790279168709
2009-04-22,-0.006084606131850023
2009-04-23,-9.822013523130835e-05
2009-04-24,-0.010090807454539608
2009-04-27,0.004266818811476725
2009-04-28,-0.016471898262943263
2009-04-29,-0.00889716238724425
2009-04-30,-0.003968469692940957
2009-05-01,-0.006905811730502975
2009-05-04,0.003289268266541079
2009-05-05,-0.0012326838019021125
2009-05-06,-0.0023658088839946245
2009-05-07,-0.02471611084723868
2009-05-08,0.002425342908902728
2009-05-11,0.014119974061014062
2009-05-12,0.0036279621870827228
2009-05-13,0.01080583762205034
2009-05-14,0.0038835653903497303
2009-05-15,-0.00030632718248568835
2009-05-18,-0.01562597485002115
2009-05-19,-0.005297245468288914
2009-05-20,0.010464371963413654
2009-05-21,-0.025470659702333975
2009-05-22,-0.011164366896186273
2009-05-26,-0.015189600863683594
2009-05-27,-0.017853583336078227
2009-05-28,0.014373968140229731
2009-05-29,0.02548913655865004
2009-06-01,-0.03000945991654591
2009-06-02,0.005364119659533539
2009-06-03,0.009347167706419413
2009-06-04,-0.020879009425827988
2009-06-05,-0.0076505488720575165
2009-06-08,-0.002562984908458965
2009-06-09,-0.00011180255708476139
2009-06-10,-0.01586096928443137
2009-06-11,0.011049661708476766
2009-06-12,0.00893234268018439
2009-06-15,0.008963412903109091
2009-06-16,0.017254047694219565
2009-06-17,-0.00564484877543503
2009-06-18,-0.01525208503015607
2009-06-19,0.013616533253040242
2009-06-22,0.009659927224589637
2009-06-23,0.011704519751398301
2009-06-24,-0.010085913960244497
2009-06-25,0.018167020307719106
2009-06-26,0.0016926347375232353
2009-06-29,0.0014789607854490683
2009-06-30,-0.0016902657356165918
2009-07-01,-0.001985552333104934
2009-07-02,0.0023356616810845665
2009-07-06,-0.0019102345350319183
2009-07-07,0.006670452917134639
2009-07-08,0.018301370462293853
2009-07-09,-0.011988126487098683
2009-07-10,0.009186653079095386
2009-07-13,-0.0056278617975733525
2009-07-14,-0.01675598817687085
2009-07-15,-0.02605276112870225
2009-07-16,0.010740337785406062
2009-07-17,-0.015552213417609373
2009-07-20,0.005247399451948631
2009-07-21,0.01975575700589083
2009-07-22,-0.009019728701133545
2009-07-23,-0.01850695776680311
2009-07-24,0.004822963978667438
2009-07-27,-0.011547463803278646
2009-07-28,0.008810075009247242
2009-07-29,0.005467166370684673
2009-07-30,0.014077632113945526
2009-07-31,0.019275107907355427
2009-08-03,-0.015270249672869163
2009-08-04,-0.007983971271984025
2009-08-05,-0.015061396879904265
2009-08-06,0.003403046351651895
2009-08-07,-0.008363425326196605
2009-08-10,0.012410431434663138
2009-08-11,0.01150299744272587
2009-08-12,-0.010738892140320644
2009-08-13,0.014077814328022242
2009-08-14,0.003864685735108786
2009-08-17,0.014674186423399682
2009-08-18,-0.0058230069804059426
2009-08-19,0.008248360420381573
2009-08-20,0.00818022074489555
2009-08-21,-0.02079056626477005
2009-08-24,0.01796690226674791
2009-08-25,0.00564043109407919
2009-08-26,0.004571290698334174
2009-08-27,-0.003947215594189757
2009-08-28,0.004569690088609413
2009-08-31,0.0009317421658039393
2009-09-01,-0.00242231679154159
2009-09-02,0.014469619377500464
2009-09-03,-0.0061749768729688626
2009-09-04,-0.017182171003474522
2009-09-08,-0.007062325676367109
2009-09-09,-0.0011645975443510537
2009-09-10,0.018259954109103305
2009-09-11,0.005495315489363328
2009-09-14,-0.00997770637500306
2009-09-15,-0.005131612328113988
2009-09-16,0.0017834196068333696
2009-09-17,0.012498612319716607
2009-09-18,-0.008941352414501225
2009-09-21,0.0022954797825942563
2009-09-22,0.002080932469874952
2009-09-23,0.003010697140970464
2009-09-24,0.002898081976207223
2009-09-25,0.012633006501023836
2009-09-28,0.008738816765240465
2009-09-29,-0.0009106572206745156
2009-09-30,-0.0009118705867665611
2009-10-01,0.013602478490052583
2009-10-02,-0.006944937884886038
2009-10-05,0.00010108937613484414
2009-10-06,-0.009945653575152313
2009-10-07,0.011660520860224288
2009-10-08,-0.010539198348388013
2009-10-09,-0.02319127327394277
2009-10-12,0.0015630609434795772
2009-10-13,0.005192281187690995
2009-10-14,-0.014922019522589203
2009-10-15,-0.004636504323437762
2009-10-16,0.00809987870277773
2009-10-19,0.007826267082548632
2009-10-20,0.005390816679484267
2009-10-21,-0.006013793189832306
2009-10-22,-0.00490088893292473
2009-10-23,-0.007554546583082633
2009-10-26,-0.013039711074941174
2009-10-27,0.013566327372389608
2009-10-28,0.004725528646358335
2009-10-29,-0.01095601142983238
2009-10-30,0.014406841818612293
2009-11-02,-0.004428731407082331
2009-11-03,-0.010045931015741694
2009-11-04,-0.009180936123760475
2009-11-05,0.0
2009-11-06,0.0009648657316967402
2009-11-09,0.0011781142817488544
2009-11-10,-0.0018203369271025949
2009-11-11,0.004171607337602801
2009-11-12,-0.0018165939066916437
2009-11-13,0.0045887623222649054
2009-11-16,0.011644243680668076
2009-11-17,0.0053532079329148274
2009-11-18,-0.005879602574367482
2009-11-19,0.0017881779148982702
2009-11-20,-0.00021008791410448424
2009-11-23,-0.0012627737591373034
2009-11-24,0.006296148583778027
2009-11-25,0.004592450085816324
2009-11-27,0.0037410907728450127
2009-11-30,0.002382478336085292
2009-12-01,-0.011201267858161224
2009-12-02,0.0008399439002495512
2009-12-03,-0.010439694537157429
2009-12-04,-0.01065738121446902
2009-12-07,0.0012856124061961793
2009-12-08,0.0014962943880068025
2009-12-09,-0.004604701532600508
2009-12-10,-0.011550132946807956
2009-12-11,-0.00010887274955706516
2009-12-14,0.0011934953994163777
2009-12-15,-0.004456767805312012
2009-12-16,-0.0011989657950008947
2009-12-17,0.016336387004606046
2009-12-18,-0.004301521407787945
2009-12-21,-0.01794256611719547
2009-12-22,-0.005611682648736682
2009-12-23,0.00022075884720518246
2009-12-24,-0.010423630765047598
2009-12-28,-0.0027900669201628148
2009-12-29,0.006574354782467928
2009-12-30,0.006553318183152079
2009-12-31,-0.0047718590133465355
2010-01-04,-0.0008901943474803886
2010-01-05,0.006437730170127054
2010-01-06,-0.013477524257099915
2010-01-07,0.0016805989819514977
2010-01-08,-0.0004481019426432198
2010-01-11,-0.005502156628537591
2010-01-12,0.0169715070370291
2010-01-13,-0.011692605601111516
2010-01-14,0.013903892620303893
2010-01-15,0.006168379661801282
2010-01-19,-0.0028584670866740325
2010-01-20,0.01007901922992982
2010-01-21,0.004567721111317979
2010-01-22,-0.0017377441033845642
2010-01-25,-0.004575276164958453
2010-01-26,0.0003272337792594726
2010-01-27,-0.0005461965319071282
2010-01-28,-0.0005460871328510919
2010-01-29,0.008703629059370499
2010-02-01,-0.009119154061053791
2010-02-02,0.0028491082911346055
2010-02-03,-0.011663833650153776
2010-02-04,0.01570196311567784
2010-02-05,0.002177730874157291
2010-02-08,0.0013038811248193838
2010-02-09,-0.010038985883199736
2010-02-10,-0.009587443792814732
2010-02-11,-0.00544030651103089
2010-02-12,0.00411145843333216
2010-02-16,0.0018818196517029762
2010-02-17,-0.01146417625376106
2010-02-18,-0.0040381054246134696
2010-02-19,0.005380224743602113
2010-02-22,-0.004144295775748041
2010-02-23,0.015482938660349
2010-02-24,0.00242969761259193
2010-02-25,0.005606813955525425
2010-02-26,0.005140415807566967
2010-03-01,-0.00043728837402579046
2010-03-02,-0.0013152491431842606
2010-03-03,-0.002523838112853838
2010-03-04,0.005261045267078046
2010-03-05,-0.01320549352426692
2010-03-08,-0.0052202325811707695
2010-03-09,0.00022238324610057703
2010-03-10,-0.0025641916678553756
2010-03-11,0.003677359642692224
2010-03-12,0.006208185233930408
2010-03-15,-0.0013274852313491792
2010-03-16,0.007937045610678872
2010-03-17,0.0042724292712401635
2010-03-18,-0.0032847896717882463
2010-03-19,0.000986055708676048
2010-03-22,0.0010953425827020524
2010-03-23,-0.0047181354303749146
2010-03-24,-0.018424031294105525
2010-03-25,-0.00640566447433244
2010-03-26,0.002814931602735271
2010-03-29,-0.0038300880779500446
2010-03-30,0.0031549403772146434
2010-03-31,0.006839182550693046
2010-04-01,-0.0024477394734025992
2010-04-05,-0.016779227714861733
2010-04-06,0.0015995654258915692
2010-04-07,0.012703088994678424
2010-04-08,0.0004504209444684548
2010-04-09,0.0023635148323988275
2010-04-12,0.005267787299610305
2010-04-13,0.0032368000651166184
2010-04-14,-0.007045447912230607
2010-04-15,0.0011226348805140063
2010-04-16,0.007259304304671588
2010-04-19,-0.002451187999761295
2010-04-20,0.0035630203836776175
2010-04-21,0.008192159555521883
2010-04-22,-0.002980788818471858
2010-04-23,-0.0035449458644798426
2010-04-26,0.0011084081862842154
2010-04-27,0.013979725260968578
2010-04-28,-0.008562398764301093
2010-04-29,0.004181405536907157
2010-04-30,0.011462080573516609
2010-05-03,-0.0013082240560216007
2010-05-04,0.017835500434013163
2010-05-05,0.005875714973264223
2010-05-06,0.030419701207542893
2010-05-07,-0.012580227269795685
2010-05-10,-0.020932840083690785
2010-05-11,-0.0025672381244969955
2010-05-12,-0.007634282264322501
2010-05-13,0.006562476050726573
2010-05-14,0.01722137370759036
2010-05-17,-0.003695583950297454
2010-05-18,0.015222574411416723
2010-05-19,0.0033273449754434026
2010-05-20,0.02086216008544106
2010-05-21,0.0010155735334684834
2010-05-24,-0.0034599809700752715
2010-05-25,0.004882605343618174
2010-05-26,-0.0028454653205765013
2010-05-27,-0.02294859647703884
2010-05-28,0.004569561837750591
2010-06-01,0.0070042786637207755
2010-06-02,-0.0095445596629542
2010-06-03,-0.007323416011501216
2010-06-04,0.026526405729593527
2010-06-07,0.007640279779986159
2010-06-08,-0.004984792658633275
2010-06-09,-0.0011225043943312585
2010-06-10,-0.01802945029366665
2010-06-11,0.01260304299868853
2010-06-14,-0.005145351153422517
2010-06-15,-0.0041366951932868545
2010-06-16,0.005682389313882652
2010-06-17,0.00810628177534145
2010-06-18,-0.0016355360675692765
2010-06-21,-0.0028710886749454545
2010-06-22,0.011838948330212595
2010-06-23,0.006772988346089193
2010-06-24,-0.005962496717276444
2010-06-25,0.004046646429724632
2010-06-28,0.009346155283557422
2010-06-29,0.010841849969834172
2010-06-30,0.006706437547619792
2010-07-01,0.0015755467690983238
2010-07-02,-0.008004519930503662
2010-07-06,0.008202076178958961
2010-07-07,-0.011780230280247217
2010-07-08,-0.0063926769636717395
2010-07-09,-0.005728803483647127
2010-07-12,-0.0004026837732329369
2010-07-13,-0.00860735305238336
2010-07-14,0.010018032127607768
2010-07-15,0.009918422711151287
2010-07-16,0.004872884094645258
2010-07-19,-0.00617001585589616
2010-07-20,0.001496985241182358
2010-07-21,0.016801858673209935
2010-07-22,-0.011633057005566272
2010-07-23,-0.010666029663666698
2010-07-26,-0.0017055222275494941
2010-07-27,-0.009685147753017098
2010-07-28,0.0032394937511250887
2010-07-29,-0.00030357673751169045
2010-07-30,0.015445029900351237
2010-08-02,-0.014137743588940488
2010-08-03,0.005755776344239294
2010-08-04,-0.007680911517922162
2010-08-05,0.004656651274739687
2010-08-06,0.01084738445619049
2010-08-09,-0.003703443283910701
2010-08-10,0.002102984790255391
2010-08-11,0.013319611107403873
2010-08-12,-0.002472354426412693
2010-08-13,0.01239507450509958
2010-08-16,0.024718893929910557
2010-08-17,-0.005739145651936006
2010-08-18,0.0026819411348144584
2010-08-19,0.015474132540372665
2010-08-20,-0.0011307134182168
2010-08-23,0.0001883882701561035
2010-08-24,0.015902142759336435
2010-08-25,-0.003253938569400816
2010-08-26,0.009359060828220578
2010-08-27,-0.028724145093491416
2010-08-30,0.01899221681238661
2010-08-31,0.011022444355728744
2010-09-01,-0.020893449736876235
2010-09-02,-0.010622039211356515
2010-09-03,-0.012473068268989529
2010-09-07,0.020261465010896096
2010-09-08,-0.007979379590713265
2010-09-09,-0.019937686779694985
2010-09-10,-0.004583331314452543
2010-09-13,0.004874793782178699
2010-09-14,0.009583050860205056
2010-09-15,-0.014947024537915077
2010-09-16,-0.00992380714044927
2010-09-17,0.004040388790190974
2010-09-20,0.0057857906210623256
2010-09-21,0.013790444378269484
2010-09-22,0.008929734971816039
2010-09-23,0.002864168920758914
2010-09-24,-0.013531299413648057
2010-09-27,0.0172418984867857
2010-09-28,0.0068148295009828885
2010-09-29,-0.004159083941337904
2010-09-30,-0.0006635338470628582
2010-10-01,-0.004844257271463093
2010-10-04,0.0025779223400439477
2010-10-05,-0.006025483944367416
2010-10-06,0.012488422342814332
2010-10-07,-0.00837179949985245
2010-10-08,-0.004403482002930836
2010-10-11,0.00019086257084310887
2010-10-12,-0.009929265239420282
2010-10-13,-0.0015519655420526135
2010-10-14,-0.015056914707923141
2010-10-15,-0.01229095483851328
2010-10-18,0.008045920944518059
2010-10-19,0.006017005631131056
2010-10-20,0.0021601585645898425
2010-10-21,-0.011943591785832375
2010-10-22,0.006730013159296888
2010-10-25,0.0028564650288496196
2010-10-26,-0.015562240171240305
2010-10-27,-0.008830708082878225
2010-10-28,0.0027177748022824133
2010-10-29,0.009304333417492927
2010-11-01,-0.00431432904236928
2010-11-02,0.013057425492498886
2010-11-03,-0.020611617398624382
2010-11-04,0.007754581108497582
2010-11-05,-0.017302170373920234
2010-11-08,0.0044802838566946335
2010-11-09,-0.02229573208761515
2010-11-10,0.0013500376384154578
2010-11-11,-0.0005181984132729411
2010-11-12,-0.005413305137340174
2010-11-15,-0.02109479412885573
2010-11-16,0.02453350130892229
2010-11-17,-0.005528551211228638
2010-11-18,0.004071174334526084
2010-11-19,0.006128051695723613
2010-11-22,0.004234031733667543
2010-11-23,0.004937211311148992
2010-11-24,-0.01801089820824675
2010-11-26,0.013795593916162474
2010-11-29,0.008514505703344888
2010-11-30,0.0051963781041228785
2010-12-01,-0.022480384084398786
2010-12-02,-0.0026107844549025927
2010-12-03,-0.007872490407573984
2010-12-06,0.014023349908347527
2010-12-07,-0.02164016693956583
2010-12-08,-0.009710118879154628
2010-12-09,0.004920553490729951
2010-12-10,-0.0061010427308740844
2010-12-13,0.0037500859466206293
2010-12-14,-0.014651865532607111
2010-12-15,-0.013109229729444394
2010-12-16,0.006904418416575631
2010-12-17,0.018072520129416958
2010-12-20,-0.0010727830262196036
2010-12-21,0.006953884382499886
2010-12-22,-0.007169107134211039
2010-12-23,-0.0020418004669844336
2010-12-27,0.00889147677357105
2010-12-28,-0.019779084651313283
2010-12-29,0.016777876459714847
2010-12-30,-0.0007521287676599542
2010-12-31,0.011004468351662133
2011-01-03,-0.0075722634890862395
2011-01-04,0.0011760647278133973
2011-01-05,-0.022273223596482872
2011-01-06,0.0043635902826064665
2011-01-07,0.005320624958723208
2011-01-10,0.0054000067531347895
2011-01-11,-0.005616524130859446
2011-01-12,-0.00782849154956633
2011-01-13,0.00891073923737995
2011-01-14,-0.006403377233899832
2011-01-18,-0.004693480920057169
2011-01-19,0.007194896275438012
2011-01-20,-0.013889794735659322
2011-01-21,0.00789850812752313
2011-01-24,0.00043590531427462054
2011-01-25,0.009457343172380561
2011-01-26,-0.015261793216116537
2011-01-27,0.0044931577237239395
2011-01-28,0.005236443933749335
2011-01-31,-0.00764506404817844
2011-02-01,-0.004962811176736359
2011-02-02,0.00022142663480284597
2011-02-03,-0.008325623939729354
2011-02-04,-0.010193669865434352
2011-02-07,0.0051664201656720365
2011-02-08,-0.009228488840363092
2011-02-09,0.00866818654268986
2011-02-10,-0.011611358508882397
2011-02-11,0.014298257175157758
2011-02-14,0.0006703487192023516
2011-02-15,0.004458493396352736
2011-02-16,-0.0032312734515329566
2011-02-17,0.00156106178703741
2011-02-18,-0.0031238324036557685
2011-02-22,0.014863028629248376
2011-02-23,0.0036263687235065234
2011-02-24,0.006342371026462956
2011-02-25,0.0058681801846844905
2011-02-28,0.0012998994713138146
2011-03-01,0.0028947884363086374
2011-03-02,-0.015492328699044933
2011-03-03,-0.009834127275593296
2011-03-04,0.00829378115667101
2011-03-07,-0.006408052829975475
2011-03-08,-0.006113784351532203
2011-03-09,0.009655118374181981
2011-03-10,0.016646252103725168
2011-03-11,-0.005664113128956316
2011-03-14,-0.00043607485473273755
2011-03-15,0.014860142947549448
2011-03-16,0.011240917260224137
2011-03-17,-0.007694301007315829
2011-03-18,0.0026784042329062174
2011-03-21,-0.005902690321549109
2011-03-22,0.0033307451551367606
2011-03-23,-0.0012875649272237055
2011-03-24,-0.0075474432502824484
2011-03-25,-0.0024922077184177382
2011-03-28,0.0014097405299420274
2011-03-29,-0.007722552042990216
2011-03-30,0.007938843510601146
2011-03-31,-0.0020598812915819664
2011-04-01,0.004848829774744878
2011-04-04,0.0010844720791247653
2011-04-05,-0.004017181021092497
2011-04-06,-0.015127215921246773
2011-04-07,-0.0019900280417557425
2011-04-08,-0.005325965009401301
2011-04-11,0.0008903557114026128
2011-04-12,0.01072370774980147
2011-04-13,0.006249709527772929
2011-04-14,-0.0007650776558660866
2011-04-15,0.013470337720643322
2011-04-18,0.0022646724464117085
2011-04-19,0.004296459305377809
2011-04-20,-0.006452396431149587
2011-04-21,-0.0008640864807807347
2011-04-25,0.0037722076871080645
2011-04-26,0.009636760604926131
2011-04-27,-0.010282045990854805
2011-04-28,0.007614799861997312
2011-04-29,0.003093313351986815
2011-05-02,0.0016033491164337832
2011-05-03,0.005643654125310427
2011-05-04,0.004450442627382145
2011-05-05,0.009469006941468017
2011-05-06,-0.004407541017536154
2011-05-09,-0.0010522840549658241
2011-05-10,-0.007186359185554103
2011-05-11,0.005710616103045574
2011-05-12,-0.006347139790027434
2011-05-13,0.008980272560616065
2011-05-16,0.0055579267063583515
2011-05-17,0.010198482565873412
2011-05-18,-0.013340418300095358
2011-05-19,-0.00042033876983449403
2011-05-20,0.000525488471957658
2011-05-23,0.004813728879595303
2011-05-24,0.0037523452461254436
2011-05-25,-0.004692574205646949
2011-05-26,0.0085326716542804
2011-05-27,-0.0004137693519377095
2011-05-31,0.0022782414973638865
2011-06-01,0.013423340080108481
2011-06-02,-0.019233203202318805
2011-06-03,0.005725925744557436
2011-06-06,-0.007606853467817309
2011-06-07,0.004592189587606654
2011-06-08,0.007779949099028016
2011-06-09,-0.004037960527870865
2011-06-10,0.007646459646180936
2011-06-13,-0.005056656811273541
2011-06-14,-0.01522203841558234
2011-06-15,0.01801129719524397
2011-06-16,0.004529907505125053
2011-06-17,-0.004735992694428148
2011-06-20,0.0012369624338175456
2011-06-21,-0.004441703789519025
2011-06-22,0.0006215677653429452
2011-06-23,0.00762729954495267
2011-06-24,-0.00421877018138872
2011-06-27,-0.013809086258946834
2011-06-28,-0.008082405783148339
2011-06-29,-0.006662792732844203
2011-06-30,-0.001592644201112492
2011-07-01,-0.001600302628469663
2011-07-05,0.0022393710194776872
2011-07-06,0.005102234426159313
2011-07-07,-0.0029732527391104213
2011-07-08,0.014044843630465209
2011-07-11,0.01488207542551745
2011-07-12,0.0034037981689705177
2011-07-13,0.0027753684883844443
2011-07-14,-0.014373126071964393
2011-07-15,0.0016652453920915633
2011-07-18,-0.00971752515843427
2011-07-19,0.020576256729260223
2011-07-20,-0.011899747588893561
2011-07-21,-0.007732040799356632
2011-07-22,0.007524352397886069
2011-07-25,-0.010993084965070565
2011-07-26,0.00681972460325575
2011-07-27,0.00010452823214102125
2011-07-28,0.0037552102588112035
2011-07-29,0.01959517433497915
2011-08-01,0.010042637260920806
2011-08-02,0.029583754226899295
2011-08-03,0.0019676963410377724
2011-08-04,0.034962607497637244
2011-08-05,-0.029277755977052067
2011-08-08,0.031079270967001804
2011-08-09,0.003027717099032934
2011-08-10,0.0293188401383091
2011-08-11,-0.051765679631838424
2011-08-12,0.01960881661383329
2011-08-15,-0.010187310773011049
2011-08-16,0.016419990582978272
2011-08-17,0.01735749748558124
2011-08-18,0.02033013763596969
2011-08-19,0.008035446127356849
2011-08-22,-0.0025205306529247906
2011-08-23,-0.013890047784282267
2011-08-24,-0.028842520368464797
2011-08-25,0.01076273989463239
2011-08-26,0.00981860797328249
2011-08-29,-0.013922441331636115
2011-08-30,0.01594798593055291
2011-08-31,-0.015574609230386116
2011-09-01,0.020975983089779326
2011-09-02,0.03196945090918657
2011-09-06,0.010346357355398794
2011-09-07,-0.019273308290913782
2011-09-08,0.008926950935514988
2011-09-09,0.010610102034918079
2011-09-12,0.0010548958133087538
2011-09-13,-0.014334508256623302
2011-09-14,0.008430708692045208
2011-09-15,-0.015407035538983038
2011-09-16,0.007243836783784374
2011-09-19,0.018886615850578714
2011-09-20,0.004187792538643542
2011-09-21,0.03254836570477515
2011-09-22,0.036896978102250344
2011-09-23,-0.018774927916572537
2011-09-26,-0.01618593472226415
2011-09-27,-0.015426449822013133
2011-09-28,-0.00034191087433121936
2011-09-29,0.006897119233411075
2011-09-30,0.024809263078288346
2011-10-03,0.027148166680142083
2011-10-04,-0.012762185689420669
2011-10-05,-0.007224582514070654
2011-10-06,-0.0186296327386124
2011-10-07,-0.007415290955616882
2011-10-10,-0.014224663047262887
2011-10-11,-0.003350995607452667
2011-10-12,-0.014653743729962976
2011-10-13,0.009908501048227158
2011-10-14,-0.014635816490421227
2011-10-17,0.017140474257525184
2011-10-18,-0.0062306078367138085
2011-10-19,-0.00034778872899554614
2011-10-20,-0.00714561469328423
2011-10-21,-0.010638736821326766
2011-10-24,0.0016785251502895449
2011-10-25,0.02509679173004642
2011-10-26,-0.017624976269812187
2011-10-27,-0.03448428028180839
2011-10-28,0.010461540166590844
2011-10-31,0.038889619395467534
2011-11-01,0.03292646593103665
2011-11-02,-0.012551431370484423
2011-11-03,-0.013829036916273907
2011-11-04,0.001202481832856428
2011-11-07,0.0063327132972439415
2011-11-08,-0.012879005914597563
2011-11-09,0.02052777179660925
2011-11-10,-0.015012557459904485
2011-11-11,-0.006120772818593245
2011-11-14,0.015955610131863196
2011-11-15,-0.0013630455650810447
2011-11-16,0.009077018264180836
2011-11-17,0.007989984258398586
2011-11-18,-0.000250729051691323
2011-11-21,0.005931689449266919
2011-11-22,0.011099926279197092
2011-11-23,0.009755797906930042
2011-11-25,-0.01462810904981815
2011-11-28,-0.0004962524052816164
2011-11-29,-0.008234003517230803
2011-11-30,-0.015739101888536666
2011-12-01,-0.005029773918225899
2011-12-02,0.013919672889617374
2011-12-05,-0.0020249148576851894
2011-12-06,-0.009590063592501252
2011-12-07,0.003575121654876945
2011-12-08,0.012413994811698359
2011-12-09,-0.020775552852416723
2011-12-12,0.011077511629356884
2011-12-13,0.009278547571665463
2011-12-14,0.018713020127134605
2011-12-15,-0.0037150187772674315
2011-12-16,0.011594858862206792
2011-12-19,0.012591646545782709
2011-12-20,-0.025261794327363418
2011-12-21,-0.01400748390320139
2011-12-22,0.004189994841135025
2011-12-23,-0.011183074135613147
2011-12-27,0.004739260120163458
2011-12-28,0.018319306534541724
2011-12-29,0.001822333719746716
2011-12-30,0.003222072990919145
2012-01-03,-0.015124971281045063
2012-01-04,-0.011960706809556854
2012-01-05,-0.0017816291550643015
2012-01-06,0.007864053747179689
2012-01-09,-0.0017705250393769134
2012-01-10,-0.0016886990914146693
2012-01-11,0.012931432783765295
2012-01-12,-0.0014185700932918266
2012-01-13,0.009893406989347042
2012-01-17,0.004621923304350517
2012-01-18,-0.01217900921496895
2012-01-19,-0.013849183769202078
2012-01-20,-0.011389211428479484
2012-01-23,-0.0063462500333519856
2012-01-24,0.0018049248783027494
2012-01-25,-0.002407719731027491
2012-01-26,0.013169972215583137
2012-01-27,0.0031378012867548932
2012-01-30,0.011703278221522062
2012-01-31,0.01148423858723202
2012-02-01,-0.011520589798794667
2012-02-02,-0.00041880740156319263
2012-02-03,-0.02172345886809257
2012-02-06,0.009901703053303734
2012-02-07,-0.01247919343540449
2012-02-08,0.0007743093657044398
2012-02-09,-0.00750489872395832
2012-02-10,0.012904324728646444
2012-02-13,0.0012812034371840753
2012-02-14,0.005278801292545765
2012-02-15,-0.0017853338828199838
2012-02-16,-0.0080279287743652
2012-02-17,-0.0002578437269962208
2012-02-21,-0.011126987056221616
2012-02-22,0.012498604251074852
2012-02-23,0.0
2012-02-24,0.006488466248232072
2012-02-27,0.008813363478115122
2012-02-28,-0.0032963034597797147
2012-02-29,-0.0061117676648594355
2012-03-01,-0.009459095459757094
2012-03-02,0.00934743247570502
2012-03-05,-0.00797014846092381
2012-03-06,0.01205859501238482
2012-03-07,-0.00613915086020711
2012-03-08,-0.010058185651368845
2012-03-09,0.0019855310354763844
2012-03-12,-0.0001727728869198586
2012-03-13,-0.017749791648257407
2012-03-14,-0.025518462665393926
2012-03-15,0.0015296880490334175
2012-03-16,0.001975815250261803
2012-03-19,-0.012007037986849767
2012-03-20,0.003987972245757199
2012-03-21,0.011245885362119346
2012-03-22,0.003213381794886061
2012-03-23,0.009408059562637128
2012-03-26,-0.0051361995748431255
2012-03-27,0.007165452993580068
2012-03-28,-0.001410858618185351
2012-03-29,0.007475130184668721
2012-03-30,-0.017054874035239642
2012-04-02,0.0055254520711471855
2012-04-03,-0.01748104824616714
2012-04-04,0.013651726236991735
2012-04-05,0.007200166347407944
2012-04-09,0.023112170234019125
2012-04-10,0.011273117592798698
2012-04-11,-0.012052233149466574
2012-04-12,-0.004165962840468218
2012-04-13,0.016047084599565054
2012-04-16,-0.0014564611473755207
2012-04-17,-0.0005999451281510915
2012-04-18,0.002911573051001426
2012-04-19,0.0009401903573769133
2012-04-20,0.00017002506814556284
2012-04-23,0.007235793462613493
2012-04-24,-0.0070638490854655345
2012-04-25,-0.005137944947180451
2012-04-26,0.005991578664957586
2012-04-27,0.0008534891151983359
2012-04-30,0.00025523393787363347
2012-05-01,-0.005199575077431184
2012-05-02,0.007017289047066555
2012-05-03,-0.0002555469001421784
2012-05-04,0.007818164744157308
2012-05-07,0.00016901306761596402
2012-05-08,0.005317914997911899
2012-05-09,0.0006732367587227728
2012-05-10,-0.0029490869040085244
2012-05-11,0.008235415742822383
2012-05-14,0.0138770328228075
2012-05-15,0.004036362588856868
2012-05-16,0.0028723344720367194
2012-05-17,0.017548842743305038
2012-05-18,0.00024133682023652625
2012-05-21,-0.0020949921740625044
2012-05-22,-0.01119671624661045
2012-05-23,0.006911465005079442
2012-05-24,-0.003816105888396315
2012-05-25,0.0037347830441287755
2012-05-29,-0.0030846347949262665
2012-05-30,0.025046413003585677
2012-05-31,0.011507554215524962
2012-06-01,0.023462540194520543
2012-06-04,-0.007932641043239208
2012-06-05,-0.013467261696821886
2012-06-06,-0.02018618115501436
2012-06-07,0.0015186051062228145
2012-06-08,-0.00024010855778655582
2012-06-11,0.004542302945633736
2012-06-12,-0.009185595857265305
2012-06-13,0.0098213834256482
2012-06-14,-0.0012720699525656798
2012-06-15,0.005552938179153699
2012-06-18,0.005365830434134189
2012-06-19,-0.01314904114761628
2012-06-20,0.004931636030596209
2012-06-21,0.005301091161422633
2012-06-22,-0.013426718683165362
2012-06-25,0.01445270672096477
2012-06-26,-0.003950652011486255
2012-06-27,0.0015822598414096944
2012-06-28,0.002446719888546056
2012-06-29,-0.013092688818669096
2012-07-02,0.01026479951984971
2012-07-03,-0.0077143957155767495
2012-07-05,0.005096677058346266
2012-07-06,0.009250666454457601
2012-07-09,0.008776042115433036
2012-07-10,0.0020270458296325344
2012-07-11,0.0012444789760417407
2012-07-12,0.007051055475875145
2012-07-13,-0.0026285863176509494
2012-07-16,0.004634312427668874
2012-07-17,-0.007891025412121166
2012-07-18,0.0005437131411980545
2012-07-19,-0.0025651688076031576
2012-07-20,0.012144294888464913
2012-07-23,0.005597257256593657
2012-07-24,0.007844582503164332
2012-07-25,0.0025764973170661065
2012-07-26,-0.009198254498436143
2012-07-27,-0.019041980171205175
2012-07-30,0.0074444172054608515
2012-07-31,0.002006284136260028
2012-08-01,-0.005011644530568127
2012-08-02,0.005652565312598945
2012-08-03,-0.016269384294637312
2012-08-06,0.0003923970483858952
2012-08-07,-0.012949327144037959
2012-08-08,-0.00533882721051171
2012-08-09,-0.0007192513914642262
2012-08-10,0.005024559351171298
2012-08-13,-0.0016719294194480483
2012-08-14,-0.013639415252621134
2012-08-15,-0.014156190500746568
2012-08-16,-0.00855744574236006
2012-08-17,0.004863599770527749
2012-08-20,0.00205390340650613
2012-08-21,0.00442200163061468
2012-08-22,0.016369721914673896
2012-08-23,0.004170304365438859
2012-08-24,-0.0009601595232542337
2012-08-27,0.005831660307699771
2012-08-28,0.0023870776008081407
2012-08-29,-0.00438055061267395
2012-08-30,0.005175038421814548
2012-08-31,0.014034731903159958
2012-09-04,-0.0010048361848857823
2012-09-05,-0.004724148893184399
2012-09-06,-0.016790336118481797
2012-09-07,-0.00466602237071978
2012-09-10,0.002416046507365266
2012-09-11,-0.006292789588993486
2012-09-12,-0.012543798270872486
2012-09-13,-0.003941331977780571
2012-09-14,-0.026937383240375645
2012-09-17,0.011931387916126468
2012-09-18,0.004999397968631136
2012-09-19,0.006544187961094572
2012-09-20,0.002474597940567591
2012-09-21,0.0011526767479663746
2012-09-24,0.00778485242103244
2012-09-25,0.0098289356447534
2012-09-26,0.010693607713106346
2012-09-27,-0.007142977743583856
2012-09-28,0.0005639208812286967
2012-10-01,0.0037039513734082874
2012-10-02,-0.001367982765965614
2012-10-03,0.00032226516903755
2012-10-04,-0.012549436318606944
2012-10-05,-0.013039159618193352
2012-10-08,0.008384622878536696
2012-10-09,-0.0018025673055968028
2012-10-10,0.007027408006853975
2012-10-11,0.006897248208896478
2012-10-12,0.002504028853508977
2012-10-15,-0.0022608713663263558
2012-10-16,-0.013921523971545113
2012-10-17,-0.009307351056597746
2012-10-18,-0.006142229316553838
2012-10-19,0.013479874066375963
2012-10-22,-0.006427378961546992
2012-10-23,0.01420026172960398
2012-10-24,-0.009910971827635784
2012-10-25,-0.005116642975856678
2012-10-26,0.014620545149997888
2012-10-31,0.005853451098666973
2012-11-01,-0.008221133211942622
2012-11-02,-0.0007362631069236514
2012-11-05,0.005628131933019809
2012-11-06,-0.009479643986342268
2012-11-07,0.017983932062913155
2012-11-08,0.01472929849613891
2012-11-09,0.001111850631183131
2012-11-12,0.0016658183672522142
2012-11-13,0.003322801369345818
2012-11-14,0.0009468778118346677
2012-11-15,-0.0019742312404327222
2012-11-16,-0.0008708780731199184
2012-11-19,-0.005633707985765568
2012-11-20,-0.010077167671901144
2012-11-21,-0.0005633746607154322
2012-11-23,-0.000965708370534557
2012-11-26,0.0047392249337470105
2012-11-27,0.003918400217357565
2012-11-28,-0.001437487385124392
2012-11-29,0.00015927303859619713
2012-11-30,-0.002720390642948267
2012-12-03,0.0009227329130290229
2012-12-04,0.005759072882826288
2012-12-05,-0.000478067679839711
2012-12-06,0.0021517885678354887
2012-12-07,-0.009279473043712017
2012-12-10,0.0044102928412979026
2012-12-11,-0.0076304597979266475
2012-12-12,-0.011677426971506755
2012-12-13,0.0007340309996086702
2012-12-14,0.007470209770916725
2012-12-17,-0.015080535562137953
2012-12-18,-0.010237232793588902
2012-12-19,0.003314535153087661
2012-12-20,0.00016522500607507595
2012-12-21,0.010856419780321147
2012-12-24,-0.0018015297723481538
2012-12-26,0.0035908282019105897
2012-12-27,0.003349850293630219
2012-12-28,0.0056927863774953735
2012-12-31,-0.017423894411640717
2013-01-02,-0.013459669404332963
2013-01-03,-0.013641690484540447
2013-01-04,0.003892694137360486
2013-01-07,0.00042150150592235036
2013-01-08,0.006563506828006993
2013-01-09,-0.0009226531460608811
2013-01-10,-0.002774588368978037
2013-01-11,0.0088839574751578
2013-01-14,-0.0027572904982013924
2013-01-15,0.004591269506227569
2013-01-16,0.0020801110698496217
2013-01-17,-0.010023459184055561
2013-01-18,0.0076938995776894
2013-01-22,0.001913771527957131
2013-01-23,-0.0014977473154180743
2013-01-24,-0.003503367309980021
2013-01-25,-0.013799180495938757
2013-01-28,-0.003649947686988675
2013-01-29,-0.005542348858110557
2013-01-30,-0.0017120905350083149
2013-01-31,0.004870647355209812
2013-02-01,-0.013069564091471086
2013-02-04,0.012727656639341944
2013-02-05,-0.0089271135568465
2013-02-06,0.008157513696900764
2013-02-07,-0.0022260566326952613
2013-02-08,0.0038504448331231345
2013-02-11,-0.0007692288225289445
2013-02-12,-0.0024810405411921366
2013-02-13,-0.008170842010255086
2013-02-14,0.009027200813684466
2013-02-15,-0.0029142328520750382
2013-02-19,-0.004990331128693626
2013-02-20,0.0030138511849084892
2013-02-21,0.005831382940244545
2013-02-22,0.0006840115933783864
2013-02-25,0.01946302281357859
2013-02-26,-0.005799603168298084
2013-02-27,-0.002953744881797782
2013-02-28,0.0018577090917135664
2013-03-01,0.0054314019544507985
2013-03-04,-0.005313409792014667
2013-03-05,-0.0028792989873958064
2013-03-06,-0.009114508684453071
2013-03-07,-0.007730718358594402
2013-03-08,-0.010490034887867594
2013-03-11,0.0009587563429152013
2013-03-12,0.007200409058047086
2013-03-13,-0.0010375489444971464
2013-03-14,-0.0030333731781491124
2013-03-15,0.0046751720319306855
2013-03-18,0.007573299238043951
2013-03-19,0.00674998303955654
2013-03-20,-0.011218279392063657
2013-03-21,0.009598705170644095
2013-03-22,0.0007681096495764095
2013-03-25,-0.0009377062866180452
2013-03-26,0.0011929459428658973
2013-03-27,0.00848485053765824
2013-03-28,-0.005082493848706626
2013-04-01,0.0075037741401606795
2013-04-02,-0.004062410821351392
2013-04-03,0.008949438985013103
2013-04-04,0.011865508045237227
2013-04-05,0.019983822397329654
2013-04-08,-0.007684341073370682
2013-04-09,-0.0024638205066249697
2013-04-10,-0.013830912331989964
2013-04-11,0.001916456651878562
2013-04-12,0.014788643152938263
2013-04-15,0.00865620095557773
2013-04-16,-0.008245454406313968
2013-04-17,0.0066187758729263635
2013-04-18,0.0024391170895441405
2013-04-19,-0.0021136784519910634
2013-04-22,0.000731940551677468
2013-04-23,-0.003503824203400896
2013-04-24,0.0025271796376014066
2013-04-25,-0.004325202679474671
2013-04-26,0.00911812155179259
2013-04-29,-0.003653260683555537
2013-04-30,0.0005692971290933713
2013-05-01,0.010220638089204037
2013-05-02,-0.0012913795004809714
2013-05-03,-0.023859222749969433
2013-05-06,-0.002483820079580923
2013-05-07,-0.0039037861634714233
2013-05-08,0.0015801347987283165
2013-05-09,-0.002579695075466404
2013-05-10,-0.01080370253316687
2013-05-13,-0.007693060483110692
2013-05-14,-0.010921728612997228
2013-05-15,0.006669880459599042
2013-05-16,0.010343279554708928
2013-05-17,-0.012732918563458817
2013-05-20,-0.0011965840354282165
2013-05-21,0.00783807119757629
2013-05-22,-0.014962005723249128
2013-05-23,0.004725795348016426
2013-05-24,0.001371626781972779
2013-05-28,-0.02566917406033742
2013-05-29,0.011180745170444872
2013-05-30,-0.0024344237162159388
2013-05-31,-0.003402757482017016
2013-06-03,0.005284634032108215
2013-06-04,-0.009277268328653498
2013-06-05,0.013711242567778115
2013-06-06,-0.0006066085884270933
2013-06-07,-0.01804023845961833
2013-06-10,-0.0047846111761318255
2013-06-11,0.0118282904423479
2013-06-12,-0.01440668386535382
2013-06-13,0.015546826395799407
2013-06-14,-0.0023697510990503545
2013-06-17,-0.005284956705288835
2013-06-18,0.0005293236198200546
2013-06-19,-0.01038119630264589
2013-06-20,-0.016549158266414565
2013-06-21,-0.017103601714798522
2013-06-24,0.0041421275713711125
2013-06-25,-0.008950481855125147
2013-06-26,0.006467428146585519
2013-06-27,0.010170846694003366
2013-06-28,0.006814282355303902
2013-07-01,0.002012707231132005
2013-07-02,-0.000634288760364754
2013-07-03,-0.0029949454790729746
2013-07-05,-0.03468260958079927
2013-07-08,0.00964578466782573
2013-07-09,0.0010253900077845657
2013-07-10,-0.007852228752087242
2013-07-11,0.011661962017309513
2013-07-12,-0.0008340334571137475
2013-07-15,0.005276529517580286
2013-07-16,0.0034112953098119903
2013-07-17,0.0018394694926797683
2013-07-18,-0.012572303624919456
2013-07-19,0.01569032996850961
2013-07-22,0.0014641277708378198
2013-07-23,-0.004215336418402771
2013-07-24,-0.012753375228526487
2013-07-25,-0.00037173256308165037
2013-07-26,0.006121511215671838
2013-07-29,-0.007332040110566318
2013-07-30,-0.00037252751274330365
2013-07-31,0.003627829354208245
2013-08-01,-0.01945709386536798
2013-08-02,0.010950218179825555
2013-08-05,-0.007727442270404339
2013-08-06,0.0029285803241947406
2013-08-07,0.00742484132933896
2013-08-08,0.002710924338266807
2013-08-09,0.001586139184147406
2013-08-12,-0.0068285619308028345
2013-08-13,-0.014561762682019364
2013-08-14,0.0015226516632660392
2013-08-15,-0.013596432113494927
2013-08-16,-0.0034769784419559358
2013-08-19,-0.008743930810552136
2013-08-20,0.007679719395324192
2013-08-21,-0.01100392569273101
2013-08-22,0.010131887597108147
2013-08-23,0.010797416386025382
2013-08-26,0.004973425013077737
2013-08-27,0.012515522960395487
2013-08-28,-0.008136418569583803
2013-08-29,0.007948191339869126
2013-08-30,-0.0011317739317124875
2013-09-03,-0.01420436156021232
2013-09-04,-0.002209583258944825
2013-09-05,-0.014041754776699555
2013-09-06,0.004960860402261957
2013-09-09,0.0004856501581986805
2013-09-10,-0.0070081359583529235
2013-09-11,0.008849284701335058
2013-09-12,-0.0013570147932178145
2013-09-13,0.003871247000772904
2013-09-16,-0.006686151763061865
2013-09-17,0.008229721146856939
2013-09-18,0.012266459594366452
2013-09-19,-0.005922785589036472
2013-09-20,0.005256019060971617
2013-09-23,0.00731217639585946
2013-09-24,0.010728044299686879
2013-09-25,0.0020580666755298793
2013-09-26,-0.007031199043241898
2013-09-27,0.002442093309118931
2013-09-30,-0.0015018422326749103
2013-10-01,-0.0030390019358286224
2013-10-02,0.0015114864629186542
2013-10-03,-0.0016061210649898072
2013-10-04,-0.0007564647495685861
2013-10-07,0.0040594284616419785
2013-10-08,0.0002830443867551935
2013-10-09,-0.008038546628098331
2013-10-10,0.0016131784810413663
2013-10-11,-0.00028518145331535294
2013-10-14,-0.008091736338986522
2013-10-15,-0.0006697503425368012
2013-10-16,0.012452975521999754
2013-10-17,0.009028433223497778
2013-10-18,0.0021518483272942035
2013-10-21,-0.0031815140062674274
2013-10-22,0.0110910914288338
2013-10-23,0.0038856391621173714
2013-10-24,-0.0038856391621173714
2013-10-25,0.0037002410612325676
2013-10-28,-0.0034230079275028302
2013-10-29,0.0012965320959876792
2013-10-30,-0.006033573355901822
2013-10-31,0.0021401470067559103
2013-11-01,-0.01088343616344467
2013-11-04,0.0009406849803195172
2013-11-05,-0.012020705706875745
2013-11-06,0.0004764228872113918
2013-11-07,0.008435356404050687
2013-11-08,-0.024360775631646625
2013-11-11,-0.0037784040151720433
2013-11-12,0.004648848635538272
2013-11-13,0.0036645850278045344
2013-11-14,0.006141925994946895
2013-11-15,0.002007522812789375
2013-11-18,0.0059973571591429575
2013-11-19,-0.007622193803639377
2013-11-20,-0.01717001388215511
2013-11-21,0.001652633709040785
2013-11-22,0.009281933221226168
2013-11-25,0.0028824397577986716
2013-11-26,0.00373596565227885
2013-11-27,-0.0017225818466783949
2013-11-29,0.0002872507045337258
2013-12-02,-0.007807697430863847
2013-12-03,0.00367025207113425
2013-12-04,-0.009592009358255993
2013-12-05,-0.0028271622034896637
2013-12-06,0.004772030349966094
2013-12-09,0.0023291984524504983
2013-12-10,0.007147294150685823
2013-12-11,-0.007728608899447487
2013-12-12,-0.003790099933297597
2013-12-13,0.004856995840726519
2013-12-16,-0.003689337679225524
2013-12-17,0.004463452388984379
2013-12-18,-0.005047270369044732
2013-12-19,-0.0009730083428731717
2013-12-20,0.015271275542232843
2013-12-23,-0.005675252544342868
2013-12-24,-0.00803919667495645
2013-12-26,-0.0038609191329630477
2013-12-27,-0.002845012854169937
2013-12-30,0.006852523156248402
2013-12-31,-0.006361145940205759
2014-01-02,0.0030383073029289775
2014-01-03,0.0
2014-01-06,0.004200237908297488
2014-01-07,0.0025301698947757245
2014-01-08,-0.002724786358574427
2014-01-09,0.005831360617639447
2014-01-10,0.011851118863624777
2014-01-13,0.004967282712074805
2014-01-14,-0.004585428641848743
2014-01-15,-0.0010530828030841377
2014-01-16,0.006687126416946576
2014-01-17,0.004179475496073337
2014-01-21,0.000757984613970919
2014-01-22,-0.002465786072602505
2014-01-23,0.014050329443281662
2014-01-24,0.006441081579239061
2014-01-27,-0.007002432063790032
2014-01-28,0.0024330937020193844
2014-01-29,0.008191760410220184
2014-01-30,-0.002878435834950288
2014-01-31,0.006671687380774394
2014-02-03,0.01211085194634709
2014-02-04,-0.010667224523367658
2014-02-05,-0.009288518665588441
2014-02-06,-0.00430254298413324
2014-02-07,0.0008433525791202712
2014-02-10,0.0028056441793724574
2014-02-11,-0.005806414714500718
2014-02-12,-0.005179331212979754
2014-02-13,0.005648926123650533
2014-02-14,0.0005632636929817636
2014-02-18,0.0022496842660713057
2014-02-19,-0.004222190710660989
2014-02-20,-0.002447490502170524
2014-02-21,0.005263178903033072
2014-02-24,-0.0025338237280090325
2014-02-25,0.008888913116487984
2014-02-26,0.005295265031991292
2014-02-27,0.005452319966297026
2014-02-28,0.0005529369239862802
2014-03-03,0.00665340941468795
2014-03-04,-0.015156047559092833
2014-03-05,0.002139815683423585
2014-03-06,-0.009898986433117152
2014-03-07,-0.006307557101688843
2014-03-10,0.0014160801820120028
2014-03-11,0.0026372835812846773
2014-03-12,0.006935503602368165
2014-03-13,0.013360617344630121
2014-03-14,0.00018488112460790518
2014-03-17,-0.00749239473494967
2014-03-18,0.0036142125036180417
2014-03-19,-0.0078004669309814645
2014-03-20,-0.0017732116802244846
2014-03-21,0.010776186024803458
2014-03-24,0.007088692895940163
2014-03-25,-0.0037684464424421193
2014-03-26,0.007797995004954927
2014-03-27,0.005012067967891554
2014-03-28,-0.005652522086779577
2014-03-31,-0.0024714506456993135
2014-04-01,-0.008583287726868782
2014-04-02,-0.005763429903889339
2014-04-03,0.004371514376360963
2014-04-04,0.006660946978542803
2014-04-07,0.005975352585630311
2014-04-08,0.0023800806575726696
2014-04-09,-0.004949190976343942
2014-04-10,0.009236750281827355
2014-04-11,0.00807049175902197
2014-04-14,-0.002622602125611273
2014-04-15,0.006229013226086266
2014-04-16,0.001258066221731191
2014-04-17,-0.011024314672428481
2014-04-21,-0.0008184049179424946
2014-04-22,0.003359267258215226
2014-04-23,0.0056937612649887726
2014-04-24,0.0018910951028514589
2014-04-25,0.0014380451900484204
2014-04-28,-0.004862334852807848
2014-04-29,-0.0013549688222038725
2014-04-30,0.004149225928635758
2014-05-01,0.0106713657433124
2014-05-02,0.006140359742074608
2014-05-05,-0.006051602312848736
2014-05-06,0.00400912990205704
2014-05-07,-0.0035629618994752477
2014-05-08,-0.004291298130103982
2014-05-09,-0.003231764066596199
2014-05-12,-0.004053232561156861
2014-05-13,0.008627476361193764
2014-05-14,0.01076967221045333
2014-05-15,0.007936156446631593
2014-05-16,-0.0028145996220230174
2014-05-19,-0.007425867332621294
2014-05-20,0.0022157115995522503
2014-05-21,-0.006127370088100825
2014-05-22,-0.001426703973965715
2014-05-23,0.00533836246251429
2014-05-27,0.005839184573230405
2014-05-28,0.012274106998816592
2014-05-29,-0.005329576115753909
2014-05-30,-0.00043816991045808606
2014-06-02,-0.0074615779896261
2014-06-03,-0.012381088843959276
2014-06-04,-0.0002690168461896292
2014-06-05,0.00044812863707743844
2014-06-06,0.0
2014-06-09,-0.0014345648111628861
2014-06-10,-0.0036861225525761654
2014-06-11,0.0017996929367605219
2014-06-12,0.008861916379808044
2014-06-13,-0.0005343654116609642
2014-06-16,0.0024926675412118016
2014-06-17,-0.00794735271945779
2014-06-18,0.007681062998684318
2014-06-19,-0.012894587870360574
2014-06-20,0.007542122891051051
2014-06-23,-0.003136179460098809
2014-06-24,0.010088469715900494
2014-06-25,0.0025727436295230888
2014-06-26,0.004772955085988073
2014-06-27,-0.0014995756099249746
2014-06-30,0.002468608813136264
2014-07-01,-0.00840702790945258
2014-07-02,-0.010745359594466208
2014-07-03,-0.0036074698967079044
2014-07-07,0.007291374365056669
2014-07-08,0.011149519685958786
2014-07-09,0.0007984761437054289
2014-07-10,0.00026582717733614203
2014-07-11,0.006358838983811843
2014-07-14,-0.004323459149558673
2014-07-15,-0.0020353798342531704
2014-07-16,0.005301757780200589
2014-07-17,0.01252441574146168
2014-07-18,-0.003225096449545717
2014-07-21,0.0049647805298294045
2014-07-22,0.002083336412423975
2014-07-23,-0.001300971737073553
2014-07-24,-0.007494933003765247
2014-07-25,0.011739548252121423
2014-07-28,-0.001384355706069762
2014-07-29,0.0036297734291927952
2014-07-30,-0.013984965975244457
2014-07-31,-0.0029788321181651867
2014-08-01,0.007711580164815324
2014-08-04,-0.002622578432802669
2014-08-05,0.0032328816058226906
2014-08-06,0.0006101173110621971
2014-08-07,0.009285858131002911
2014-08-08,-0.0021619119973808054
2014-08-11,-8.670332362825661e-05
2014-08-12,-0.006513649809780198
2014-08-13,0.006513649809780198
2014-08-14,0.008019486657508956
2014-08-15,0.010847537811228491
2014-08-18,-0.0099890464203094
2014-08-19,-0.003093969132078378
2014-08-20,-0.00163678801496836
2014-08-21,0.005587962320287687
2014-08-22,0.00555718383154602
2014-08-25,0.003744997548677631
2014-08-26,-0.003232872561862443
2014-08-27,0.008484896585805757
2014-08-28,0.00522458431884143
2014-08-29,0.0006726280740396717
2014-09-02,-0.017401241093768505
2014-09-03,0.005552935041368556
2014-09-04,-0.012256699921999292
2014-09-05,-0.0018996327143092628
2014-09-08,0.0004323698898192063
2014-09-09,-0.0007782713959487708
2014-09-10,-0.006329891241982466
2014-09-11,-0.003310890385701093
2014-09-12,-0.010528001183361724
2014-09-15,0.001498110723890278
2014-09-16,-0.004059462908053035
2014-09-17,-0.0025677404709725238
2014-09-18,0.0031865468298821753
2014-09-19,0.01264495551155509
2014-09-22,0.0012209380082772725
2014-09-23,0.006169080065143717
2014-09-24,-0.005558798058385328
2014-09-25,0.011775616660909982
2014-09-26,-0.0014642991902897862
2014-09-29,0.007985514803530158
2014-09-30,-0.005660394283730774
2014-10-01,0.019205580520051946
2014-10-02,-0.008750105815215292
2014-10-03,0.004257417295550958
2014-10-06,0.0005944537076523204
2014-10-07,0.01341004172120197
2014-10-08,0.00025139328017598217
2014-10-09,-0.004364903729976
2014-10-10,0.009878031643747676
2014-10-13,0.006061830134302504
2014-10-14,0.006520098967414789
2014-10-15,0.007865953350411736
2014-10-16,-0.006386535664473669
2014-10-17,-0.0056008521251449395
2014-10-20,0.003627341509139015
2014-10-21,-0.008014588591310101
2014-10-22,0.0010780548110549404
2014-10-23,-0.008906355735824434
2014-10-24,0.0010026441376229656
2014-10-27,0.0018357218342313075
2014-10-28,-0.006273174213138333
2014-10-29,0.002262419292029527
2014-10-30,0.0008371795790420578
2014-10-31,-0.002595980194341152
2014-11-03,-8.920834648762366e-08
2014-11-04,0.003105689096797093
2014-11-05,-0.0014257020859442804
2014-11-06,-0.00648333113673516
2014-11-07,0.011422681918741517
2014-11-10,-0.009228961845070494
2014-11-11,0.0006740718858395667
2014-11-12,-0.0008427726976760752
2014-11-13,0.002357975993284356
2014-11-14,0.004865608253240339
2014-11-17,-0.002513980559422535
2014-11-18,0.0027652000609181826
2014-11-19,-0.006378846208463074
2014-11-20,0.005206748256836313
2014-11-21,0.006012756598176239
2014-11-24,0.0008328146572349482
2014-11-25,0.008284791914776157
2014-11-26,0.002719228519028505
2014-11-28,0.007868359263495606
2014-12-01,-0.005850903365142379
2014-12-02,-0.009759790650536893
2014-12-03,0.003898558920985451
2014-12-04,0.008327465890411112
2014-12-05,-0.0058471018454673285
2014-12-08,0.012148236158085801
2014-12-09,0.0051265805709785894
2014-12-10,0.007279149638484306
2014-12-11,0.004101107100591861
2014-12-12,0.01347114783264658
2014-12-15,-0.002060831965986054
2014-12-16,0.012300850930355267
2014-12-17,-0.009052462212896017
2014-12-18,-0.01795437307159453
2014-12-19,0.013356427668677284
2014-12-22,0.0013495566854579977
2014-12-23,-0.020034815661974292
2014-12-24,0.005428485242796377
2014-12-26,0.003704436204799322
2014-12-29,0.007447620685685052
2014-12-30,0.0027089388215673083
2014-12-31,0.0019077341056599195
2015-01-02,0.011056713036126986
2015-01-05,0.015586274823593982
2015-01-06,0.017857207437791622
2015-01-07,-0.0019765995886880106
2015-01-08,-0.013331858866481916
2015-01-09,0.010893168579047874
2015-01-12,0.005705874829876834
2015-01-13,0.0
2015-01-14,0.007557274209960774
2015-01-15,0.015612830294072566
2015-01-16,-0.012830934981322706
2015-01-20,0.013201231475274078
2015-01-21,-0.011625646754518826
2015-01-22,-0.0036050592021847905
2015-01-23,0.013822237695686468
2015-01-26,-0.0030466817533030266
2015-01-27,0.001561875323428552
2015-01-28,0.016216259841939973
2015-01-29,-0.006602677255841627
2015-01-30,0.01758213628468308
2015-02-02,-0.003782521640651737
2015-02-03,-0.021393537794483386
2015-02-04,0.0017071222678142206
2015-02-05,-0.011040106954292028
2015-02-06,-0.01785972438456529
2015-02-09,-0.001604707355991053
2015-02-10,-0.007985729462650859
2015-02-11,0.001847954738726898
2015-02-12,-0.003314338555115981
2015-02-13,-0.010321555869810872
2015-02-17,-0.015170003472647409
2015-02-18,0.005922560124264287
2015-02-19,-0.006635359497586535
2015-02-20,0.0029274037560140798
2015-02-23,0.011393763017998104
2015-02-24,0.013040776664636766
2015-02-25,0.004309351898015734
2015-02-26,-0.01376192255564579
2015-02-27,0.008372487587613442
2015-03-02,-0.0188021986407092
2015-03-03,-0.003632138045701616
2015-03-04,0.00031664456912050554
2015-03-05,-0.001266013653197895
2015-03-06,-0.022340300228060883
2015-03-09,0.009188207821438255
2015-03-10,0.01307192366220633
2015-03-11,0.007259318134242854
2015-03-12,-0.0007078090618124477
2015-03-13,-0.003073085831466038
2015-03-16,0.00958121153999869
2015-03-17,0.008251581115968243
2015-03-18,0.019118515814058767
2015-03-19,-0.00510904375622534
2015-03-20,0.005260781768993361
2015-03-23,-0.0012172734197495316
2015-03-24,0.009622517077439774
2015-03-25,-0.008481029755427194
2015-03-26,-0.015712272714979214
2015-03-27,0.012360583068122821
2015-03-30,-0.004971782901777466
2015-03-31,0.002144386645758445
2015-04-01,0.013049664582579723
2015-04-02,-0.010652363441234769
2015-04-06,-0.005599733611403757
2015-04-07,0.008349792162781533
2015-04-08,0.0003050245529161444
2015-04-09,-0.013048978331575256
2015-04-10,0.0014669210057087767
2015-04-13,0.0013876686122769044
2015-04-14,0.007062824885815111
2015-04-15,-0.0008415134234525112
2015-04-16,-0.0049891733846578745
2015-04-17,0.011399422973526363
2015-04-20,-0.008863356042817294
2015-04-21,-0.004538759318693408
2015-04-22,-0.015383902612880362
2015-04-23,0.004297395438038976
2015-04-24,0.006217418730051882
2015-04-27,0.0
2015-04-28,-0.013886951670226466
2015-04-29,-0.012331731698337123
2015-04-30,0.0017483935719555532
2015-05-01,-0.013552546728492487
2015-05-04,-0.009480141358896965
2015-05-05,-0.0013854498920728986
2015-05-06,-0.017268522447370316
2015-05-07,0.013347693782718828
2015-05-08,0.0026972095889084002
2015-05-11,-0.02462537812399912
2015-05-12,0.0025904261592808453
2015-05-13,-0.008042810854846927
2015-05-14,0.002687749781092208
2015-05-15,0.019852327204226583
2015-05-18,-0.016920498286498997
2015-05-19,-0.008905955646803854
2015-05-20,0.0016869242041650523
2015-05-21,0.013888761998837929
2015-05-22,0.00041530318817528666
2015-05-26,0.01696525820929118
2015-05-27,0.0022836614760741725
2015-05-28,-0.002447395642509065
2015-05-29,0.0022023019557151358
2015-06-01,-0.010805089744517993
2015-06-02,-0.014050537003195807
2015-06-03,-0.016205370610791192
2015-06-04,0.012935412959457437
2015-06-05,-0.012255057070090558
2015-06-08,-0.0011057244717775916
2015-06-09,-0.007948749888278428
2015-06-10,-0.008790871795456567
2015-06-11,0.02081718198753535
2015-06-12,0.0
2015-06-15,0.0016092954729511888
2015-06-16,0.007841169117231317
2015-06-17,-0.007756457197678479
2015-06-18,-0.004920833490785981
2015-06-19,0.012761428815917242
2015-06-22,-0.0206177704247148
2015-06-23,-0.006018257944496064
2015-06-24,0.00858718030257588
2015-06-25,-0.003512064843079088
2015-06-26,-0.011304051305167206
2015-06-29,0.0261240871441748
2015-06-30,-0.006956755328571873
2015-07-01,-0.013589897968482312
2015-07-02,0.003281430647553485
2015-07-06,0.018364527732591895
2015-07-07,0.009350920883331781
2015-07-08,0.00859992919423025
2015-07-09,-0.019899231897158032
2015-07-10,-0.01598570454656567
2015-07-13,-0.0031061895427866304
2015-07-14,0.0032789974852613923
2015-07-15,0.010540990770189218
2015-07-16,0.0068816996962999255
2015-07-17,0.005151556519336964
2015-07-20,-0.004220781554661102
2015-07-21,0.0053994746332692856
2015-07-22,0.00620623749826521
2015-07-23,0.012381008961402706
2015-07-24,0.0024750022983930364
2015-07-27,0.005340072072971047
2015-07-28,-0.007319686977775852
2015-07-29,-0.0037214011530943836
2015-07-30,0.007675776105545928
2015-07-31,0.007372919579409221
2015-08-03,0.010471113573556678
2015-08-04,-0.007963744170949916
2015-08-05,-0.007534286304016646
2015-08-06,0.00883944900384126
2015-08-07,0.013032394963223837
2015-08-10,-0.012463203956036395
2015-08-11,0.01575505407040012
2015-08-12,-0.005466100433166865
2015-08-13,-0.0032288407698155552
2015-08-14,0.002342141531070041
2015-08-17,0.004507270428258714
2015-08-18,-0.007901632330903574
2015-08-19,0.00982695101727149
2015-08-20,0.010048895359951793
2015-08-21,0.0030109069039596648
2015-08-24,-0.00031670182178711315
2015-08-25,-0.016195301410112606
2015-08-26,-0.01949261365055488
2015-08-27,0.0005744613302596235
2015-08-28,0.0029461684013920575
2015-08-31,-0.007711644720875377
2015-09-01,0.0071798273382395195
2015-09-02,-0.00864206086982211
2015-09-03,0.004865506365875127
2015-09-04,0.009088734197493231
2015-09-08,-0.014864119722196811
2015-09-09,0.004787631557571892
2015-09-10,-0.0067752309723410065
2015-09-11,0.006281073465520315
2015-09-14,0.0015638669434636654
2015-09-15,-0.019350420558462034
2015-09-16,-0.0037806304340692876
2015-09-17,0.01213149478451836
2015-09-18,0.01526775358843313
2015-09-21,-0.016433290353086605
2015-09-22,0.013808680218063252
2015-09-23,-8.20768410330075e-05
2015-09-24,0.006792861148093188
2015-09-25,-0.008683686964423565
2015-09-28,0.016968924909199323
2015-09-29,0.0028275793711145525
2015-09-30,-0.003475108283264028
2015-10-01,0.004257739113742609
2015-10-02,0.0060395075568902
2015-10-05,-0.013660422206115186
2015-10-06,0.004303980626986004
2015-10-07,-0.003327719795134243
2015-10-08,-0.00840989737276665
2015-10-09,0.0026198109579294027
2015-10-12,0.007576682989046013
2015-10-13,0.0017031865351073705
2015-10-14,0.008712561027875765
2015-10-15,-0.004911572649848317
2015-10-16,0.00032281869023975673
2015-10-19,-0.0027472024599273226
2015-10-20,-0.006168421423205395
2015-10-21,0.009883204410853885
2015-10-22,0.0016919968412913988
2015-10-23,-0.008567779554740085
2015-10-26,0.0066337036341597155
2015-10-27,0.002496716540832722
2015-10-28,-0.004029627654743351
2015-10-29,-0.016036874959652003
2015-10-30,0.007521210905415465
2015-11-02,-0.004605594210532971
2015-11-03,-0.008233708852530164
2015-11-04,0.0011562975901586725
2015-11-05,-0.0026461692441825946
2015-11-06,-0.0147641975447792
2015-11-09,-0.005646460668319975
2015-11-10,0.002953754628426175
2015-11-11,-0.0021089216074754447
2015-11-12,0.004801627647369244
2015-11-13,0.005698352072318613
2015-11-16,-0.0009202755871902113
2015-11-17,0.0016711932931237072
2015-11-18,0.002085610506051161
2015-11-19,0.006643416989400741
2015-11-20,-0.0030672897670926957
2015-11-23,0.0030672897670926957
2015-11-24,-8.280622863399145e-05
2015-11-25,0.0023148757438917755
2015-11-27,-0.0009913968633581405
2015-11-30,0.00395978903798877
2015-12-01,0.013417441306919464
2015-12-02,0.0003257211314755537
2015-12-03,-0.027559242076128143
2015-12-04,0.008745593627677017
2015-12-07,0.009656419033540864
2015-12-08,0.000492874522974418
2015-12-09,-0.001068201998601026
2015-12-10,0.0013140398010405008
2015-12-11,0.01563550211442255
2015-12-14,-0.013012422276762692
2015-12-15,-0.005911337576134379
2015-12-16,-0.0021431293479547975
2015-12-17,0.01124191780836803
2015-12-18,0.0055333717161039075
2015-12-21,-0.00024365103996437654
2015-12-22,-0.007249909399538623
2015-12-23,-0.0075499680304353944
2015-12-24,0.005712018827675358
2015-12-28,0.0029507346354371577
2015-12-29,-0.016753082592976476
2015-12-30,-0.0009989051475773891
2015-12-31,0.00448830424641411
2016-01-04,0.007189356337516273
2016-01-05,-0.004042921014598022
2016-01-06,0.013385756118357683
2016-01-07,0.001792423036200752
2016-01-08,0.004468638610283904
2016-01-11,-0.011004017431220703
2016-01-12,0.014322068653988218
2016-01-13,0.009809150579368264
2016-01-14,-0.00940512027384699
2016-01-15,0.015466536003843956
2016-01-19,-0.003105375193985793
2016-01-20,0.010474242950856194
2016-01-21,-0.0068124196732286535
2016-01-22,-0.003821759250979717
2016-01-25,0.005409953605636453
2016-01-26,0.0004768983699836582
2016-01-27,-0.00023878854399139726
2016-01-28,0.0014276327891327156
2016-01-29,0.008440391879013909
2016-02-01,-0.0030657200764476755
2016-02-02,0.018381872970516078
2016-02-03,-0.00832739955361994
2016-02-04,0.0048334764675352915
2016-02-05,0.001166264222868918
2016-02-08,0.021291219929453042
2016-02-09,0.0010642176078654586
2016-02-10,0.008773707391257268
2016-02-11,0.006979154764885642
2016-02-12,-0.016740836747685783
2016-02-16,-0.010626740529834144
2016-02-17,-0.006167384250146846
2016-02-18,0.012220456776812938
2016-02-19,0.0008404042459568828
2016-02-22,-0.0005346424480352496
2016-02-23,0.0040395507793586916
2016-02-24,-0.0019796481540215183
2016-02-25,0.003575714650461137
2016-02-26,-0.009691157989903942
2016-02-29,0.004360738017656907
2016-03-01,-0.017765014945899438
2016-03-02,0.004118353161158161
2016-03-03,0.003638247762859592
2016-03-04,-0.006433963916315122
2016-03-07,-0.00031057706721426825
2016-03-08,0.010984252700065866
2016-03-09,-0.006096385091059808
2016-03-10,-0.004111007451800042
2016-03-11,-0.010155346554386213
2016-03-14,0.003135918404781002
2016-03-15,0.0009387968914609246
2016-03-16,0.0029671624300187105
2016-03-17,0.004123880184484285
2016-03-18,0.002093870998313818
2016-03-21,-0.007700632577718913
2016-03-22,-0.00023418843475830897
2016-03-23,0.011261195814964431
2016-03-24,0.00038583480401843673
2016-03-28,0.0013116279270901643
2016-03-29,0.010430450445782391
2016-03-30,-0.010584358461398047
2016-03-31,0.007069274360851807
2016-04-01,0.0026047108320517154
2016-04-04,0.0006114460952879597
2016-04-05,0.010877108983083694
2016-04-06,-0.007288998956441084
2016-04-07,0.012269326409636072
2016-04-08,-0.006342949682180965
2016-04-11,-0.0012891244299586546
2016-04-12,-0.006925832240442631
2016-04-13,0.0035067578516043696
2016-04-14,-0.0048062879353008015
2016-04-15,0.008528908354588083
2016-04-18,-0.004331367882323356
2016-04-19,-0.0031273131998936776
2016-04-20,-0.011061869103734523
2016-04-21,-0.005965308895994781
2016-04-22,-0.002567802438736777
2016-04-25,-0.004137407021511663
2016-04-26,-0.004547456108374703
2016-04-27,0.009930580291539925
2016-04-28,0.004115875241076594
2016-04-29,0.0025539309668278776
2016-05-02,-0.010119380922857246
2016-05-03,0.012517875532575218
2016-05-04,0.005470337749410525
2016-05-05,0.006662253893294334
2016-05-06,-0.0042836331893774116
2016-05-09,0.003138192700165021
2016-05-10,7.638791097086539e-05
2016-05-11,0.005637972101290245
2016-05-12,-0.00456891952304872
2016-05-13,0.009647199567548448
2016-05-16,-0.008654734058711533
2016-05-17,0.0016753710607275707
2016-05-18,-0.01433767945830322
2016-05-19,0.004314928738414103
2016-05-20,0.0007693921988982666
2016-05-23,0.0022250981699558636
2016-05-24,-0.004456102973175113
2016-05-25,-0.003780529044595582
2016-05-26,0.005165193441506233
2016-05-27,-0.0014615677258040805
2016-05-31,0.0023843985987603844
2016-06-01,0.004048929930104528
2016-06-02,0.007181464204325749
2016-06-03,0.014135313614372258
2016-06-06,-0.007458663975950408
2016-06-07,0.0024168206373582635
2016-06-08,0.005342305627917376
2016-06-09,0.006432077180963169
2016-06-10,0.004834723832219723
2016-06-13,0.0044418049045447106
2016-06-14,-0.0007391205616240626
2016-06-15,0.003836408502567501
2016-06-16,0.004847696254429046
2016-06-17,-0.00624804005225954
2016-06-20,-0.010749838734368744
2016-06-21,-0.00463245036885418
2016-06-22,0.0016461858850087552
2016-06-23,-0.011504168844770568
2016-06-24,0.026493232390393473
2016-06-27,0.02466030668745045
2016-06-28,0.002081670427839022
2016-06-29,-0.007702126672245235
2016-06-30,0.003678904510932668
2016-07-01,0.01378836159903507
2016-07-05,0.012443046491843468
2016-07-06,0.0016148305996743773
2016-07-07,-7.035147205503023e-05
2016-07-08,0.007339025862041382
2016-07-11,-0.00881390314971231
2016-07-12,-0.016575892204865994
2016-07-13,0.011717040534723111
2016-07-14,-0.014649661556235039
2016-07-15,-0.00863408292620349
2016-07-18,-0.0009397402858617454
2016-07-19,0.005625826334354045
2016-07-20,-0.005481057478639251
2016-07-21,0.002022949857305889
2016-07-22,0.0017303285582617178
2016-07-25,-0.0007208266328602164
2016-07-26,0.001585235900308568
2016-07-27,0.012376235675496616
2016-07-28,-0.0018499769464304094
2016-07-29,0.008298940071328254
2016-08-01,-0.010900866106531737
2016-08-02,-0.01035617394329158
2016-08-03,0.0005784100730128472
2016-08-04,0.007485181078577874
2016-08-05,-0.010452016747764858
2016-08-08,0.0018820146291496087
2016-08-09,0.009788470560257778
2016-08-10,0.003860235021208247
2016-08-11,-0.008958119376578644
2016-08-12,0.008387223192260151
2016-08-15,-0.00946799107008367
2016-08-16,-0.0026701008711187413
2016-08-17,0.005980011606564695
2016-08-18,0.0015786293583319733
2016-08-19,-0.005248518472591002
2016-08-22,0.008399628399282655
2016-08-23,0.0010715377292491723
2016-08-24,-0.0023595406589658197
2016-08-25,-0.0038012552609725248
2016-08-26,-0.005837085748932935
2016-08-29,0.013282706065359307
2016-08-30,-0.00385921784483223
2016-08-31,0.0014309963469107956
2016-09-01,0.0011023169995834081
2016-09-02,-0.00818975433398439
2016-09-06,0.007258830481746692
2016-09-07,-0.0007154103867392791
2016-09-08,-0.012621434540057486
2016-09-09,-0.016610678376519417
2016-09-12,0.0005154844129595659
2016-09-13,-0.01142239988833893
2016-09-14,0.0014911872884830757
2016-09-15,-0.004329969181857685
2016-09-16,0.008047221549194461
2016-09-19,-0.00327053338161587
2016-09-20,0.003493427784151848
2016-09-21,0.008054008912629307
2016-09-22,0.007917438530586018
2016-09-23,-0.0009488418050453973
2016-09-26,0.006337898283130805
2016-09-27,0.007308717633748962
2016-09-28,-0.0021653443306508535
2016-09-29,0.002525791829130597
2016-09-30,-0.00897669221672004
2016-10-03,-0.00330618289887763
2016-10-04,-0.01176367042625337
2016-10-05,-0.004670658174199538
2016-10-06,-0.0055883683243971305
2016-10-07,0.0006722222006807499
2016-10-10,-0.005916091484078123
2016-10-11,-0.0022559484625244153
2016-10-12,0.0009776313709668472
2016-10-13,0.0037536549195511526
2016-10-14,-0.01411055214013146
2016-10-17,0.006362707779560495
2016-10-18,0.003242343963327343
2016-10-19,0.0008276234230644164
2016-10-20,0.0010518443581108983
2016-10-21,0.001501445226123721
2016-10-24,-0.004360348151964288
2016-10-25,0.0026335410391205016
2016-10-26,-0.006785884179103974
2016-10-27,-0.010953556902795647
2016-10-28,-0.002221080872507386
2016-10-31,0.006113809689157534
2016-11-01,7.637944757732384e-05
2016-11-02,0.004341632124587491
2016-11-03,-0.00770553662473894
2016-11-04,0.008920530053818432
2016-11-07,-0.008537666145882028
2016-11-08,-0.004065974788624693
2016-11-09,-0.043358671019416484
2016-11-10,-0.014880889556937227
2016-11-11,-0.0056380893714020885
2016-11-14,-0.005999438022145753
2016-11-15,0.004933328179314245
2016-11-16,0.008983020151205778
2016-11-17,-0.014823162547980218
2016-11-18,-0.0028922227007628365
2016-11-21,0.002479011583290891
2016-11-22,-0.00032975718421823785
2016-11-23,-0.003888594975672177
2016-11-25,0.0014912516587868296
2016-11-28,0.00733904616853831
2016-11-29,0.004181675042761235
2016-11-30,-0.016333811564479106
2016-12-01,-0.010613590538207873
2016-12-02,0.007300246873728433
2016-12-05,-0.0010876138540458768
2016-12-06,-0.0007535594891940889
2016-12-07,0.008507437411362062
2016-12-08,-0.011863704188066926
2016-12-09,-0.012516615980226575
2016-12-12,0.0018700039206169805
2016-12-13,0.0035614515687871773
2016-12-14,-0.011236250296758676
2016-12-15,0.005038081265589689
2016-12-16,-0.0023020379860456686
2016-12-19,0.01069878657489376
2016-12-20,-0.004995421375708631
2016-12-21,0.004403673110506823
2016-12-22,-0.001789218542270099
2016-12-23,0.002035709247187434
2016-12-27,-0.00322503027865384
2016-12-28,0.007282360934012466
2016-12-29,0.0035370698697230196
2016-12-30,0.0015121017905883605
2017-01-03,0.004271997358896051
2017-01-04,0.003838093286210764
2017-01-05,0.015531827892546701
2017-01-06,-0.00922435668961441
2017-01-09,0.007993721377353324
2017-01-10,-0.0006565399392775007
2017-01-11,0.0033617436685471347
2017-01-12,-0.002212586273245165
2017-01-13,-0.0047698426278532935
2017-01-17,0.010414327918283561
2017-01-18,-0.012890235018947926
2017-01-19,-0.006882922270063929
2017-01-20,-0.0019990075306406396
2017-01-23,0.00995548148164982
2017-01-24,-0.00687542799473384
2017-01-25,-0.012630125517858026
2017-01-26,0.003361442332183273
2017-01-27,0.003600902169376141
2017-01-30,-0.003013824476349569
2017-01-31,0.006935421498644345
2017-02-01,-0.006202775176396003
2017-02-02,-0.0004200107618892446
2017-02-03,-0.00042060903914098446
2017-02-06,0.006032657355528492
2017-02-07,0.007323452934602237
2017-02-08,0.013506975617503691
2017-02-09,-0.01160177199072443
2017-02-10,-0.0005790773087062107
2017-02-13,-0.0031514047073146756
2017-02-14,-0.0072538034202569435
2017-02-15,-0.00461333934100594
2017-02-16,0.0054496176090959025
2017-02-17,0.005918468141000055
2017-02-21,-0.001747033688207722
2017-02-22,0.001664097527810604
2017-02-23,0.0029878658078628106
2017-02-24,0.011043092182999814
2017-02-27,-0.005918433899631204
2017-02-28,0.0037031239852192144
2017-03-01,-0.016898623910591937
2017-03-02,-0.003605409552331018
2017-03-03,0.002600448305845937
2017-03-06,-0.004787090392651017
2017-03-07,-0.0030351375236872258
2017-03-08,-0.0054191427483720744
2017-03-09,-0.008013343548386231
2017-03-10,0.0035031348758129965
2017-03-13,-0.006330982201385282
2017-03-14,0.004795061720768601
2017-03-15,0.012140393143687866
2017-03-16,-0.005075829023804879
2017-03-17,0.006256322243646473
2017-03-20,0.004289906967311907
2017-03-21,0.008274166731605526
2017-03-22,0.003987292174713275
2017-03-23,-0.0014095408625278694
2017-03-24,0.0035626144821332417
2017-03-27,0.0045402682807509365
2017-03-28,-0.006693341900356309
2017-03-29,0.005951946717886791
2017-03-30,-0.0081097493131983
2017-03-31,0.002904369065826806
2017-04-03,0.010035361011909494
2017-04-04,-0.0054392242691605475
2017-04-05,0.0030530561099624265
2017-04-06,-0.001483207767264183
2017-04-07,-0.004051291744528562
2017-04-10,0.004628168408506994
2017-04-11,0.009438266778725612
2017-04-12,0.00545813541739637
2017-04-13,0.0030826020224097306
2017-04-17,-0.0030826020224097306
2017-04-18,0.012995264220437619
2017-04-19,-0.00546816950021789
2017-04-20,-0.0038781378511698605
2017-04-21,0.0
2017-04-24,-0.004949353246827215
2017-04-25,-0.012112664911664517
2017-04-26,0.005501280452827828
2017-04-27,-0.0003275425478390659
2017-04-28,0.002209405080775717
2017-05-01,-0.008348362106081808
2017-05-02,0.005107643974826104
2017-05-03,0.0006572101262012353
2017-05-04,-0.0049389366727510264
2017-05-05,0.0009073353682360619
2017-05-08,-0.005456236887342314
2017-05-09,-8.296230178750363e-05
2017-05-10,-0.0011614501694436896
2017-05-11,0.0
2017-05-12,0.007524643935141739
2017-05-15,-0.002721985278454575
2017-05-16,0.003710359617988601
2017-05-17,0.014461382567841241
2017-05-18,0.00113484317655832
2017-05-19,0.002346404187682616
2017-05-22,-0.0027512571077714654
2017-05-23,-0.006750866085548424
2017-05-24,0.005615482144818884
2017-05-25,0.0003246194755668341
2017-05-26,0.001701434717390704
2017-05-30,0.004928378003187461
2017-05-31,0.002495293561660894
2017-06-01,0.00010442032414026414
2017-06-02,0.01177095191464339
2017-06-05,-0.006228772407077088
2017-06-06,0.005432236337287399
2017-06-07,-0.004791390928832406
2017-06-08,-0.002645279335402151
2017-06-09,-0.0015259749543474754
2017-06-12,-0.0003215506051059691
2017-06-13,0.00016034796583586086
2017-06-14,0.015318822486270811
2017-06-15,-0.001585119962199677
2017-06-16,0.0019813228666150096
2017-06-19,-0.001425787337166362
2017-06-20,0.008916539629854725
2017-06-21,0.002039780834150129
2017-06-22,0.002192804747377153
2017-06-23,-0.00046926505650635164
2017-06-26,0.003748900521802767
2017-06-27,-0.010738474293437328
2017-06-28,-0.0033153384494504223
2017-06-29,-0.0084166578777225
2017-06-30,-0.0023151499672779963
2017-07-03,-0.003224838549176212
2017-07-05,0.00024106070017104742
2017-07-06,-0.00830850997244248
2017-07-07,-0.006011770959003293
2017-07-10,0.001465650283329012
2017-07-11,0.0017071878433352339
2017-07-12,0.006880632607499493
2017-07-13,-0.006312217043880075
2017-07-14,0.0012172341850602564
2017-07-17,0.0027528947178847574
2017-07-18,0.008695235703025439
2017-07-19,0.0004011733618005664
2017-07-20,0.002879928317305769
2017-07-21,0.004225116842451193
2017-07-24,-0.0039057243585238766
2017-07-25,-0.013104367714691811
2017-07-26,0.0016168631587598625
2017-07-27,-0.004940253176131115
2017-07-28,0.005909598909212832
2017-07-31,0.0012097815677627466
2017-08-01,0.006996592041288885
2017-08-02,0.0005611766806081775
2017-08-03,0.01029141389740218
2017-08-04,-0.00852866347793757
2017-08-07,0.0011199904534793248
2017-08-08,-0.0036045275441169977
2017-08-09,0.005442126507026579
2017-08-10,0.008503426336677222
2017-08-11,0.0004742199284928361
2017-08-14,-0.005154576021861423
2017-08-15,-0.0042223299601689135
2017-08-16,0.0036658496826840192
2017-08-17,0.007449689488459477
2017-08-18,-0.00023706145992008487
2017-08-21,0.002445262991946251
2017-08-22,-0.0038675585571708027
2017-08-23,0.006778925661459212
2017-08-24,-0.0036996295367766052
2017-08-25,0.0038564690969256077
2017-08-28,-0.0006285188136088138
2017-08-29,0.003216787464891624
2017-08-30,-0.0003132034626194269
2017-08-31,0.0029731838219166917
2017-09-01,-0.00767859624989331
2017-09-05,0.015733456311249228
2017-09-06,-0.006153762647376659
2017-09-07,0.010184696711642793
2017-09-08,-0.0021685427120736733
2017-09-11,-0.012009645160664384
2017-09-12,-0.0052702735136183065
2017-09-13,-0.003951525578761661
2017-09-14,0.0041090625467283814
2017-09-15,0.000394396793711671
2017-09-18,-0.0057712148064954505
2017-09-19,-0.002460996895663037
2017-09-20,0.0007156368844567496
2017-09-21,-0.0005562564470649178
2017-09-22,0.0028565944433713852
2017-09-25,0.006240193168848052
2017-09-26,-0.0018129835969533659
2017-09-27,-0.015182034194183736
2017-09-28,-0.0029682769717309654
2017-09-29,0.002247196327939349
2017-10-02,-0.0018329452096343957
2017-10-03,0.0009649137382803374
2017-10-04,8.032117043388354e-05
2017-10-05,-0.003785113809172458
2017-10-06,-0.0028280143986352257
2017-10-09,0.0031506118252577764
2017-10-10,0.0016123025789447354
2017-10-11,0.0019302110862797761
2017-10-12,0.004250954232928095
2017-10-13,0.007176933569327915
2017-10-16,-0.00071484601911731
2017-10-17,0.0012711116058774508
2017-10-18,-0.006613286408019725
2017-10-19,0.0017571864623961986
2017-10-20,-0.010670567108617135
2017-10-23,0.0017726665076134296
2017-10-24,-0.006218449459338693
2017-10-25,-0.0047918451981319166
2017-10-26,-0.0033432791591154754
2017-10-27,0.006594581208759109
2017-10-30,0.009528839765438057
2017-10-31,0.00032190849404223343
2017-11-01,0.0044427185557713855
2017-11-02,0.004398534148870148
2017-11-03,0.0027104225739815746
2017-11-06,0.003733774180327387
2017-11-07,0.004193896894743254
2017-11-08,-0.00221361669732012
2017-11-09,-0.0028530631899279513
2017-11-10,-0.015194170380148364
2017-11-13,0.0020932979898669046
2017-11-14,0.006731463328947029
2017-11-15,0.01080397118210108
2017-11-16,-0.008729202780013878
2017-11-17,0.007384955668065629
2017-11-20,-0.00039563294730271537
2017-11-21,0.0031614669357598046
2017-11-22,0.0032296952073460616
2017-11-24,-0.002756592472001884
2017-11-27,-0.0014205249232093209
2017-11-28,0.0013418065759775999
2017-11-29,-0.00990806540179534
2017-11-30,-0.003351110087834286
2017-12-01,0.013404407175801936
2017-12-04,0.0004744008331600824
2017-12-05,0.0049633018413164365
2017-12-06,0.003451941291319649
2017-12-07,-0.007862590194311458
2017-12-08,7.839328237224663e-05
2017-12-11,-0.0020538355913872763
2017-12-12,-0.00039586839623773074
2017-12-13,0.0074893490529115425
2017-12-14,0.00423163033905638
2017-12-15,0.0037471219936344724
2017-12-18,-0.009157961350065413
2017-12-19,-0.013058821111618713
2017-12-20,-0.01113435486476444
2017-12-21,0.005811545858037448
2017-12-22,0.0013627733365675354
2017-12-26,0.002961596803777944
2017-12-27,0.012941291002246835
2017-12-28,-0.0008684331391775046
2017-12-29,0.0015783384993435234
2018-01-02,-0.010858154025985556
2018-01-03,0.0047696640953329705
2018-01-04,-0.0001583737640480365
2018-01-05,-0.002859708442753295
2018-01-08,-0.0006367330524703618
2018-01-09,-0.013462982791751621
2018-01-10,-0.0012104911650112626
2018-01-11,0.00411106318663812
2018-01-12,0.0016872694842167135
2018-01-16,0.004167859117177208
2018-01-17,-0.0013609280281459135
2018-01-18,-0.009332960402294255
2018-01-19,-0.00526781620982586
2018-01-22,0.0009747615959305733
2018-01-23,0.004293054613895286
2018-01-24,-0.005430408766434525
2018-01-25,0.008175251991296761
2018-01-26,-0.003715268272800998
2018-01-29,-0.006982875198367822
2018-01-30,-0.005883711589245166
2018-01-31,0.005883711589245166
2018-02-01,-0.014598523125972207
2018-02-02,-0.00932271884047342
2018-02-05,0.009405706227451738
2018-02-06,-0.006232632970207597
2018-02-07,-0.009548926367154209
2018-02-08,-0.0010946548449295435
2018-02-09,-0.006339211742750983
2018-02-12,0.00439959986784455
2018-02-13,0.00446418598496745
2018-02-14,-0.01115561562984535
2018-02-15,0.0033935250111616355
2018-02-16,0.005405882404986073
2018-02-20,-0.004389403684425197
2018-02-21,-0.012344895680583612
2018-02-22,0.0029939437510231315
2018-02-23,0.008842302938514734
2018-02-26,0.000338962349170302
2018-02-27,-0.0014394340938919115
2018-02-28,0.006335418566991713
2018-03-01,0.006803102866682842
2018-03-02,-0.008162425200514356
2018-03-05,-0.002707310585718936
2018-03-06,0.0009311547810524345
2018-03-07,-0.0011004810925090425
2018-03-08,0.005745516481525215
2018-03-09,-0.00659382153781074
2018-03-12,0.005750708116300629
2018-03-13,0.005046575001954601
2018-03-14,0.008771049840724743
2018-03-15,0.0
2018-03-16,-0.003582433439333954
2018-03-19,-0.003176948610691177
2018-03-20,-0.00402706193604363
2018-03-21,0.0010923640625506437
2018-03-22,0.00986050996140353
2018-03-23,-0.0007485841651764247
2018-03-26,-0.0038354262927935423
2018-03-27,0.010635870224671606
2018-03-28,0.0026414059430681647
2018-03-29,0.004851773798630887
2018-04-02,0.0019709093526492083
2018-04-03,-0.007742152821760939
2018-04-04,-0.0020691358065079157
2018-04-05,-0.007485468015185681
2018-04-06,0.010875960028666753
2018-04-09,0.001650871636144302
2018-04-10,-0.0018158752415935453
2018-04-11,0.003545724276063922
2018-04-12,-0.007351413124502493
2018-04-13,0.0023185427305794093
2018-04-16,0.00033079351633524823
2018-04-17,0.0027249195307215146
2018-04-18,-0.008030953886735581
2018-04-19,-0.008179817297393477
2018-04-20,-0.007233611612446289
2018-04-23,0.00025342094749891686
2018-04-24,-0.004568042613350087
2018-04-25,-0.006720168973861185
2018-04-26,0.006974685559669069
2018-04-27,0.007683615552030787
2018-04-30,0.001764474334897237
2018-05-01,-0.003607743496758964
2018-05-02,-0.0010989736223194768
2018-05-03,0.004470891178163683
2018-05-04,0.0015140498045873585
2018-05-07,-0.00159774863103479
2018-05-08,-0.0009266421571689776
2018-05-09,-0.005999371644400675
2018-05-10,0.008019606530118573
2018-05-11,0.002519302486033048
2018-05-14,-0.005297861018407346
2018-05-15,-0.011448141054835048
2018-05-16,-0.0038452745527548515
2018-05-17,-0.0050642914435892195
2018-05-18,0.008568612809781051
2018-05-21,0.0005112202581774028
2018-05-22,-0.0015361074130586516
2018-05-23,0.007233595356853861
2018-05-24,0.007938511278746674
2018-05-25,0.006205377142586066
2018-05-29,0.021665930333037764
2018-05-30,-0.006730291725345339
2018-05-31,-0.0016488184779621662
2018-06-01,-0.005297322435226626
2018-06-04,-0.00725860773212883
2018-06-05,0.002341849006358032
2018-06-06,-0.00813555247793829
2018-06-07,0.009637904636830008
2018-06-08,-0.0030067211413182804
2018-06-11,-0.001842194867651692
2018-06-12,0.0002511310162560676
2018-06-13,-0.0005024878787773801
2018-06-14,0.008264907046701353
2018-06-15,0.000914613364939143
2018-06-18,-0.000914613364939143
2018-06-19,0.005803750974315847
2018-06-20,-0.008800957732117531
2018-06-21,0.0052396943092380965
2018-06-22,-8.278949045337214e-05
2018-06-25,0.0022377354480118683
2018-06-26,0.0014063174653209387
2018-06-27,0.009379674437982821
2018-06-28,0.0002457706711309626
2018-06-29,-0.0034445437662924405
2018-07-02,-0.0007828975626278378
2018-07-03,0.005341712710960955
2018-07-05,0.002865043110728216
2018-07-06,0.0032643941282186617
2018-07-09,-0.006456806351494926
2018-07-10,-8.195830153656658e-05
2018-07-11,0.0038465378532244188
2018-07-12,-8.17294522192924e-05
2018-07-13,0.002529486124813296
2018-07-16,-0.004164845465304268
2018-07-17,-0.00188351490395533
2018-07-18,-0.004025049640937972
2018-07-19,0.006317655173362802
2018-07-20,-0.01234426473152972
2018-07-23,-0.012415882234954267
2018-07-24,0.003431910015692985
2018-07-25,-0.0015891228672186841
2018-07-26,-0.0019263503924387138
2018-07-27,0.0016752905916668226
2018-07-30,-0.0034379166310261056
2018-07-31,0.005445198772588533
2018-08-01,-0.008179854848288315
2018-08-02,0.0014333521338611988
2018-08-03,0.0049619916711334255
2018-08-06,0.0005866038855133482
2018-08-07,-0.005211241802854261
2018-08-08,0.0010108094958303226
2018-08-09,0.008382649382183693
2018-08-10,0.007236729875966574
2018-08-13,-0.0020740849135050254
2018-08-14,-0.002244484091456833
2018-08-15,0.005808979034692463
2018-08-16,-8.2693432301717e-05
2018-08-17,0.001241041980605928
2018-08-20,0.006672776960590987
2018-08-21,-0.0033719829532916634
2018-08-22,0.0039468467166177135
2018-08-23,0.0015576966486534616
2018-08-24,0.001964300492142357
2018-08-27,-0.005740380024209735
2018-08-28,-0.00602160037398658
2018-08-29,0.0013228248145980004
2018-08-30,0.0021456360858298495
2018-08-31,-0.0023107038436434024
2018-09-04,-0.005798621194405662
2018-09-05,-0.0026693797251793328
2018-09-06,0.0036685829749005805
2018-09-07,-0.008525910426487648
2018-09-10,0.0036869774178729386
2018-09-11,-0.007639789254477947
2018-09-12,0.002357251267164351
2018-09-13,0.001511544891968697
2018-09-14,-0.00479653261716706
2018-09-17,0.0
2018-09-18,-0.010514694715022976
2018-09-19,-0.005984783038768704
2018-09-20,0.004619871782344909
2018-09-21,-0.0004272516121712755
2018-09-24,-0.0025646260173912694
2018-09-25,-0.0010278766902995784
2018-09-26,0.00700319966846763
2018-09-27,0.0006805324592207285
2018-09-28,-0.0026397292043833787
2018-10-01,-0.007368526491258187
2018-10-02,0.006094123227302184
2018-10-03,-0.017523652094741493
2018-10-04,-0.007079059363014117
2018-10-05,-0.008632073184916322
2018-10-08,-0.003367650807588163
2018-10-09,0.010068189062868882
2018-10-10,-0.002727724932105602
2018-10-11,0.012086533886820128
2018-10-12,-0.003488119352565988
2018-10-15,-0.0004368716545712914
2018-10-16,0.0022695338495655193
2018-10-17,-0.005947249194937498
2018-10-18,-0.0003509570113688909
2018-10-19,-0.0021959802052498034
2018-10-22,-0.0013198726880307987
2018-10-23,0.0031647726678443178
2018-10-24,0.007520524253257221
2018-10-25,-0.004190649012636882
2018-10-26,0.006019036396398114
2018-10-29,-0.002263492145239354
2018-10-30,-0.004980784622434342
2018-10-31,-0.005093634402842717
2018-11-01,0.0009261316533333286
2018-11-02,-0.012510564662509438
2018-11-05,0.00392090675102974
2018-11-06,-0.0006225105596016078
2018-11-07,0.001333854736948581
2018-11-08,-8.887969201332169e-05
2018-11-09,0.007438068274519871
2018-11-12,0.00650751273027339
2018-11-13,-0.0006137572865982932
2018-11-14,0.0006137572865982932
2018-11-15,-0.00043852793306164983
2018-11-16,0.005770765138780831
2018-11-19,0.00278625236704233
2018-11-20,0.0003472984234749177
2018-11-21,-0.0003472984234749177
2018-11-23,0.0010427005677726697
2018-11-26,-0.0022610754593506144
2018-11-27,0.0011309264468861713
2018-11-28,-0.004880511670563692
2018-11-29,0.003923586501267451
2018-11-30,0.0037355953337563363
2018-12-03,0.007075336936919641
2018-12-04,0.016603189484734493
2018-12-06,0.0031352754757918433
2018-12-07,0.0018593957608015188
2018-12-10,0.0041298724113749685
2018-12-11,-0.00016824099011181204
2018-12-12,-0.0044678817305863205
2018-12-13,-0.0023690047522464397
2018-12-14,0.003466593813513441
2018-12-17,0.005806739797703742
2018-12-18,0.005970991503427392
2018-12-19,0.013124478450850852
2018-12-20,-0.003637647409349576
2018-12-21,-0.00016560128952036735
2018-12-24,0.004957801520673932
2018-12-26,-0.0107734997471427
2018-12-27,0.00016664667846999492
2018-12-28,0.0083790375074555
2018-12-31,0.003792428000057413
2019-01-02,0.0052532116504222515
2019-01-03,0.011315264891421428
2019-01-04,-0.011642749149274323
2019-01-07,-0.0029525867141213524
2019-01-08,-0.0026315105872010136
2019-01-09,-0.001566037622163563
2019-01-10,-0.006454274068430799
2019-01-11,0.0038940703845904423
2019-01-14,-0.003727794516048988
2019-01-15,-0.0036590597767069966
2019-01-16,0.0009992178013691344
2019-01-17,0.0002493504838234628
2019-01-18,-0.005255294091756291
2019-01-22,0.0067523147448671494
2019-01-23,-0.0004160818469669536
2019-01-24,0.00654466155788036
2019-01-25,-0.004800293020659652
2019-01-28,-0.0009961487383929324
2019-01-29,0.005053021627837495
2019-01-30,-0.0007438942252457892
2019-01-31,0.008563102611971907
2019-02-01,-0.00605789494172182
2019-02-04,-0.004474249301713584
2019-02-05,0.004556663401410255
2019-02-06,0.0004962319556103267
2019-02-07,0.006588074518507625
2019-02-08,0.004259164663125148
2019-02-11,-0.003930729371955266
2019-02-12,-0.0025469253940251235
2019-02-13,-0.0037911942960686673
2019-02-14,0.005681297714670741
2019-02-15,0.0015587404775887492
2019-02-19,0.0025381676947002774
2019-02-20,-0.0028658378902761683
2019-02-21,-0.008979325820525297
2019-02-22,0.00594031623493585
2019-02-25,-0.002965707889080349
2019-02-26,0.004937893136106375
2019-02-27,-0.011393808063588473
2019-02-28,-0.0034100843367923517
2019-03-01,-0.0092858406153562
2019-03-04,0.007806607302608626
2019-03-05,0.0020884408917956065
2019-03-06,0.0036648680427946445
2019-03-07,0.006464262985310221
2019-03-08,0.004203643488767561
2019-03-11,-0.0029658023935068556
2019-03-12,0.006988312011080744
2019-03-13,-0.0018862325746766828
2019-03-14,-0.00724937416020488
2019-03-15,0.006592862562064816
2019-03-18,-0.0005754169450584712
2019-03-19,-0.002221318757061219
2019-03-20,0.01040611854056639
2019-03-21,0.0021982712080630407
2019-03-22,0.015415327478069507
2019-03-25,0.0016006707799611775
2019-03-26,-0.0007201408153747479
2019-03-27,0.009160105463585033
2019-03-28,0.003482773257694305
2019-03-29,-0.0009484397975265679
2019-04-01,-0.014305776339782916
2019-04-02,0.001847875442983593
2019-04-03,-0.008706024157612902
2019-04-04,0.002829029172108477
2019-04-05,0.0012915933854218409
2019-04-08,-0.00355386895017773
2019-04-09,0.003150645252027573
2019-04-10,0.0024167542320210345
2019-04-11,-0.00589125227370868
2019-04-12,-0.007147867196496627
2019-04-15,0.002523712511466769
2019-04-16,-0.006281039381883957
2019-04-17,0.00040914024524063564
2019-04-18,0.005220797066498584
2019-04-22,-0.004812056912875562
2019-04-23,0.0021234256728455136
2019-04-24,0.008125865898593432
2019-04-25,-0.0014579005252448596
2019-04-26,0.003398058689550787
2019-04-29,-0.006401245755280449
2019-04-30,0.00510873696354075
2019-05-01,0.004116067381630728
2019-05-02,-0.0047732396224047235
2019-05-03,0.0028345750087126476
2019-05-06,0.0027456899875684115
2019-05-07,0.007631892727980372
2019-05-08,-0.0043308935036519
2019-05-09,0.0040908387120968115
2019-05-10,-0.0013617543099284646
2019-05-13,0.007824975213379659
2019-05-14,-0.002947222805870453
2019-05-15,0.006123518619325807
2019-05-16,-0.00333545860995077
2019-05-17,0.002224849702782805
2019-05-20,-0.0020656869062873895
2019-05-21,-0.001592241014315654
2019-05-22,0.005719431568531164
2019-05-23,0.01118478528875766
2019-05-24,0.0008612459028913833
2019-05-28,0.007173661364889838
2019-05-29,0.003026234430143049
2019-05-30,0.008561515019824384
2019-05-31,0.01244135155973769
2019-06-03,0.006667087043855879
2019-06-04,-0.011466996429108534
2019-06-05,-0.0056679439498346085
2019-06-06,0.0032212266989839478
2019-06-07,0.00861435139980049
2019-06-10,-0.009457084638553326
2019-06-11,0.0006127567839122605
2019-06-12,0.0007654183511380808
2019-06-13,0.00343794371191386
2019-06-14,0.002513591289689643
2019-06-17,0.001747746208036638
2019-06-18,0.0049990835762354635
2019-06-19,0.0014342945502185955
2019-06-20,0.0026373060717848062
2019-06-21,-0.011047135383856599
2019-06-24,0.00742885745355526
2019-06-25,0.0030918851540260306
2019-06-26,-0.006420269785812671
2019-06-27,0.007021970977283409
2019-06-28,-0.0006771972516759206
2019-07-01,-0.002341354932088535
2019-07-02,0.007683639555716937
2019-07-03,0.007103512638844123
2019-07-05,-0.01335198116960079
2019-07-08,0.0013587191669452992
2019-07-09,-0.00037696804672915363
2019-07-10,-0.005522238942721636
2019-07-11,-0.013440643259797547
2019-07-12,0.0011527591831832495
2019-07-15,0.0057428667141126155
2019-07-16,-0.0029822610912937364
2019-07-17,0.01074019246340896
2019-07-18,7.57449029222812e-05
2019-07-19,-0.0023510504383077446
2019-07-22,0.0018961375012613857
2019-07-23,-0.0054719238868745634
2019-07-24,0.004334558371311026
2019-07-25,-0.004791816565727913
2019-07-26,0.0023606120135495345
2019-07-29,0.0003043584868622773
2019-07-30,0.002430465605390175
2019-07-31,0.008008003438302325
2019-08-01,0.01966626848726616
2019-08-02,0.009198881653762037
2019-08-05,0.01714027804587559
2019-08-06,0.007961352938703925
2019-08-07,0.00035681824603983614
2019-08-08,0.0021403193708380286
2019-08-09,-0.001996942133553503
2019-08-12,0.020635197534372374
2019-08-13,-0.003433306531894331
2019-08-14,0.0222794871001728
2019-08-15,0.011058509037276565
2019-08-16,-0.008042719058475534
2019-08-19,-0.01440555982209002
2019-08-20,0.010291154076438325
2019-08-21,-0.006688332206666203
2019-08-22,-0.006662437428174961
2019-08-23,0.016300736309194264
2019-08-26,-0.004050503019366047
2019-08-27,0.015291866439644863
2019-08-28,0.0012862694677577835
2019-08-29,-0.0037958209535569054
2019-08-30,0.00027186406836232635
2019-09-03,0.0012909363935476037
2019-09-04,0.001493377113322758
2019-09-05,-0.01827595296405171
2019-09-06,0.007089688708298958
2019-09-09,-0.017924679711884828
2019-09-10,-0.017683771200433185
2019-09-11,-0.0017781247930042099
2019-09-12,-0.006572860114962609
2019-09-13,-0.02159017517366202
2019-09-16,0.012663006497318108
2019-09-17,0.00540908862271916
2019-09-18,0.004234696716611808
2019-09-19,0.0030041410141965486
2019-09-20,0.013123661745897408
2019-09-23,-0.00021134642954123706
2019-09-24,0.01198243405639765
2019-09-25,-0.014735272124320353
2019-09-26,0.006411804147423261
2019-09-27,0.002454914700050992
2019-09-30,0.002449428243433971
2019-10-01,0.003005525985274815
2019-10-02,0.0024403649689208606
2019-10-03,0.009080633741629818
2019-10-04,0.007356233179543814
2019-10-07,-0.008322881807479199
2019-10-08,0.002690269280561708
2019-10-09,-0.005664648615860912
2019-10-10,-0.015006065882746
2019-10-11,-0.012454215951446912
2019-10-14,0.00723630240091655
2019-10-15,-0.012161890689988297
2019-10-16,0.0012158409352087673
2019-10-17,-0.0024329603290276225
2019-10-18,0.0
2019-10-21,-0.007551189482443377
2019-10-22,0.005830310107985959
2019-10-23,0.0010044359390928292
2019-10-24,-0.002009612236693492
2019-10-25,-0.004897115114779638
2019-10-28,-0.009137526990081746
2019-10-29,0.0006552957068395315
2019-10-30,0.014527902246107338
2019-10-31,0.013400256891720197
2019-11-01,-0.0030829499189577447
2019-11-04,-0.013248890781637712
2019-11-05,-0.011310614977587008
2019-11-06,0.006033522158683802
2019-11-07,-0.01828421724910445
2019-11-08,-0.004216555903397534
2019-11-11,0.0006670025864750073
2019-11-12,0.0045819673731202215
2019-11-13,0.006467773535518084
2019-11-14,0.010276615201413541
2019-11-15,-0.001088194166528389
2019-11-18,0.0018128865476088052
2019-11-19,0.008298484874925904
2019-11-20,0.010294708518550522
2019-11-21,-0.006278708310071934
2019-11-22,0.0012875470995945548
2019-11-25,0.002926639100701678
2019-11-26,0.005826844669650555
2019-11-27,-0.0029092115974247434
2019-11-29,-0.002134243609734021
2019-12-02,-0.013422491357524713
2019-12-03,0.020750868831331815
2019-12-04,-0.010035918801487576
2019-12-05,-0.004875420770392935
2019-12-06,-0.005550234687140332
2019-12-09,0.002165528780014192
2019-12-10,7.260920787022229e-05
2019-12-11,0.007830189345237493
2019-12-12,-0.01659523401404872
2019-12-13,0.011501873997220358
2019-12-16,-0.009031234620221262
2019-12-17,-0.0013797570330176256
2019-12-18,-0.008246082742807914
2019-12-19,0.001598684488880231
2019-12-20,0.001318267141094509
2019-12-23,-0.0014646282052099835
2019-12-24,0.0028540033652584285
2019-12-26,0.0024089622030079028
2019-12-27,0.001092381550492405
2019-12-30,-0.0036472408182985916
2019-12-31,-0.009842237432937218
2020-01-02,0.011229682851115363
2020-01-03,0.0152829782516255
2020-01-06,-0.005695026429864747
2020-01-07,-0.00492787518338389
2020-01-08,-0.006632551821123656
2020-01-09,0.0035037634066030776
2020-01-10,0.008852002963531724
2020-01-13,-0.003038278540841155
2020-01-14,0.005130868761168195
2020-01-15,0.006609834569346162
2020-01-16,-0.0031561100552064403
2020-01-17,-0.008584593275307917
2020-01-21,0.010450439592410987
2020-01-22,0.0035072522586583332
2020-01-23,0.006977617725349106
2020-01-24,0.008055789897068344
2020-01-27,0.01543512006130765
2020-01-28,-0.007862479765089248
2020-01-29,0.009731841506585681
2020-01-30,0.0001383442799989254
2020-01-31,0.009088791538948371
2020-02-03,-0.0008114415229547589
2020-02-04,-0.013557733081907664
2020-02-05,-0.01099532772287315
2020-02-06,0.004496898400901728
2020-02-07,0.012400576560286147
2020-02-10,0.002766048373949559
2020-02-11,-0.0050532819707598264
2020-02-12,-0.005078492457857742
2020-02-13,0.0038286843325616715
2020-02-14,0.004368317361435281
2020-02-18,0.006824310204263995
2020-02-19,-6.805534355347476e-05
2020-02-20,0.007802831936231769
2020-02-21,0.009297329939336407
2020-02-24,0.014818079993099253
2020-02-25,0.005310855501867273
2020-02-26,-0.005310855501867273
2020-02-27,0.010790476320166498
2020-02-28,0.022331830235803096
2020-03-02,-0.007384136580100176
2020-03-03,0.01540592952022024
2020-03-04,-0.010675118830900665
2020-03-05,0.02458706245022313
2020-03-06,0.05073414180977487
2020-03-09,0.026743046657299097
2020-03-10,-0.05261830243461496
2020-03-11,-0.037491995266140776
2020-03-12,0.006178028843261352
2020-03-13,-0.022862792749122285
2020-03-16,0.0627547230469423
2020-03-17,-0.06901088109586961
2020-03-18,-0.058066013485245094
2020-03-19,0.026861419205138404
2020-03-20,0.07250242492593362
2020-03-23,0.040383229260386955
2020-03-24,-0.018789990481351104
2020-03-25,-0.0022732519164678777
2020-03-26,0.004908915434155503
2020-03-27,0.026342921823822252
2020-03-30,-0.00826301631323112
2020-03-31,-0.008149460906960115
2020-04-01,0.01391294765633777
2020-04-02,0.006326075933799302
2020-04-03,0.0023762790548174095
2020-04-06,-0.002613841924007154
2020-04-07,-0.010528028669239298
2020-04-08,-0.007303517089289002
2020-04-09,0.0018161130075124987
2020-04-13,-0.009171890219340284
2020-04-14,-0.00024413468803974325
2020-04-15,0.026144418945158954
2020-04-16,0.01129312628393997
2020-04-17,-0.01349598314537026
2020-04-20,0.00801321738317462
2020-04-21,0.012512899352355333
2020-04-22,-0.010269299084984418
2020-04-23,0.005295013031861195
2020-04-24,0.0023442365154098255
2020-04-27,-0.018789896484765478
2020-04-28,0.011445739715521874
2020-04-29,-0.005202673954439518
2020-04-30,-0.011745454441721925
2020-05-01,0.00852681822656809
2020-05-04,-0.0047142412620440055
2020-05-05,-0.0064217560238164495
2020-05-06,-0.01626742405789816
2020-05-07,0.016568143519182676
2020-05-08,-0.013086287098071026
2020-05-11,-0.007837294784011739
2020-05-12,0.01021281793076323
2020-05-13,0.006971937763487368
2020-05-14,0.009739520463004858
2020-05-15,-0.0025753960826708777
2020-05-18,-0.022199232967740734
2020-05-19,0.003734811877436961
2020-05-20,0.002988645989600691
2020-05-21,0.002494859466680488
2020-05-22,0.0059982811155565585
2020-05-26,-0.013501496877624142
2020-05-27,-0.001837794632123746
2020-05-28,-0.003687009543987152
2020-05-29,0.007115830286293701
2020-06-01,-0.006755230549175373
2020-06-02,-0.0036424648672097604
2020-06-03,-0.013386310584032834
2020-06-04,-0.014584754039780101
2020-06-05,-0.007148353469682789
2020-06-08,0.0038354486352076833
2020-06-09,0.011294455409226245
2020-06-10,0.014718558389628988
2020-06-11,0.018724621431573496
2020-06-12,-0.0096880990626671
2020-06-15,0.0005541132087500955
2020-06-16,-0.01545171744788032
2020-06-17,0.004119335334916485
2020-06-18,0.010531593200656886
2020-06-19,0.0008007889123069489
2020-06-22,0.00012358906071074927
2020-06-23,-0.006857982893011538
2020-06-24,0.010667818930097717
2020-06-25,0.0028787983718068233
2020-06-26,0.010646610318154615
2020-06-29,-0.0031515306536205046
2020-06-30,-0.004868821131643664
2020-07-01,-0.00194356042690913
2020-07-02,0.0010392987141578658
2020-07-06,-0.004103698379323895
2020-07-07,0.013958717184140212
2020-07-08,-0.0040031868295740125
2020-07-09,0.015797014854737057
2020-07-10,-0.005038206755487273
2020-07-13,0.0033010977610219427
2020-07-14,0.001437203892025174
2020-07-15,-0.0046780952988099145
2020-07-16,0.004738017060501143
2020-07-17,-0.0020958493338909534
2020-07-20,0.002454750930548144
2020-07-21,0.0005980307666542117
2020-07-22,0.0029848009558497424
2020-07-23,0.01161331531012788
2020-07-24,-5.856064160614238e-05
2020-07-27,-0.0037184714990807777
2020-07-28,0.006894655779615455
2020-07-29,-0.001705137846868432
2020-07-30,0.006567583896354812
2020-07-31,-0.0006432378546064044
2020-08-03,-0.005047804030173353
2020-08-04,0.009487381117068594
2020-08-05,-0.008781525093261244
2020-08-06,0.00557027674573618
2020-08-07,-0.006687912773845284
2020-08-10,-0.004483623919045776
2020-08-11,-0.011956553474884224
2020-08-12,-0.009137658652966785
2020-08-13,-0.010746203038433322
2020-08-14,-0.003914423835226444
2020-08-17,0.002508994137207843
2020-08-18,0.007127119262410275
2020-08-19,-0.006271405104119054
2020-08-20,0.008999153133318671
2020-08-21,0.005974337345842073
2020-08-24,-0.0016262941644598072
2020-08-25,-0.007683118946878231
2020-08-26,-0.0038334298167743697
2020-08-27,-0.01715536923588168
2020-08-28,-0.0007442956987002702
2020-08-31,0.0066191793406238375
2020-09-01,0.011372578172426095
2020-09-02,0.009475568782908006
2020-09-03,0.002837074275290341
2020-09-04,-0.019170479252097472
2020-09-08,0.006125482708108976
2020-09-09,-0.0026910251882208414
2020-09-10,0.005070031488160431
2020-09-11,0.0021302810856873577
2020-09-14,-6.052630827202421e-05
2020-09-15,-0.002435656006287701
2020-09-16,-0.0029909759828044002
2020-09-17,0.00305210014394941
2020-09-18,-0.0031130724076859906
2020-09-21,0.005061458246109041
2020-09-22,-0.0007906593594633193
2020-09-23,0.0013375174689196356
2020-09-24,0.0038230117444273404
2020-09-25,0.0
2020-09-28,-0.002850547771424239
2020-09-29,0.0011536090403891919
2020-09-30,-0.009631579789116884
2020-10-01,0.0016482946960190148
2020-10-02,-0.0037410022932045095
2020-10-05,-0.019732807330147928
2020-10-06,0.00537461427941377
2020-10-07,-0.00731959470637733
2020-10-08,0.005385625991266352
2020-10-09,-0.0001869182147213877
2020-10-12,0.0031803352709971477
2020-10-13,0.00713544168265301
2020-10-14,0.00228421104935439
2020-10-15,-0.0017285153740473902
2020-10-16,-0.0027839722655889076
2020-10-19,-0.0037873271101398487
2020-10-20,-0.009561210716531932
2020-10-21,-0.0034595900097338372
2020-10-22,-0.010451402547073663
2020-10-23,0.0060938143982687265
2020-10-26,0.009260191212201896
2020-10-27,0.006687090045602417
2020-10-28,0.0009340924527796446
2020-10-29,-0.009755411779337031
2020-10-30,-0.009914278214185224
2020-11-02,0.0074626615667012786
2020-11-03,-0.0058182677442273345
2020-11-04,0.021459637771179096
2020-11-05,0.001736972914492263
2020-11-06,-0.012158364458286997
2020-11-09,-0.021239204328969308
2020-11-10,-0.005783492386858491
2020-11-11,0.003602770456498483
2020-11-12,0.01687436275993015
2020-11-13,-0.001326761867271209
2020-11-16,-0.0024050684379615106
2020-11-17,0.006506360026604874
2020-11-18,0.002892647730938336
2020-11-19,0.005135602246191695
2020-11-20,0.008830356510861392
2020-11-23,-0.004591989874941582
2020-11-24,-0.010001942916778361
2020-11-25,-0.003083541010471258
2020-11-27,0.009658084670663314
2020-11-30,-0.001248313370965981
2020-12-01,-0.014854492512642814
2020-12-02,-0.007968507257891666
2020-12-03,0.008031631538047534
2020-12-04,-0.014774486311886825
2020-12-07,0.008980289592214419
2020-12-08,0.004714807732135284
2020-12-09,-0.003310568890792176
2020-12-10,0.008824387882111928
2020-12-11,0.0035330920943774657
2020-12-14,-0.002774492536715023
2020-12-15,-0.0033534221616910997
2020-12-16,-0.0026649796066600118
2020-12-17,-0.002649461545346732
2020-12-18,-0.0030021037257643712
2020-12-21,0.00395822812665525
2020-12-22,0.005147100826548012
2020-12-23,-0.006932763014545706
2020-12-24,0.003948836349059626
2020-12-28,0.0004454219640006585
2020-12-29,-0.0012715559183797964
2020-12-30,0.0021611044137914703
2020-12-31,0.0014589024972568865
2021-01-04,-0.0012049410920704773
2021-01-05,-0.0074550603951193395
2021-01-06,-0.02074118479166831
2021-01-07,-0.008853337737985356
2021-01-08,-0.003233110813005702
2021-01-11,-0.0016533250420840417
2021-01-12,-0.0007948506861117366
2021-01-13,0.011199214188044593
2021-01-14,-0.009412174286057784
2021-01-15,0.003960032004126646
2021-01-19,0.0032224194485559465
2021-01-20,0.0009840551406279374
2021-01-21,-0.007042926744981415
2021-01-22,0.003231678988498743
2021-01-25,0.011716348420673484
2021-01-26,-0.0018892232500151707
2021-01-27,0.002539762112232502
2021-01-28,-0.005543176978509479
2021-01-29,-0.006034571973026814
2021-02-01,0.001158851993802834
2021-02-02,-0.006468190874439728
2021-02-03,-0.008912515998579451
2021-02-04,-0.002675756189150391
2021-02-05,-0.008408503004462275
2021-02-08,0.00438056220409333
2021-02-09,0.000739992442391646
2021-02-10,0.006631419066935429
2021-02-11,-0.00548927960677581
2021-02-12,-0.012497668229031866
2021-02-16,-0.015343758569254184
2021-02-17,0.006330445181667699
2021-02-18,-0.004055036523245903
2021-02-19,-0.013381091180887594
2021-02-22,-0.007637357500943409
2021-02-23,-0.0028878532564080572
2021-02-24,-0.006581298296007176
2021-02-25,-0.01646534320378379
2021-02-26,0.03252437933149821
2021-03-01,-0.013295611448880251
2021-03-02,7.095683671298758e-05
2021-03-03,-0.010905307646170037
2021-03-04,-0.006470288002482505
2021-03-05,0.0019450698765322016
2021-03-08,-0.007804946650009192
2021-03-09,0.01376253585937448
2021-03-10,0.0020019837620193215
2021-03-11,-0.007239519735828814
2021-03-12,-0.021449728185478634
2021-03-15,0.005862343350424126
2021-03-16,-0.004026607682391159
2021-03-17,-0.007511616608728566
2021-03-18,-0.010178037547231789
2021-03-19,0.006178958650720823
2021-03-22,0.011143467741171698
2021-03-23,0.008986411765853575
2021-03-24,0.005367767501934573
2021-03-25,-0.007916341696657447
2021-03-26,-0.0035066041703002426
2021-03-29,-0.00852414310648264
2021-03-30,0.005226018531774734
2021-03-31,-0.005595238761409327
2021-04-01,0.016460755636653168
2021-04-05,-0.004372723473426987
2021-04-06,0.006770011480825566
2021-04-07,-0.0069889997745278265
2021-04-08,0.008221175884805199
2021-04-09,-0.0036294641176759512
2021-04-12,-0.0004362462737343975
2021-04-13,0.007466053834297881
2021-04-14,-0.003182616932941862
2021-04-15,0.01659550826732037
2021-04-16,-0.007796791410669357
2021-04-19,-0.0028762548832412804
2021-04-20,0.004598439275336652
2021-04-21,0.002005047637190671
2021-04-22,0.004354794075662305
2021-04-23,-0.0023538240268248245
2021-04-26,-0.0014285842496475354
2021-04-27,-0.008761329789747307
2021-04-28,0.0006488158743733763
2021-04-29,-0.0029597870508357715
2021-04-30,0.0023109711764623952
2021-05-03,0.0005991505243789774
2021-05-04,0.006762712129752657
2021-05-05,0.001648567227618969
2021-05-06,0.00164513468997729
2021-05-07,-0.0049438086415731775
2021-05-10,-0.010178461702571084
2021-05-11,-0.005675889795154099
2021-05-12,-0.010563573154120043
2021-05-13,0.0015476022135763046
2021-05-14,0.009307933326328843
2021-05-17,-0.0021185607809135476
2021-05-18,-0.0025612199202695862
2021-05-19,-0.002421928501206594
2021-05-20,0.008195109588073457
2021-05-21,0.0032014781327802666
2021-05-24,0.0036974871839330348
2021-05-25,0.009220130133519966
2021-05-26,-0.001721798012513709
2021-05-27,-0.004030590812034163
2021-05-28,-0.0015877979969474154
2021-06-01,-0.00022451302264858697
2021-06-02,0.0023129025677697257
2021-06-03,-0.003760923166755248
2021-06-04,0.013601973767225495
2021-06-07,-0.003078754422570995
2021-06-08,0.007002331686596364
2021-06-09,0.008789653666023689
2021-06-10,0.0059811404348115715
2021-06-11,-0.0016142820774502908
2021-06-14,-0.007689445716438925
2021-06-15,-0.0012044790880798573
2021-06-16,-0.0008507021007995164
2021-06-17,0.014860666909092934
2021-06-18,0.018631131045608207
2021-06-21,-0.01688538166171405
2021-06-22,0.0024403268811497014
2021-06-23,-0.0025793875726307647
2021-06-24,0.0016043660333657783
2021-06-25,-0.010437792628314568
2021-06-28,0.010228321808775753
2021-06-29,0.001671742213765981
2021-06-30,0.00444364692546273
2021-07-01,5.512180448796755e-05
2021-07-02,0.006016617427420989
2021-07-06,0.011652612911476012
2021-07-07,0.00881994888140003
2021-07-08,0.003910199132175052
2021-07-09,-0.01416208090378035
2021-07-12,-0.001297752057073609
2021-07-13,-0.00768303548481164
2021-07-14,0.011298019183755947
2021-07-15,0.010970409541881665
2021-07-16,-0.0018874587298318701
2021-07-19,0.021691220909465514
2021-07-20,-0.009686337987597327
2021-07-21,-0.012747558365959755
2021-07-22,0.009408211191380467
2021-07-23,-0.0067109837638303915
2021-07-26,-0.0029677081325569787
2021-07-27,0.010614906865251683
2021-07-28,6.730928337805864e-05
2021-07-29,-0.005562111282958249
2021-07-30,0.00469265593079804
2021-08-02,0.008879683745287359
2021-08-03,0.0005304511773891463
2021-08-04,0.002054450836557642
2021-08-05,-0.005110047078139779
2021-08-06,-0.016842094926334816
2021-08-09,-0.0035931905435644396
2021-08-10,-0.004628291079403546
2021-08-11,-0.0006143226421828629
2021-08-12,-0.0016396464939143485
2021-08-13,0.015672310814910162
2021-08-16,0.0024207384268084553
2021-08-17,-0.00040304968067061964
2021-08-18,0.0033531838949523163
2021-08-19,0.007338511495899702
2021-08-20,0.0006643371114449792
2021-08-23,-0.0006643371114449792
2021-08-24,-0.007807274802117625
2021-08-25,-0.008341335602700894
2021-08-26,0.0027656962709272648
2021-08-27,0.00678082218423004
2021-08-30,0.0026059837501275496
2021-08-31,-0.006830095648365564
2021-09-01,0.001673669124182986
2021-09-02,0.004356319654584162
2021-09-03,-0.009136487470864374
2021-09-07,-0.008471464083573466
2021-09-08,0.006783001232561148
2021-09-09,0.012027606089563214
2021-09-10,-0.008855334093929024
2021-09-13,0.0060466402341488035
2021-09-14,0.012049916475726619
2021-09-15,-0.003513146102054776
2021-09-16,-0.004592620377516177
2021-09-17,-0.004815551871178769
2021-09-20,0.012325853313772228
2021-09-21,-0.0008616540624499791
2021-09-22,0.005947096141532882
2021-09-23,-0.02285598064440464
2021-09-24,-0.009822043487802468
2021-09-27,-0.0036822830315248467
2021-09-28,-0.015699817024549922
2021-09-29,0.0017339893014600705
2021-09-30,-0.00013872458280506095
2021-10-01,0.008380715701993502
2021-10-04,-0.0025493477315094992
2021-10-05,-0.009703105594163652
2021-10-06,0.005625690735885591
2021-10-07,-0.010512716185867355
2021-10-08,-0.007023550318416838
2021-10-11,-0.0025408059443137176
2021-10-12,0.016955463414018546
2021-10-13,0.009679581072309595
2021-10-14,0.0037082462252451265
2021-10-15,-0.005843542585492578
2021-10-18,0.004677400446670532
2021-10-19,-0.013890797737182936
2021-10-20,-0.006772906480833285
2021-10-21,-0.0011919578357382221
2021-10-22,0.01095313773060358
2021-10-25,-0.0015272528626475435
2021-10-26,0.008235278610880137
2021-10-27,0.018030035001216582
2021-10-28,-0.0033895710539706414
2021-10-29,0.0030513212813199075
2021-11-01,-0.007226007699215664
2021-11-02,0.004428743085750142
2021-11-03,-0.010387296431899173
2021-11-04,0.01045499694988905
2021-11-05,0.014846053006039917
2021-11-08,-0.0018773430263419044
2021-11-09,0.012934255690640661
2021-11-10,-0.018452450013163535
2021-11-11,-0.0014855953190178184
2021-11-12,-0.004401678174040136
2021-11-15,-0.012636986608329792
2021-11-16,-0.0025463864007511106
2021-11-17,0.007893912523403657
2021-11-18,0.0037535581718870503
2021-11-19,0.010501951673314913
2021-11-22,-0.01179716132727382
2021-11-23,-0.014564860119534728
2021-11-24,0.01592789937677619
2021-11-26,0.024954995948013092
2021-11-29,-0.008070902479327735
2021-11-30,0.015087909189746007
2021-12-01,0.006149609741898487
2021-12-02,0.0012470580572543355
2021-12-03,0.011861357665859273
2021-12-06,-0.013830619126140142
2021-12-07,-0.008112805421071734
2021-12-08,-0.017435636778500907
2021-12-09,0.005577941336225578
2021-12-10,-0.0024151465322397314
2021-12-13,0.014670202757365303
2021-12-14,-0.002385874774341268
2021-12-15,-0.009668263283859169
2021-12-16,0.0003891451334796514
2021-12-17,0.01126751205129306
2021-12-20,-0.007519874483621791
2021-12-21,-0.0038143773161074535
2021-12-22,0.0046157221378075874
2021-12-23,-0.008714744960099274
2021-12-27,0.002420745940280966
2021-12-28,-0.003970878813839285
2021-12-29,-0.010984559273806482
2021-12-30,0.008351380910535333
2021-12-31,0.0019590020539261843
2022-01-03,-0.026600908918922528
2022-01-04,-0.004166872774878705
2022-01-05,-0.005442331828517055
2022-01-06,0.002584942413065505
2022-01-07,-0.00721368109706777
2022-01-10,0.0024572791211747713
2022-01-11,0.006639145934690838
2022-01-12,-0.003838191791117218
2022-01-13,0.008840995294098875
2022-01-14,-0.015224778004028217
2022-01-18,-0.014174469440534132
2022-01-19,0.00689964642420815
2022-01-20,0.006148132894018055
2022-01-21,0.011836263731571428
2022-01-24,-0.008249339810185496
2022-01-25,-0.001615921129002551
2022-01-26,-0.012168040131457225
2022-01-27,0.01819647753461595
2022-01-28,0.0003497217165930877
2022-01-31,-0.005183655399795484
2022-02-01,-0.003325289595658809
2022-02-02,0.0033813870842038796
2022-02-03,-0.007836543968541498
2022-02-04,-0.0148524479033183
2022-02-07,0.0006476611289896184
2022-02-08,-0.006708208419728301
2022-02-09,0.0018800870050794671
2022-02-10,-0.016020526253627487
2022-02-11,0.014719294064030386
2022-02-14,-0.012519426688785806
2022-02-15,-0.011417906793700361
2022-02-16,0.005909171052246087
2022-02-17,0.007411120688559869
2022-02-18,0.0104719995969349
2022-02-22,0.0026014764204109753
2022-02-23,-0.013877706315803096
2022-02-24,0.0006580366733697218
2022-02-25,0.0007307544933681243
2022-02-28,0.021682091060345243
2022-03-01,0.011495642702304742
2022-03-02,-0.03478067204729118
2022-03-03,0.010133931480345915
2022-03-04,0.01711634220157432
2022-03-07,-0.00765853338427025
2022-03-08,-0.010110891582757908
2022-03-09,-0.009847175709052358
2022-03-10,-0.014471774147120087
2022-03-11,0.003341236194032149
2022-03-14,-0.023625928012956265
2022-03-15,-0.0017471366316161863
2022-03-16,0.009760113755409527
2022-03-17,-0.007481791583124675
2022-03-18,0.012138815518656365
2022-03-21,-0.023428853735324218
2022-03-22,-0.012894391656782744
2022-03-23,0.021678305683002996
2022-03-24,-0.007863945949322826
2022-03-25,-0.013969983462772895
2022-03-28,0.008513310307240118
2022-03-29,0.007524082047756231
2022-03-30,0.007771475706878306
2022-03-31,0.002425966972609217
2022-04-01,0.0037991954594245314
2022-04-04,-0.006974071137175741
2022-04-05,-0.02285127326236225
2022-04-06,-0.008127118096986408
2022-04-07,-0.007560898168347485
2022-04-08,-0.01088990303621884
2022-04-11,-0.015951533707376342
2022-04-12,-0.0013812291014270173
2022-04-13,0.002030985934040608
2022-04-14,-0.020249393553837258
2022-04-18,-0.004981129044681509
2022-04-19,-0.007519093843633584
2022-04-20,0.0199261832135722
2022-04-21,-0.007425960325257108
2022-04-22,-0.006313926852507201
2022-04-25,0.009951129318172214
2022-04-26,0.01001694042197876
2022-04-27,-0.012908985786171279
2022-04-28,0.0014881288602701659
2022-04-29,-0.013057479916191994
2022-05-02,-0.017485998024929117
2022-05-03,0.006719356521339037
2022-05-04,0.00549416701207317
2022-05-05,-0.027780338045996444
2022-05-06,-0.014845051792453212
2022-05-09,0.008759326061713146
2022-05-10,0.00902847304773946
2022-05-11,0.019089108349386485
2022-05-12,-0.0018672131359398492
2022-05-13,-0.014891211203020838
2022-05-16,-0.0010351976240015048
2022-05-17,-0.012157315978591043
2022-05-18,0.021093549032857872
2022-05-19,0.00239234775489372
2022-05-20,0.011286008055944485
2022-05-23,-0.01659094912741388
2022-05-24,0.019540145125615638
2022-05-25,0.003946494159770886
2022-05-26,-0.0045357288956315855
2022-05-27,0.002438555820363675
2022-05-31,-0.021389466210118613
2022-06-01,-0.0011437853675779763
2022-06-02,0.0005162564856409091
2022-06-03,-0.002152519394273078
2022-06-06,-0.018615773945175107
2022-06-07,0.010742134784188728
2022-06-08,-0.008899729629342268
2022-06-09,0.0033249129872308103
2022-06-10,-0.006221071623158991
2022-06-13,-0.03188221423556392
2022-06-14,-0.01269375332787348
2022-06-15,0.018484705155159098
2022-06-16,0.007907873668688836
2022-06-17,0.003217152339176188
2022-06-21,-0.017097608899732997
2022-06-22,0.02712929153691679
2022-06-23,0.00818107096508136
2022-06-24,-0.013939067926131976
2022-06-27,-0.008565633632771075
2022-06-28,0.004648700022308105
2022-06-29,0.015487649867020004
2022-06-30,0.008743959103828303
2022-07-01,0.01021422401595995
2022-07-05,0.00782635211294469
2022-07-06,-0.016933527090190026
2022-07-07,-0.008839255524311085
2022-07-08,-0.011137745671945254
2022-07-11,0.017097515646383954
2022-07-12,0.00592453935473003
2022-07-13,0.011401011146515039
2022-07-14,-0.00819238864199523
2022-07-15,0.005612618818121362
2022-07-18,-0.01047324030787955
2022-07-19,-0.005409146960096756
2022-07-20,0.00262085923674249
2022-07-21,0.01712846055920192
2022-07-22,0.016671384039928405
2022-07-25,-0.009832957548777443
2022-07-26,0.0007662777976404911
2022-07-27,-0.005633642595825883
2022-07-28,0.007929187699745377
2022-07-29,-0.0027212673634240403
2022-08-01,0.023797860971191298
2022-08-02,-0.021386202218944383
2022-08-03,0.015621822376782113
2022-08-04,-0.00033529359229333977
2022-08-05,-0.0240911842558047
2022-08-08,0.0160122681483017
2022-08-09,-0.0038943574588010677
2022-08-10,-0.006552746551327537
2022-08-11,-0.023585342587925773
2022-08-12,0.010089695349670968
2022-08-15,-0.0008659912497206435
2022-08-16,0.004149039638201124
2022-08-17,-0.010492068434918345
2022-08-18,0.0014808322924801942
2022-08-19,-0.016233442599688175
2022-08-22,-0.0033673627535169004
2022-08-23,-0.005518468945672872
2022-08-24,-0.007345626609779998
2022-08-25,0.013839730535218031
2022-08-26,0.007509665540518462
2022-08-29,-0.008308101560191794
2022-08-30,0.0024819325587772667
2022-08-31,-0.009606660781486198
2022-09-01,-0.018477935749578123
2022-09-02,0.0056409484135349075
2022-09-06,-0.02508070467837964
2022-09-07,0.01569177871521088
2022-09-08,-0.010310291735040167
2022-09-09,0.0022181909764249497
2022-09-12,-0.008250929910224691
2022-09-13,0.0023247016806715592
2022-09-14,0.0034303964244850604
2022-09-15,-0.0006479354574286944
2022-09-16,-0.008370633995046006
2022-09-19,0.00233220856948968
2022-09-20,-0.010020237175810465
2022-09-21,0.016614226948989064
2022-09-22,-0.02588039299302025
2022-09-23,0.004076365787898162
2022-09-26,-0.019295938394386702
2022-09-27,-0.026683701780918945
2022-09-28,0.03293355005592691
2022-09-29,-0.005189408222668668
2022-09-30,-0.012994728783636944
2022-10-03,0.01576466531284293
2022-10-04,-0.0027969653755288704
2022-10-05,-0.009607545581613586
2022-10-06,-0.005573742702086548
2022-10-07,-0.009755055920742883
2022-10-10,-0.015668550694450722
2022-10-11,0.004416042638682782
2022-10-12,0.0048946573246819725
2022-10-13,-0.0096124093307699
2022-10-14,-0.00828455063990674
2022-10-17,-0.004881312493388634
2022-10-18,0.002342065975701857
2022-10-19,-0.01837382443303781
2022-10-20,-0.017240720938514364
2022-10-21,-0.018187065072631903
2022-10-24,-0.008298892098460797
2022-10-25,0.028696669870919678
2022-10-26,0.014304666443960556
2022-10-27,0.010416062364134504
2022-10-28,-0.006897444426714472
2022-10-31,-0.007153517978306212
2022-11-01,0.009302146227856412
2022-11-02,-0.004350142656216249
2022-11-03,-0.0054111467480595365
2022-11-04,-0.01694343818973021
2022-11-07,-0.010026897919482636
2022-11-08,0.010875708930038641
2022-11-09,0.0032820606385861595
2022-11-10,0.037751719638152714
2022-11-11,-0.0036704904220163925
2022-11-14,-0.002454833612830498
2022-11-15,0.016050691240641513
2022-11-16,0.02163238257573319
2022-11-17,-0.01060796908128303
2022-11-18,-0.006901087152247243
2022-11-21,0.004206539302630041
2022-11-22,0.014091511506013177
2022-11-23,0.01729126631494271
2022-11-25,-0.003395396571399978
2022-11-28,0.0028143289203637067
2022-11-29,-0.011795346823463504
2022-11-30,0.007327626557330547
2022-12-01,0.03144602559696086
2022-12-02,0.012497240445140001
2022-12-05,-0.014105756558453919
2022-12-06,0.012797505269038112
2022-12-07,0.02328945550478778
2022-12-08,-0.0027444965262324317
2022-12-09,-0.026358721389015294
2022-12-12,0.0031922803473243277
2022-12-13,0.009609709703475744
2022-12-14,0.004262302383555294
2022-12-15,0.003894244319878837
2022-12-16,-0.011233570045437347
2022-12-19,-0.0169483954212728
2022-12-20,-0.017916147581729547
2022-12-21,0.0025102080568863983
2022-12-22,-0.0001931122754195158
2022-12-23,-0.014768894703224511
2022-12-27,-0.01997098700522404
2022-12-28,-0.005908810677164311
2022-12-29,0.011287183404071754
2022-12-30,-0.011187016804802496
2023-01-03,0.018904209561606322
2023-01-04,0.0136070273832134
2023-01-05,0.004172074603869369
2023-01-06,0.018229389709109256
2023-01-09,0.0053101950153244815
2023-01-10,-0.016688673858387126
2023-01-11,0.016120993535379213
2023-01-12,0.019490940822004532
2023-01-13,-0.00941699402658891
2023-01-17,-0.006484708339254297
2023-01-18,0.023942663907210893
2023-01-19,-0.006279741535914596
2023-01-20,-0.01634379889426185
2023-01-23,-0.004719322581554941
2023-01-24,0.014278114420376298
2023-01-25,0.002422148309721095
2023-01-26,-0.004663234909372704
2023-01-27,-0.002527012429923481
2023-01-30,-0.0036615415286602726
2023-01-31,0.007963017029062769
2023-02-01,0.011949751648341334
2023-02-02,0.0012934761898257818
2023-02-03,-0.015069138041228669
2023-02-06,-0.007431324239028925
2023-02-07,-0.008058206418322555
2023-02-08,0.004747888294449609
2023-02-09,-0.009518173392372375
2023-02-10,-0.01125280038469878
2023-02-13,0.008379583627643683
2023-02-14,-0.0023048884674023995
2023-02-15,-0.009368623614578908
2023-02-16,-0.01426945576837646
2023-02-17,0.007746199089276651
2023-02-21,-0.019628665698316894
2023-02-22,0.009122809827575296
2023-02-23,0.009724363015838122
2023-02-24,-0.013086032780821988
2023-02-27,0.002769110927032692
2023-02-28,0.004533106545606458
2023-03-01,-0.010801176871988893
2023-03-02,-0.008907266687883997
2023-03-03,0.023937461767594925
2023-03-06,-0.007783807141865218
2023-03-07,0.0061138195270658
2023-03-08,0.0009825613042142578
2023-03-09,0.0024522740547263666
2023-03-10,0.033904855199912376
2023-03-13,0.0022700727185949177
2023-03-14,-0.01657774163679271
2023-03-15,0.019126082283316137
2023-03-16,-0.007853661472357665
2023-03-17,0.01489759404529778
2023-03-20,-0.00883644894400959
2023-03-21,-0.008629184939306533
2023-03-22,0.013245264260580036
2023-03-23,0.0
2023-03-24,0.0042203696227360865
2023-03-27,-0.023771156263553195
2023-03-28,0.0018192950132567276
2023-03-29,-0.0020110190824045304
2023-03-30,0.004590842753642299
2023-03-31,0.014869719814457838
2023-04-03,0.004692056382716636
2023-04-04,0.0049595475704320435
2023-04-05,0.010400220596510579
2023-04-06,0.002583059823696665
2023-04-10,-0.01625579598748672
2023-04-11,0.002058015717110173
2023-04-12,-0.0010283141175015942
2023-04-13,-0.007889617534701188
2023-04-14,-0.009188869135752675
2023-04-17,-0.011966706238023761
2023-04-18,0.0035571700250711658
2023-04-19,-0.0009602094783476289
2023-04-20,0.008512855096413752
2023-04-21,-0.005635492943869558
2023-04-24,0.009628159697771643
2023-04-25,0.01459728173318453
2023-04-26,-0.010715259649164643
2023-04-27,-0.009971978244863955
2023-04-28,0.01600144163229711
2023-05-01,-0.029258265601908917
2023-05-02,0.024614720030772475
2023-05-03,0.005566244443625301
2023-05-04,-0.009927685100763917
2023-05-05,-0.003331418836918232
2023-05-08,-0.01411395886224831
2023-05-09,-0.003583764569792258
2023-05-10,0.00965718096448498
2023-05-11,0.010516446345401498
2023-05-12,-0.008404173200446508
2023-05-15,-0.010411940271995768
2023-05-16,-0.0030085325595266
2023-05-17,-0.0029204295921525514
2023-05-18,-0.007436332662893008
2023-05-19,-0.007096790666543562
2023-05-22,-0.0035671109350587926
2023-05-23,0.0028746824766407997
2023-05-24,-0.004960843924185276
2023-05-25,-0.002490249110360665
2023-05-26,0.008045003854089572
2023-05-30,0.009941483805347318
2023-05-31,0.00867907911684096
2023-06-01,0.003915889087252822
2023-06-02,-0.011018800799618589
2023-06-05,-0.0018642196605354044
2023-06-06,0.005876222136647513
2023-06-07,-0.014954974332785476
2023-06-08,0.011629207364785898
2023-06-09,-0.0013727708231803248
2023-06-12,0.0029391401161786845
2023-06-13,-0.009929890102456262
2023-06-14,0.007971394965259115
2023-06-15,0.009559956223211152
2023-06-16,-0.0038909142932652685
2023-06-20,0.006896535460073849
2023-06-21,0.0024168895461063045
2023-06-22,-0.012143629853334836
2023-06-23,0.009920120572449065
2023-06-26,0.0010640637096335226
2023-06-27,-0.0026132547600159484
2023-06-28,0.004255546706906088
2023-06-29,-0.01821382107994829
2023-06-30,0.011726011754358723
2023-07-03,-0.005685428656095226
2023-07-05,-0.009547796378207352
2023-07-06,-0.014243980372320664
2023-07-07,-0.006037233716896573
2023-07-10,0.0013108916198225629
2023-07-11,0.005127810950615874
2023-07-12,0.01106981927659767
2023-07-13,0.010457903461690066
2023-07-14,-0.005906239740821384
2023-07-17,0.0004935355246455941
2023-07-18,0.004528980466980137
2023-07-19,0.011232967264597882
2023-07-20,-0.012215904070793648
2023-07-21,0.0002950938421966143
2023-07-24,-0.0036437570911429518
2023-07-25,-0.0018763442683091824
2023-07-26,0.0009878254511184181
2023-07-27,-0.019644818856947133
2023-07-28,0.0051230000886874905
2023-07-31,0.00240178758077203
2023-08-01,-0.016522802595955177
2023-08-02,-0.010756559063945126
2023-08-03,-0.023341443423237962
2023-08-04,0.01755714075946635
2023-08-07,-0.009890613576713392
2023-08-08,0.01154662420978081
2023-08-09,0.005157729937566025
2023-08-10,-0.016599544755130147
2023-08-11,-0.002304430400965174
2023-08-14,-0.002204104779425009
2023-08-15,-0.006113696180052308
2023-08-16,-0.007854930043955655
2023-08-17,-0.004271110133855949
2023-08-18,0.003524819357331843
2023-08-21,-0.013419849829868546
2023-08-22,0.0076446979380788704
2023-08-23,0.024475447614454637
2023-08-24,-0.006616116369140279
2023-08-25,0.0032611993548838925
2023-08-28,0.0010495527915423963
2023-08-29,0.010332721682523527
2023-08-30,-0.0010390292172974824
2023-08-31,0.00445943985945263
2023-09-01,-0.01570107874469251
2023-09-05,-0.01412152011172818
2023-09-06,0.002456420971255646
2023-09-07,0.0027694689778199333
2023-09-08,0.0038218968424299504
2023-09-11,-0.00723155762974681
2023-09-12,0.005747209019475896
2023-09-13,-0.00021238740903850584
2023-09-14,-0.0072440679178331635
2023-09-15,-0.0061130085886249574
2023-09-18,0.005685379124146017
2023-09-19,-0.007407966239398434
2023-09-20,0.003120187824380949
2023-09-21,-0.02600966645733571
2023-09-22,0.008016575800475323
2023-09-25,-0.02491701580629435
2023-09-26,-0.0034820680252147795
2023-09-27,-0.00518950131733753
2023-09-28,0.0030494323523075906
2023-09-29,0.00011252840694808697
2023-10-02,-0.01688189909092319
2023-10-03,-0.021746267896852522
2023-10-04,0.014009247781146428
2023-10-05,-0.0049978423743821665
2023-10-06,-0.012190852369781346
2023-10-09,0.023198717198603447
2023-10-10,-0.0013836491154837205
2023-10-11,0.020670964459787555
2023-10-12,-0.027502485936735432
2023-10-13,0.01773413082380948
2023-10-16,-0.016225189149962738
2023-10-17,-0.011081839641923885
2023-10-18,-0.00883658599618986
2023-10-19,-0.02068583543900182
2023-10-20,0.005662054700890096
2023-10-23,0.01194214826572626
2023-10-24,0.013090538608945934
2023-10-25,-0.02251275500014316
2023-10-26,0.015222014750653656
2023-10-27,-0.00425748800884751
2023-10-30,-0.004514401085073061
2023-10-31,-0.004893639286842166
2023-11-01,0.02145039768425505
2023-11-02,0.02254106278433099
2023-11-03,0.006755488786357233
2023-11-06,-0.009747218835426175
2023-11-07,0.014642162883667709
2023-11-08,0.016890263535854544
2023-11-09,-0.023269636734362997
2023-11-10,0.00558433252078494
2023-11-13,-0.002275692138475449
2023-11-14,0.022414461757289672
2023-11-15,-0.01413356431651458
2023-11-16,0.012349823036301721
2023-11-17,0.004675456342104312
2023-11-20,0.006089874832238884
2023-11-21,-0.0004415565915296682
2023-11-22,0.0035275737692153086
2023-11-24,-0.011844767126762079
2023-11-27,0.016566064002522474
2023-11-28,0.001969505840709651
2023-11-29,0.012492346371900886
2023-11-30,-0.011618400206986124
2023-12-01,0.018659101137477485
2023-12-04,-0.003986884169580485
2023-12-05,0.021257804042712714
2023-12-06,0.01323035950243412
2023-12-07,-0.0057539252186398215
2023-12-08,-0.008216616964912937
2023-12-11,-0.0021176236978606156
2023-12-12,0.002963799953002777
2023-12-13,0.023191137946111162
2023-12-14,0.025680211714587564
2023-12-15,0.001110247718418833
2023-12-18,-0.007999507530916716
2023-12-19,0.005373602987349457
2023-12-20,0.006752494081148086
2023-12-21,-0.006348146120433995
2023-12-22,-0.004558781055815864
2023-12-26,0.002839106987631901
2023-12-27,0.017564544183218622
2023-12-28,-0.007289467105795033
2023-12-29,-0.009060841891551874
2024-01-02,-0.005781315457874747
2024-01-03,0.00416194960446159
2024-01-04,-0.015311144695679069
2024-01-05,-0.00961185415186172
2024-01-08,0.009817389491009187
2024-01-09,-0.006396189504727978
2024-01-10,-0.00466820465563611
2024-01-11,0.005599183163172761
2024-01-12,-0.001966564272485982
2024-01-16,-0.017769968551879067
2024-01-17,-0.0015832554805719212
2024-01-18,-0.009338711374702768
2024-01-19,0.0031934652641076866
2024-01-22,0.005934220872241269
2024-01-23,-0.007955600837326493
2024-01-24,-0.005874396039119212
2024-01-25,0.006513575231378077
2024-01-26,-0.0019180350631700094
2024-01-29,0.011450437751275189
2024-01-30,0.009025371627831902
2024-01-31,0.00977232810773554
2024-02-01,0.019426136320948473
2024-02-02,-0.022336330577084063
2024-02-05,-0.020400451040686107
2024-02-06,0.009726519573389325
2024-02-07,-0.004851524298493892
2024-02-08,-0.0058316064350663055
2024-02-09,-0.002022229968281053
2024-02-12,0.0011714827293447527
2024-02-13,-0.01728381729154016
2024-02-14,0.0050765416214897385
2024-02-15,0.005158253018847425
2024-02-16,-0.0058047716836187035
2024-02-20,0.000861932033849655
2024-02-21,-0.007134274035616173
2024-02-22,0.004869839926328723
2024-02-23,0.013297772309579514
2024-02-26,-0.002987195068488546
2024-02-27,-0.007077173349576249
2024-02-28,0.006328795937839082
2024-02-29,0.007032409913327875
2024-03-01,0.006211960561630647
2024-03-04,-0.004030808420425913
2024-03-05,0.0141412301578141
2024-03-06,0.005851302520566648
2024-03-07,-0.0009380502333913299
2024-03-08,-0.0017741784514582193
2024-03-11,-0.0005228503890286618
2024-03-12,-0.008396372924060813
2024-03-13,-0.004860098097005938
2024-03-14,-0.015475643832508545
2024-03-15,-0.0003228631074767563
2024-03-18,-0.003017295390003838
2024-03-19,0.0028021478011739376
2024-03-20,-0.00032285393645903326
2024-03-21,0.0021506367175785357
2024-03-22,0.00951525632486483
2024-03-25,-0.005013518657285054
2024-03-26,0.002776167627030368
2024-03-27,0.009869551608032268
2024-03-28,-0.0008454906586568001
2024-04-01,-0.018817013496795987
2024-04-02,-0.0055256759314730175
2024-04-03,-0.00021736349759216012
2024-04-04,0.007146795233826886
2024-04-05,-0.014016559928607286
2024-04-08,-0.0001093561408085364
2024-04-09,0.00925908453080293
2024-04-10,-0.02203478721474994
2024-04-11,-0.0045547659481890435
2024-04-12,0.005330406120081399
2024-04-15,-0.015627133314352726
2024-04-16,-0.0066591403699458596
2024-04-17,0.011036905831116606
2024-04-18,-0.005052737428092868
2024-04-19,0.0035956739951021888
2024-04-22,-0.0016838327737120906
2024-04-23,0.000337088580660172
2024-04-24,-0.007101395663934973
2024-04-25,-0.007038429144139435
2024-04-26,0.0052266675052941025
2024-04-29,0.008351279858063165
2024-04-30,-0.00857800503653916
2024-05-01,0.007344192947339678
2024-05-02,0.0042816664665465964
2024-05-03,0.010068205362166793
2024-05-06,0.0038881893359139497
2024-05-07,0.006080028894754008
2024-05-08,-0.006080028894754008
2024-05-09,0.004867032732421173
2024-05-10,-0.005643068779437321
2024-05-13,0.002548735479305897
2024-05-14,0.005628744753964909
2024-05-15,0.013554901799667007
2024-05-16,-0.0009775732403287662
2024-05-17,-0.006761112769911648
2024-05-20,-0.0029588013446275596
2024-05-21,0.0051449199937838586
2024-05-22,0.0012001978226052756
2024-05-23,-0.00645497084592872
2024-05-24,0.002959125915313443
2024-05-28,-0.014439182611972967
2024-05-29,-0.012175856232005344
2024-05-30,0.009618717991236814
2024-05-31,0.0067668007106371775
2024-06-03,0.016045147866927678
2024-06-04,0.011613540841971748
2024-06-05,0.007311281140170323
2024-06-06,-0.0015010090468088322
2024-06-07,-0.01851578920557717
2024-06-10,-0.0066893521332414
2024-06-11,0.010289383639748628
2024-06-12,0.007485552208811974
2024-06-13,0.014592586064787305
2024-06-14,0.008379862045610587
2024-06-17,-0.009978720160497723
2024-06-18,0.00913328790603618
2024-06-20,-0.006682516837846819
2024-06-21,0.0
2024-06-24,0.0040360139387640714
2024-06-25,0.0016946254759844237
2024-06-26,-0.01438887418114021
2024-06-27,0.003964291292248845
2024-06-28,-0.01878094574702338
2024-07-01,-0.017409521139690298
2024-07-02,0.0077553809618651215
2024-07-03,0.013047690717924887
2024-07-05,0.00824453767305311
2024-07-08,0.0021587313187740875
2024-07-09,-0.004429799448904426
2024-07-10,0.003135282856110422
2024-07-11,0.00966831738715257
2024-07-12,0.004267097635294093
2024-07-15,-0.011563638954615207
2024-07-16,0.014008762203397751
2024-07-17,0.00021258482664165967
2024-07-18,-0.007673506391412843
2024-07-19,-0.005901770860297084
2024-07-22,-0.0029099733043418397
2024-07-23,-0.0014043389383155969
2024-07-24,-0.010867190358139212
2024-07-25,0.008161625916004667
2024-07-26,0.007772736937516456
2024-07-29,0.005362728557471108
2024-07-30,0.0038432485723003396
2024-07-31,0.010177179257222058
2024-08-01,0.00858783038526667
2024-08-02,0.030685752655276843
2024-08-05,0.005277236100640792
2024-08-06,-0.022622578662571335
2024-08-07,-0.007065118534098858
2024-08-08,-0.006170175469651262
2024-08-09,0.009812976971979914
2024-08-12,0.0036291471763014727
2024-08-13,0.006911376969003236
2024-08-14,0.006251129002762035
2024-08-15,-0.008103278009856218
2024-08-16,0.0034955906062865694
2024-08-19,0.004607687403569649
2024-08-20,0.007936436227412358
2024-08-21,0.0006081349988011908
2024-08-22,-0.009975948369583598
2024-08-23,0.006526195464059192
2024-08-26,-0.0025442496633303335
2024-08-27,-0.001733801506198951
2024-08-28,-0.0012255718258336046
2024-08-29,-0.0032754395912499845
2024-08-30,-0.010721010569041844
2024-09-03,0.016222957148170458
2024-09-04,0.012807733921441411
2024-09-05,0.0056400745578155664
2024-09-06,-0.00010055369793438018
2024-09-09,0.004309789992600344
2024-09-10,0.006976452027695146
2024-09-11,-0.0007948475103694008
2024-09-12,-0.00468250024462602
2024-09-13,0.0026925715425285546
2024-09-16,0.009120749653889426
2024-09-17,-0.0048474486425416075
2024-09-18,-0.012473386956355803
2024-09-19,-0.0033190099215980595
2024-09-20,-0.003835849060919827
2024-09-23,-0.0021259031085740787
2024-09-24,-0.0002026144189546386
2024-09-25,-0.008347164080566571
2024-09-26,0.0023483522522367295
2024-09-27,0.005187520878098262
2024-09-30,-0.004779725821645542
2024-10-01,0.007194093347776764
2024-10-02,-0.00846294829862515
2024-10-03,-0.009465218976987266
2024-10-04,-0.012376900800846968
2024-10-07,-0.007563955737153627
2024-10-08,0.0016856555438398146
2024-10-09,-0.005701105659158934
2024-10-10,-0.003925030491367387
2024-10-11,-0.004047260699493904
2024-10-14,0.0007470175226886866
2024-10-15,0.012083731783445906
2024-10-16,0.0042056324187358385
2024-10-17,-0.01596987771489733
2024-10-18,0.0007463099919844396
2024-10-21,-0.01762571423627879
2024-10-22,0.0009753137544770141
2024-10-23,-0.002711547071619691
2024-10-24,0.006387942926775025
2024-10-25,-0.005628065635176149
2024-10-28,-0.00271694183655935
2024-10-29,0.0015225122365780663
2024-10-30,0.002929705034190988
2024-10-31,0.0016238828254326876
2024-11-01,-0.014198899697805523
2024-11-04,0.015402705765397151
2024-11-05,0.0052976032287404
2024-11-06,-0.02777067720325288
2024-11-07,0.012450160921394726
2024-11-08,0.012621054681996036
2024-11-11,-0.004877111114168109
2024-11-12,-0.015107127165407519
2024-11-13,-0.009531063783750682
2024-11-14,0.0057736168525401865
2024-11-15,-0.0026605552219711726
2024-11-18,0.0017745508833835189
2024-11-19,0.005084544886156728
2024-11-20,-0.003202482849904875
2024-11-21,-0.0007742899513401014
2024-11-22,0.0005530600338374825
2024-11-25,0.02555835543963081
2024-11-26,-0.0038896354525110866
2024-11-27,0.006904660192788015
2024-11-29,0.0102685036507415
2024-12-02,0.0023998328900196597
2024-12-03,-0.008666556757431998
2024-12-04,0.010688575699984604
2024-12-05,0.002018113607488381
2024-12-06,0.0014840982361530308
2024-12-09,-0.009259934078091447
2024-12-10,-0.00471582739512133
2024-12-11,-0.009499169169562727
2024-12-12,-0.012221682652775456
2024-12-13,-0.010263183780070406
2024-12-16,0.0029901594596033476
2024-12-17,0.0024302842610168796
2024-12-18,-0.012583401097136182
2024-12-19,-0.015257042254552822
2024-12-20,0.005678157272753559
2024-12-23,-0.009214734594269025
2024-12-24,0.0042197544714346336
2024-12-26,-0.0005692506980192746
2024-12-27,-0.008232288582356695
2024-12-30,0.008004609801147922
2024-12-31,-0.005367497911429098
2025-01-02,0.0027447089194101437
2025-01-03,-0.003202674154419327
2025-01-06,-0.0044779827235243985
2025-01-07,-0.0113414104656
2025-01-08,0.0012794380167537867
2025-01-10,-0.006647631066568849
2025-01-13,-0.00035125932210089417
2025-01-14,-0.001639880497091184
2025-01-15,0.017088436329227186
2025-01-16,0.0032219242923128277
2025-01-17,0.001722062898981136
2025-01-21,0.008905945229010115
2025-01-22,-0.005242674485333332
2025-01-23,-0.007800874087315002
2025-01-24,0.00448158501013296
2025-01-27,0.011739921574795531
2025-01-28,-0.0006797687595607727
2025-01-29,-0.0020432964660344055
2025-01-30,0.0037425500875567508
2025-01-31,-0.006587509930682245
2025-02-03,0.00810936005796048
2025-02-04,0.003057687381240015
2025-02-05,0.016375416756762462
2025-02-06,-0.0004447952203019412
2025-02-07,-0.00647635517180678
2025-02-10,-0.0030290557202912183
2025-02-11,-0.006425210644362522
2025-02-12,-0.01366276262337962
2025-02-13,0.01648604930145936
2025-02-14,0.005285804105415792
2025-02-18,-0.011847608056795522
2025-02-19,0.0012479115861383505
2025-02-20,0.003733955977583747
2025-02-21,0.01201241914295803
2025-02-24,0.0028972744435797892
2025-02-25,0.017100064366005974
2025-02-26,0.005889578047653998
2025-02-27,-0.007093735644849275
2025-02-28,0.012191575207514127
2025-03-03,0.0046558813416526235
2025-03-04,-0.012391212697518306
2025-03-05,-0.008016629443672763
2025-03-06,-0.0033128714020431715
2025-03-07,-0.0032131411230276186
2025-03-10,0.010377582061500412
2025-03-11,-0.007164440938472794
2025-03-12,-0.005991457404834755
2025-03-13,0.008752840167274734
2025-03-14,-0.005309063205909403
2025-03-17,0.00497842012912475
2025-03-18,0.0009925008914954958
2025-03-19,0.005168021158446834
2025-03-20,0.0006578329089448332
2025-03-21,-0.005936223242499317
2025-03-24,-0.01030631351065292
2025-03-25,-0.00011134313415883668
2025-03-26,-0.006594762473595139
2025-03-27,-0.002920052822743102
2025-03-28,0.013739335624827653
2025-03-31,0.009824690110209033
2025-04-01,0.008628565766869656
2025-04-02,-0.0006559964665662221
2025-04-03,0.004583140936507135
2025-04-04,0.010828365939732798
2025-04-07,-0.03062015423975062
2025-04-08,-0.019058879344990842
2025-04-09,0.005868545075443876
2025-04-10,-0.027955600538835057
2025-04-11,0.005423776456271234
2025-04-14,0.00711037682317972
2025-04-15,0.003535948507486175
2025-04-16,0.0055640336715852
2025-04-17,-0.008871565668794545
2025-04-21,-0.01763447905725446
2025-04-22,0.005566110477390751
2025-04-23,0.009666132182548637
2025-04-24,0.010480767211276998
2025-04-25,0.007339512805733861
2025-04-28,0.006279891736814314
2025-04-29,0.008349714095651883
2025-04-30,-0.008125978268023637
2025-05-01,-0.005083465070456761
2025-05-02,-0.010883085149037797
2025-05-05,-0.005601127385020277
2025-05-06,0.003318671042299215
2025-05-07,0.004218267670015763
2025-05-08,-0.011211583700015737
2025-05-09,0.0014945552095175785
2025-05-12,-0.009348758304311033
2025-05-13,-0.0040666760357286336
2025-05-14,-0.006658516429835615
2025-05-15,0.008752176611509732
2025-05-16,0.00266855643249464
2025-05-19,-0.0029010317478634917
2025-05-20,-0.007231397043279131
2025-05-21,-0.017237692354412637
2025-05-22,0.005226626406174439
2025-05-23,0.0016569958059449164
2025-05-27,0.013859721465532715
2025-05-28,-0.004325271992242641
2025-05-29,0.009212384111915384
2025-05-30,0.001507903530754362
2025-06-02,-0.00935023554125447
2025-06-03,-0.0017630746419650123
2025-06-04,0.016103026335237303
2025-06-05,0.0006944661637220406
2025-06-06,-0.012805743913121503
2025-06-09,0.0010539664741209265
2025-06-10,0.0051365335702993065
2025-06-11,0.0030227625122387636
2025-06-12,0.011886636845370724
2025-06-13,-0.009683196525853255
2025-06-16,-0.010128903235099074
2025-06-17,0.012095878070804922
2025-06-18,0.0017330107664523808
2025-06-20,-0.0018483282175161264
2025-06-23,0.0032321498636793677
2025-06-24,0.007234158211731234
2025-06-25,0.0012579818743665427
2025-06-26,0.005015244231739047
2025-06-27,-0.00638754068276981
2025-06-30,0.00979265260679707
2025-07-01,0.002476604389646475
2025-07-02,-0.006374013533464229
2025-07-03,-0.0069891872816478795
2025-07-07,-0.0095894281077058
2025-07-08,-0.0012779219068805858
2025-07-09,0.010407240552939179
2025-07-10,0.0006898999826248087
2025-07-11,-0.013890563787935406
2025-07-14,-0.0021005054657008415
2025-07-15,-0.007033123324783119
2025-07-16,0.0014104551981724
2025-07-17,-0.00023481180499018706
2025-07-18,0.0015261409773472678
2025-07-21,0.008876527891991337
2025-07-22,0.006028355486435544
2025-07-23,-0.005563458429765689
2025-07-24,-0.0017447135200479025
2025-07-25,0.006267610994362904
2025-07-28,-0.006500532045384588
2025-07-29,0.016745043689673444
2025-07-30,-0.005166609564350111
2025-07-31,0.0005752232710900529
2025-08-01,0.01411641109148043
2025-08-04,0.0027292949564490243
2025-08-05,0.0030613184352228373
2025-08-06,-0.005790613391671862
2025-08-07,-0.001709565569862903
2025-08-08,-0.004343768248649127
2025-08-11,0.0011448117322698792
2025-08-12,-0.005047317327548484
2025-08-13,0.008246273843927732
2025-08-14,-0.007441800979536062
2025-08-15,-0.007150096971564324
2025-08-18,-0.0028977315051914587
2025-08-19,0.005786905553128108
2025-08-20,0.0021905609516199576
2025-08-21,-0.0049640521177227726
2025-08-22,0.007379410764886352
2025-08-25,-0.002876247325430903
2025-08-26,-0.0005763173958897028
2025-08-27,-0.001153354877462931
2025-08-28,0.006556696729520972
2025-08-29,-0.007133734658569146
2025-09-02,-0.007469612982989204
2025-09-03,0.010917731963625776
2025-09-04,0.00759509072233211
2025-09-05,0.015131822371641235
2025-09-08,0.013236379473839044
2025-09-09,-0.005699273501416968
2025-09-10,0.005699273501416968
2025-09-11,0.006663736292382261
2025-09-12,-0.004326400730087165
2025-09-15,0.002331973659303266
2025-09-16,0.0021051758100920637
2025-09-17,-0.002548912694416927
2025-09-18,-0.01037320861774571
2025-09-19,-0.0019078549553093183
2025-09-22,-0.003601303635750952
2025-09-23,0.006965580881203692
2025-09-24,-0.003813608276935554
2025-09-25,0.0
2025-09-26,-0.0008996272195815891
2025-09-29,0.008177959792421419
2025-09-30,-0.002904961374992965
2025-10-01,0.0025792698876019315
2025-10-02,0.0029074338633314767
2025-10-03,-0.0019001636231399388
2025-10-06,-0.007975334888970842
2025-10-07,0.005735121433808388
2025-10-08,0.0007847436966930132
2025-10-09,-0.0007847436966930132
2025-10-10,0.016018209934928862
2025-10-13,-0.0005518799780084294
2025-10-14,0.0031968125040906514
2025-10-15,-0.0022034196993141464
2025-10-16,0.007472476863592092
2025-10-17,-0.0015339752587086863
2025-10-20,0.0038303614219881155
2025-10-21,0.004903240459383618
2025-10-22,0.0006519641752600336
2025-10-23,-0.006866742236767642
2025-10-24,0.00043734137834228193
2025-10-27,0.003383315929333719
2025-10-28,0.002611633390968038
2025-10-29,-0.010157958904263076
2025-10-30,-0.005835497697939118
2025-10-31,-0.0029858270246636565
2025-11-03,-0.0025041401916316985
2025-11-04,0.002226260794521373
2025-11-05,-0.010955945513017262
2025-11-06,0.008952578093452068
2025-11-07,-0.0021190976034173303
2025-11-10,-0.00022327778963493472
2025-11-11,0.0045682286443762266
2025-11-12,0.001776788217679126
2025-11-13,-0.008245159508286193
2025-11-14,-0.005722098568426759
2025-11-17,0.0024723328838813785
2025-11-18,-0.0003370070753128118
2025-11-19,-0.002023004769961645
2025-11-20,0.003930146105515675
2025-11-21,0.0030213613922516203
2025-11-24,0.005682199338172822
2025-11-25,0.0025518624065332673
2025-11-26,0.004422900415054443
2025-11-28,-0.004755348598656894
2025-12-01,-0.012526813703923168
2025-12-02,0.00045051467862133876
2025-12-03,0.0028108838859299823
2025-12-04,-0.005404007983275783
2025-12-05,-0.004639401284268985
2025-12-08,-0.0032945531160040176
2025-12-09,0.0010237426198704824
2025-12-10,0.0038573063017306453
2025-12-11,-0.0013597249654209165
2025-12-12,-0.00968507334024249
2025-12-15,0.0006868003988138582
2025-12-16,0.00547694898524842
2025-12-17,-0.0009106842997388398
2025-12-18,0.004772202352415711
2025-12-19,-0.0037394435348803157
2025-12-22,-0.0021725292460335055
2025-12-23,0.0016011927906420809
2025-12-24,0.006038960470838184
2025-12-26,-0.003299804422725927
2025-12-29,0.003753951821052759
2025-12-30,-0.0023872717889688033
2025-12-31,-0.007999135762181808
2026-01-02,-0.0014925020133391698
2026-01-05,0.004928605284740151
2026-01-06,-0.002060154723111829
2026-01-07,0.005826191668358405
2026-01-08,-0.0050245409870450786
2026-01-09,0.006618076248172677
2026-01-12,-0.002961395409132095
2026-01-13,0.0017094434895108535
2026-01-14,0.00579073822265741
2026-01-15,-0.0002266020989489803
2026-01-16,-0.005791785676207972
2026-01-20,-0.013184411245589445
2026-01-21,0.007587864725620896
2026-01-22,0.004342829354604838
2026-01-23,0.0027333186374844942
2026-01-26,0.0047650700413752745
2026-01-27,-0.006244671513496058
2026-01-28,-0.002280517421819006
2026-01-29,0.00022825899389555815
2026-01-30,-0.005608076172772591
2026-02-02,-0.002861267451732985
2026-02-03,0.002423438638690101
2026-02-04,-0.0025389396847996792
2026-02-05,0.010803591477940522
2026-02-06,0.0006854537841105568
2026-02-09,-0.00022849206657760135
2026-02-10,0.011474220623187037
2026-02-11,-0.005323186413731307
2026-02-12,0.013199154541001512
2026-02-13,0.005476334430212226
2026-02-17,0.0016705078788454841
2026-02-18,-0.0037905743141131154
2026-02-19,0.0010047838926912078
2026-02-20,-0.0023458345084472754
2026-02-23,0.003684006915499971
2026-02-24,0.0017812455554366835
2026-02-25,0.00011135871057099678
2026-02-26,0.003995817157629311
2026-02-27,0.006074362422495483
2026-03-02,-0.010092833712087135
2026-03-03,-0.0020107674465137393
2026-03-04,-0.003135763438787187
2026-03-05,-0.004046311578181694
2026-03-06,-0.0037235791120728834
2026-03-09,0.008666939423505937
2026-03-10,-0.01070387388777494
2026-03-11,-0.012997511269928985
2026-03-12,-0.0019527209665834988
2026-03-13,-0.004956562130439934
2026-03-16,0.0077122429404505866
2026-03-17,0.0027481971814546924
2026-03-18,-0.005618978960370669
2026-03-19,0.006076367684037187
2026-03-20,-0.01915594181124103
2026-03-23,0.006503329839655514
2026-03-24,-0.004408403300314667
2026-03-25,0.009603840192875523
2026-03-26,-0.008441724485524382
2026-03-27,-0.0054731505038150274
2026-03-30,0.01322366567340616
2026-03-31,-0.0010377556532681353
2026-04-01,-0.0009847387034707111
2026-04-02,0.006125416280639229
2026-04-06,-0.0016144676565028604
2026-04-07,-0.00011542532990294063
2026-04-08,0.003226615358476792
2026-04-09,-0.0025343528379933034
2026-04-10,-0.0024250633069433647
2026-04-13,0.003001657594870366
2026-04-14,0.005288502084186852
2026-04-15,-0.0043667317486777435
2026-04-16,-0.006354476603585013
2026-04-17,0.009114611268004502
2026-04-20,-0.0002295715704363488
2026-04-21,-0.005529450973769556
2026-04-22,0.0019618252805022607
2026-04-23,-0.0021928127800387998
2026-04-24,0.0018469459014420764
2026-04-27,-0.004971547125704134
2026-04-28,0.0010426789376696277
2026-04-29,-0.007787644922071735
2026-04-30,-0.0009338392928155415
2026-05-01,0.003568957616422175
2026-05-04,-0.007621537319228544
2026-05-05,0.005516773790544605
2026-05-06,0.007579855310866357
2026-05-07,-0.005007917295690945
2026-05-08,0.005007917295690945
2026-05-11,-0.006059299055217515
2026-05-12,-0.00668427118692172
2026-05-13,-0.002237995261861414
2026-05-14,0.0014140581000559038
2026-05-15,-0.014948519878645428
2026-05-18,-0.0011961996607086078
2026-05-19,-0.0064833689998051725
2026-05-20,0.01066326855066535
2026-05-21,0.0036876176309750264
2026-05-22,0.00544699226506129
2026-05-26,0.004947509596734179
2026-05-27,0.0023474807203607284
2026-05-28,0.005144997031425014
2026-05-29,0.00023330553109524033
2026-06-01,0.0005383286507116836
2026-06-02,0.0021037456528452125
2026-06-03,-0.00397758510703472
2026-06-04,0.0022247712168210754
2026-06-05,-0.005159534148170053
2026-06-08,-0.005186110651325571
2026-06-09,0.0058913230617232415
2026-06-10,-0.002823656654014073
2026-06-11,0.012876291910933979
2026-06-12,-0.0024454572585099754
2026-06-15,-0.0005830827853801068
2026-06-16,0.0054680316270356855
2026-06-17,0.0016230278053104286
2026-06-18,0.004853248737092919
2026-06-22,-0.007637184219897009
2026-06-23,0.0012768616815801437
2026-06-24,0.013596359775067235
2026-06-25,-0.0003434684230985141
2026-06-26,0.00011450258270606639
2026-06-29,0.001029668919684923
2026-06-30,-0.011848041620859284
2026-07-01,-0.006782479796417995
2026-07-02,-0.00011689558432159686
2026-07-06,-0.0007019305716999824
2026-07-07,-0.010588242898537992
2026-07-08,-0.0022497123600189184
2026-07-09,0.0015398091351448429
2026-07-10,-0.00023674644416349366
2026-07-13,-0.005936859062353861
2026-07-14,0.0013092023241121353
2026-07-15,0.0019010821113418785
2026-07-16,-0.00035624048891857996
2026-07-17,0.003674530678621224
2026-07-20,-0.007481766161737902
2026-07-21,-0.0027453597195465917
2026-07-22,-0.0026331999123438976
2026-07-23,-0.003241206086914694
2026-07-24,0.000961439371976347
2026-07-27,0.005988051770536629
2026-07-28,0.005833750548327465
2026-07-29,-0.01663817677141921
2026-07-30,-0.0006036463317249385
2026-07-31,-0.006664738644658996
2026-08-03,0.0032905397241647094
2026-08-04,0.007635924286867102
2026-08-05,0.002171038993343366
2026-08-06,-0.005799975458082862
2026-08-07,0.002904238957678551
2026-08-10,-0.00849424374325114
2026-08-11,0.001583016963444983
2026-08-12,-0.0009738533381815628
2026-08-13,0.005828759307789255
2026-08-14,-0.006681636312205086
2026-08-17,-0.00844605759654371
2026-08-18,0.003803525722482881
2026-08-19,0.016517120357391946
2026-08-20,-0.008224551670485525
2026-08-21,-0.0035281260282387095
2026-08-24,0.00619643332087616
2026-08-25,0.010962056811702148
2026-08-26,-0.00203871983724202
2026-08-27,-0.002042976836614585
2026-08-28,-0.0030118769129776624
2026-08-31,-0.0043531091656259235
2026-09-01,-0.004083399991269054
2026-09-02,0.0009766110141278261
2026-09-03,0.0014632699725662945
2026-09-04,0.0017044001044554946
2026-09-08,-0.00012167309146793315
2026-09-09,-0.005734092334632734
2026-09-10,-0.011691777577679474
2026-09-11,0.0011135660468442055
2026-09-14,0.0007416262078132618
2026-09-15,-0.0027221152856098385
2026-09-16,0.002104068760623967
2026-09-17,0.011066159256339247
2026-09-18,-0.006501878799978655
