date,logret
2000-01-04,0.013575090053778993
2000-01-05,0.006574518508894123
2000-01-06,0.013591327133995357
2000-01-07,-0.00019015021924584374
2000-01-10,0.0010453790450704048
2000-01-11,0.007664322894172848
2000-01-12,-0.003115414367803382
2000-01-13,0.003115414367803382
2000-01-14,-0.002170324041338212
2000-01-18,-0.003501304736124311
2000-01-19,-0.0009484067478719993
2000-01-20,0.0005691519789383648
2000-01-21,-0.004657581729005322
2000-01-24,0.005321183213280456
2000-01-25,0.003311417946229689
2000-01-26,-0.00018892877441434308
2000-01-27,-0.008920157837479792
2000-01-28,0.02112688217619141
2000-01-31,0.0016784785738472863
2000-02-01,0.0031627933341926706
2000-02-02,0.006757095177920114
2000-02-03,-0.004437877106045818
2000-02-04,-0.0035273405179676587
2000-02-07,0.011188798587260962
2000-02-08,0.007694459506507378
2000-02-09,-0.004389581808293741
2000-02-10,-0.0033968359492329014
2000-02-11,0.002296423183445917
2000-02-14,-0.003124428198781004
2000-02-15,0.0009199632663543511
2000-02-16,0.0057763879498331505
2000-02-17,0.008103845851960223
2000-02-18,0.005516631671006245
2000-02-22,0.0014419613169014411
2000-02-23,0.0006302048374227098
2000-02-24,-0.0014410522173138318
2000-02-25,0.00027035551915144396
2000-02-28,-0.016443704605576315
2000-02-29,0.006482560934894188
2000-03-01,-0.02562588377336983
2000-03-02,0.002517835992341233
2000-03-03,0.003996845028853002
2000-03-06,-0.0005567412225095936
2000-03-07,-0.014396808444549158
2000-03-08,0.0064761594780158305
2000-03-09,-0.004124876946365319
2000-03-10,-0.001692365954885311
2000-03-13,-0.00897969075649474
2000-03-14,-0.004472577280179912
2000-03-15,0.006938202047541253
2000-03-16,0.00047346243960078027
2000-03-17,0.004439623784866065
2000-03-20,0.0037629395295430967
2000-03-21,0.003842373875928118
2000-03-22,-0.0013103708351973609
2000-03-23,0.006348634898309058
2000-03-24,-0.0018630652803937053
2000-03-27,-0.001119507533659636
2000-03-28,-0.011547797667105897
2000-03-29,-0.00283688133519977
2000-03-30,-0.0006630985891620256
2000-03-31,-0.026891085454826325
2000-04-03,0.020140406145847223
2000-04-04,0.004853685474430769
2000-04-05,-0.0031379286909274384
2000-04-06,-0.0020974361774497297
2000-04-07,0.005235364868377168
2000-04-10,0.009825303415123443
2000-04-11,0.005437853264840697
2000-04-12,-0.010243969098572947
2000-04-13,-0.00094509032646517
2000-04-14,-0.0060698213670757895
2000-04-17,-0.008886399312208582
2000-04-18,0.003831789342084946
2000-04-19,0.0033408134923886834
2000-04-20,0.004848148666217966
2000-04-21,0.004069470434116873
2000-04-24,-0.002079985622731151
2000-04-25,0.00047310404440192855
2000-04-26,0.00706983196403943
2000-04-27,-0.0009397613697919027
2000-04-28,0.01511645841532161
2000-05-01,0.008392173567829175
2000-05-02,-0.002390585912309895
2000-05-03,0.004683849312425714
2000-05-04,-0.00892739811588772
2000-05-05,0.0033225688157259015
2000-05-08,0.004596441260366291
2000-05-09,0.005305537509341818
2000-05-10,-0.0025577797812381675
2000-05-11,-0.007897194394267615
2000-05-12,0.002486074665648097
2000-05-15,0.006782172454704138
2000-05-16,0.0024631677828024223
2000-05-17,-0.0020065676196256987
2000-05-18,-0.007606690208491251
2000-05-19,-0.016791525841309607
2000-05-22,0.0012154645973048162
2000-05-23,-0.0028071507158458076
2000-05-24,0.008026174677783438
2000-05-25,-0.0009299730978060694
2000-05-26,-0.002795119680586211
2000-05-30,-0.0069282179572160985
2000-05-31,0.01213947114289926
2000-06-01,0.009238794465386668
2000-06-02,-0.0054405593187061285
2000-06-05,-0.006586600184085967
2000-06-06,-0.016895464786050418
2000-06-07,-0.001326134512810384
2000-06-08,0.003406513513720455
2000-06-09,0.008653176642198446
2000-06-12,-0.0012181981546808274
2000-06-13,0.0013118442660946528
2000-06-14,0.0009359791024001751
2000-06-15,-0.0034675073401224665
2000-06-16,-0.002820345951478842
2000-06-19,-0.004529164186949153
2000-06-20,-0.0030308793802431566
2000-06-21,0.0007585814890607168
2000-06-22,-0.01048127746758265
2000-06-23,0.00181826931763851
2000-06-26,0.010178446969992372
2000-06-27,-0.0012311190531706373
2000-06-28,-0.00018953752899797394
2000-06-29,-0.0039886092764955805
2000-06-30,0.009941851522243361
2000-07-03,-0.004721889970817017
2000-07-05,0.011950271596476547
2000-07-06,0.004293454420635889
2000-07-07,0.004089605104982574
2000-07-10,-0.006607441097323807
2000-07-11,-0.0015885626851375179
2000-07-12,0.013284602448329075
2000-07-13,-0.0008309098940877391
2000-07-14,-0.003608609051277689
2000-07-17,0.006007134186394758
2000-07-18,-0.0021214784509790974
2000-07-19,-0.0009237875945631302
2000-07-20,-0.002869176849133126
2000-07-21,0.010969368414139424
2000-07-24,-0.0014678901718285786
2000-07-25,0.0034827273769337808
2000-07-26,-0.00018299936001309192
2000-07-27,-0.0011903128265267071
2000-07-28,0.004387976690495066
2000-07-31,0.00045597556761034497
2000-08-01,-0.0019164961375928158
2000-08-02,-0.006414978010706562
2000-08-03,-0.003776543888864836
2000-08-04,0.0016597514183640527
2000-08-07,0.004137366265961617
2000-08-08,-0.0032164710908340055
2000-08-09,-0.006001033565717684
2000-08-10,0.006553163882495383
2000-08-11,-0.0001840095690166521
2000-08-14,0.007699396422045979
2000-08-15,-0.004759298751049634
2000-08-16,-0.004136985904843016
2000-08-17,-0.0006450721322153186
2000-08-18,-0.0004610207079949191
2000-08-21,0.0009218289738335272
2000-08-22,-0.0017522022281708516
2000-08-23,-0.012258697346593905
2000-08-24,-0.0012154645973048162
2000-08-25,0.0026160904390515327
2000-08-28,-0.006740967385416852
2000-08-29,-0.0023512825316505115
2000-08-30,0.002539146518676816
2000-08-31,0.001782949845940962
2000-09-01,-0.00828473953462261
2000-09-05,0.0009449117210671432
2000-09-06,0.0018871490786516176
2000-09-07,-0.009281248554646737
2000-09-08,0.00880979505480095
2000-09-11,-0.0005660377509615344
2000-09-12,0.00901837958182039
2000-09-13,0.0016819290079732596
2000-09-14,0.0013062140315875936
2000-09-15,0.0007456426853069686
2000-09-18,-0.004295057956627879
2000-09-19,0.0014025903463537048
2000-09-20,-0.002338744692948147
2000-09-21,-0.002532003040730757
2000-09-22,0.013430532041017074
2000-09-25,-0.002876097914290554
2000-09-26,0.0
2000-09-27,-0.0017668670612245307
2000-09-28,0.0013951543908357067
2000-09-29,0.002877165658270897
2000-10-02,0.00839836969883212
2000-10-03,-0.0013795008395440789
2000-10-04,0.005781158565205224
2000-10-05,9.14954939110757e-05
2000-10-06,-0.004493153219572221
2000-10-10,-0.00839836969883212
2000-10-11,-0.002505452987882073
2000-10-12,-0.0004646624311099856
2000-10-13,0.0008362369825292149
2000-10-16,0.005834160179318815
2000-10-17,-0.001386001607876608
2000-10-18,-0.0034270398937170654
2000-10-19,0.007118783818949481
2000-10-20,0.0045038910639769725
2000-10-23,-0.005425550115393918
2000-10-24,-0.0034175436209400445
2000-10-25,-0.00027761069904830293
2000-10-26,0.0028649342639992526
2000-10-27,0.003592652751899017
2000-10-30,0.002204464932426653
2000-10-31,0.0014669480947331337
2000-11-01,-0.006157258803868082
2000-11-02,-0.0008299903644264361
2000-11-03,-0.007501076982562083
2000-11-06,-0.0022333900964142117
2000-11-07,-0.00037271711202979674
2000-11-08,0.0025131488072611674
2000-11-09,-0.0014885108339584008
2000-11-10,0.0039026252840255182
2000-11-13,-0.0012063287316381732
2000-11-14,0.004169568236725318
2000-11-15,0.0055325175697253925
2000-11-16,0.0030298880085943836
2000-11-17,-0.0020189049713339458
2000-11-20,0.008506797240587005
2000-11-21,0.004543810071414356
2000-11-22,-0.0011794058976555277
2000-11-24,0.011013923741122866
2000-11-27,-0.006123938446931376
2000-11-28,-0.004254747739366849
2000-11-29,0.009480455639963026
2000-11-30,-0.0031501758646186317
2000-12-01,0.001981268659636548
2000-12-04,-0.0007200072311768224
2000-12-05,-0.0006304318666945363
2000-12-06,-0.005238924456435257
2000-12-07,0.002532562858692522
2000-12-08,0.005315567270742783
2000-12-11,-0.004683427456492417
2000-12-12,0.006568611371331912
2000-12-13,0.008039346559417737
2000-12-14,0.000177920114337482
2000-12-15,0.0011557097788124082
2000-12-18,-0.004363125215602892
2000-12-19,0.004363125215602892
2000-12-20,0.00026651268313937493
2000-12-21,-0.0035593559556899024
2000-12-22,0.005068254302597275
2000-12-26,0.00768656874619289
2000-12-27,0.005091750092929281
2000-12-28,0.003671011901681176
2000-12-29,-0.0023583886548008692
2001-01-02,0.003317621342261212
2001-01-03,-0.004104988514734842
2001-01-04,0.010534202667447978
2001-01-05,0.006216026231006033
2001-01-08,-0.0018952452261586927
2001-01-09,0.005760731291736043
2001-01-10,-0.0032632059871433583
2001-01-11,0.011119779277511732
2001-01-12,0.001699813429850039
2001-01-16,-0.00408441684222538
2001-01-17,0.00908209782165148
2001-01-18,-0.004827858443567479
2001-01-19,-0.004680660432688555
2001-01-22,-0.005217031289726393
2001-01-23,0.002825707236177699
2001-01-24,0.010462392887340854
2001-01-25,-0.01080447789880079
2001-01-26,0.002136113940804485
2001-01-29,-0.004191085123766314
2001-01-30,-0.00791674386942276
2001-01-31,0.005513927987541578
2001-02-01,-0.009149036716037173
2001-02-02,0.002770804439600205
2001-02-05,-0.005723220616874691
2001-02-06,-0.0009570627606594329
2001-02-07,0.011510793934868424
2001-02-08,0.0007741602898363453
2001-02-09,0.01086084135503107
2001-02-12,0.00042518815216041617
2001-02-13,-0.0027243333723800944
2001-02-14,-0.005556757191991224
2001-02-15,-0.00843668916012863
2001-02-16,-0.0018171596745224505
2001-02-20,0.0009522573545623914
2001-02-21,0.00758558934299991
2001-02-22,0.0006867542548221195
2001-02-23,-0.003266291368754004
2001-02-26,0.0041240714865402595
2001-02-27,-0.003693686285147102
2001-02-28,0.009251393720529855
2001-03-01,0.00042623929719098896
2001-03-02,0.014637090289712162
2001-03-05,0.00016796842233102183
2001-03-06,-0.0017650771550421496
2001-03-07,0.008293936037506278
2001-03-08,-0.002924345151249952
2001-03-09,0.0016721013844893662
2001-03-12,0.007655858314013386
2001-03-13,-0.003570987476185117
2001-03-14,0.0063855588706500654
2001-03-15,0.010361934817414209
2001-03-16,0.005059583178017135
2001-03-19,-0.0022818036141147857
2001-03-20,0.0013045252563435028
2001-03-21,0.007225523621710472
2001-03-22,0.001778065610289481
2001-03-23,-0.009737175277858334
2001-03-26,0.001385211058734015
2001-03-27,0.001464605632026661
2001-03-28,-0.0030129089197776793
2001-03-29,0.006746073456646684
2001-03-30,0.016788217098197222
2001-04-02,0.009592209581906985
2001-04-03,-0.01062827263533439
2001-04-04,-0.00023924399013619535
2001-04-05,-0.008409804880975535
2001-04-06,-0.0024158491376082836
2001-04-09,0.00658954489854402
2001-04-10,-0.002967956295701235
2001-04-11,0.0027276390758155244
2001-04-12,-0.010550575055973788
2001-04-13,0.005168387504252969
2001-04-16,0.0039390701682622264
2001-04-17,-0.007812854368472344
2001-04-18,-0.010730937865284673
2001-04-19,-0.003930887053270382
2001-04-20,0.005319379129163693
2001-04-23,-0.006879634013536418
2001-04-24,0.0032819195851088168
2001-04-25,0.001064308913762524
2001-04-26,0.007499831354870423
2001-04-27,0.005103498460030664
2001-04-30,-0.0015364091487111153
2001-05-01,-0.013442705177762804
2001-05-02,-0.0016417669095663001
2001-05-03,-0.0043637630483743806
2001-05-04,-0.0011558785963279306
2001-05-07,0.0023928391300840346
2001-05-08,0.002633746378407409
2001-05-09,0.0048378594624223226
2001-05-10,0.0037557196334745413
2001-05-11,-0.001712818003674066
2001-05-14,0.005048459545841766
2001-05-15,0.0011364560034730076
2001-05-16,0.002673690067547696
2001-05-17,-0.0073902963555934065
2001-05-18,0.008037388507914578
2001-05-21,-0.006164347527076508
2001-05-22,-0.0009768010544677352
2001-05-23,-0.01973910622548658
2001-05-24,-0.0019955107644564762
2001-05-25,0.004981330350203983
2001-05-29,-0.005397563446744691
2001-05-30,0.0014144862365874644
2001-05-31,-0.011624634353076146
2001-06-01,0.00210075284182043
2001-06-04,0.003101037560296227
2001-06-05,0.006422843950959489
2001-06-06,0.0006649489065555514
2001-06-07,-0.0036627028377385074
2001-06-08,0.005737822901743073
2001-06-11,0.01170568143062134
2001-06-12,-0.0022973426579282474
2001-06-13,0.0012313756019670663
2001-06-14,-0.0038633889654571263
2001-06-15,0.012684813482067625
2001-06-18,0.0018686279150639251
2001-06-19,-0.0018686279150639251
2001-06-20,0.0026799869859424064
2001-06-21,0.008881770134780531
2001-06-22,-0.001206515328340707
2001-06-25,-0.0018528220550066976
2001-06-26,-0.0016139448306455861
2001-06-27,0.0034667668856522837
2001-06-28,0.00305368286154728
2001-06-29,0.0008020532993322504
2001-07-02,-0.004097214006460348
2001-07-03,0.0020908732989237677
2001-07-05,0.010309781628983217
2001-07-06,0.0006358795222602964
2001-07-09,-0.003342887544740769
2001-07-10,0.0007969397935330136
2001-07-11,-0.011779454285145263
2001-07-12,0.00032237266558965416
2001-07-13,0.005224042421066777
2001-07-16,0.005515821970469403
2001-07-17,-0.004394206727103445
2001-07-18,-0.004333179625580108
2001-07-19,-0.005968722349682487
2001-07-20,-0.006167348932542893
2001-07-23,0.01084855199275303
2001-07-24,-0.0015310853549044268
2001-07-25,-0.0029074483411211105
2001-07-26,0.0015355399630916367
2001-07-27,-0.004370353346546452
2001-07-30,0.015213397616093971
2001-07-31,-0.0014389641942536002
2001-08-01,-0.0010405411752474336
2001-08-02,-0.009252248310184896
2001-08-03,-0.0021037308511191455
2001-08-06,0.003153938969618686
2001-08-07,-0.00016149870836112967
2001-08-08,-0.005100606127587781
2001-08-09,-0.0013808230273424371
2001-08-10,-0.008653115216930907
2001-08-13,0.0040093331946620125
2001-08-14,-0.007047476517741735
2001-08-15,-0.013912115737724662
2001-08-16,0.0015831357720568207
2001-08-17,0.002162342825244856
2001-08-20,0.0029034820679498807
2001-08-21,-0.006732353068251484
2001-08-22,0.0
2001-08-23,-0.0005839416224331373
2001-08-24,0.0024169699643747933
2001-08-27,-8.324661815439782e-05
2001-08-28,0.0029925209364538574
2001-08-29,-0.0057435543083439455
2001-08-30,-0.0032610087847375624
2001-08-31,-0.005458758043751288
2001-09-04,0.006212242946912028
2001-09-05,0.010572418976975584
2001-09-06,0.00157213221739827
2001-09-07,-0.007302331013409713
2001-09-10,0.008376578110890875
2001-09-12,-0.012884098263628019
2001-09-13,-0.006041807419693512
2001-09-14,-0.01210904334000773
2001-09-17,0.001787462705135745
2001-09-18,-0.002298753726074132
2001-09-19,-0.00017048844981992772
2001-09-20,-0.012093290313130112
2001-09-21,0.007222110318272357
2001-09-24,0.0067449562010493125
2001-09-25,0.0022099456508035686
2001-09-26,0.0009335087876110038
2001-09-27,0.015153080581242762
2001-09-28,-0.003850666067238606
2001-10-01,0.008684814504484883
2001-10-02,0.004231493557229626
2001-10-03,-0.0009111617942449968
2001-10-04,-0.000331537508217572
2001-10-05,-0.00215767718564841
2001-10-09,-0.0014133102905367068
2001-10-10,0.0019116491712818373
2001-10-11,0.009421557295313576
2001-10-12,-0.005278362770518186
2001-10-15,8.268904788266696e-05
2001-10-16,0.0027249098236330482
2001-10-17,-0.001815781284632223
2001-10-18,0.0010733601327750364
2001-10-19,-0.00024759625430803567
2001-10-22,0.010673336135641698
2001-10-23,0.0030985021528264767
2001-10-24,0.00024421018477838174
2001-10-25,-0.0011401581168355435
2001-10-26,0.002197713635373688
2001-10-29,-0.007426483718172783
2001-10-30,-8.19168544383686e-05
2001-10-31,0.0038428566158001942
2001-11-01,-0.0054826044620979175
2001-11-02,-0.0015602548843727249
2001-11-05,0.000328677077732209
2001-11-06,-0.00469387776623531
2001-11-07,-0.0008257638784670007
2001-11-08,-0.008878621159120748
2001-11-09,0.0022478467609232666
2001-11-13,0.009929746462311151
2001-11-14,0.0018098063511766682
2001-11-15,0.005981908278867465
2001-11-16,0.00220345296643476
2001-11-19,0.004879248518768087
2001-11-20,-0.005286929228886628
2001-11-21,0.0046377366393413055
2001-11-23,0.010095793055553415
2001-11-26,-0.0019305025300582201
2001-11-27,-0.00024157507062749772
2001-11-28,-0.007112290548289657
2001-11-29,0.004289594210624692
2001-11-30,-0.004857522504661205
2001-12-03,0.005503413048671746
2001-12-04,0.003062295889749933
2001-12-05,0.0009650957802325166
2001-12-06,0.003450631357880596
2001-12-07,0.006627035311841389
2001-12-10,0.004842624475788426
2001-12-11,-0.0003168316858186415
2001-12-12,0.002294758672677588
2001-12-13,-0.0015820284900618375
2001-12-14,0.007256696933557016
2001-12-17,0.002354974006181898
2001-12-18,0.00336582056237944
2001-12-19,0.001795683037064677
2001-12-20,0.0027263892253293065
2001-12-21,0.007208495346144872
2001-12-24,0.0032384946185102237
2001-12-26,0.006828059824506738
2001-12-27,0.005185705207452429
2001-12-28,-0.0012939073997619843
2001-12-31,-0.001982161203991417
2002-01-02,0.007450806155865131
2002-01-03,-0.0019713403912398064
2002-01-04,-0.0056321025656549395
2002-01-07,-0.0006871540640682738
2002-01-08,0.012146205652925346
2002-01-09,0.000678861048134749
2002-01-10,-7.54062512138276e-05
2002-01-11,-0.0033235169197922687
2002-01-14,-0.0025757589998374186
2002-01-15,-0.005247758934404878
2002-01-16,0.0047925237216874805
2002-01-17,0.002728307868964386
2002-01-18,0.003852404960859701
2002-01-22,0.010051843693136497
2002-01-23,0.002013198308852715
2002-01-24,0.002900816493576208
2002-01-25,-0.0012634240467717106
2002-01-28,-0.007764130081449494
2002-01-29,0.0005993856476740334
2002-01-30,-0.005030984893457102
2002-01-31,0.009142064421265417
2002-02-01,-0.0021655536223166294
2002-02-04,-0.007955610858337181
2002-02-05,0.008926956247969464
2002-02-06,-0.0013451911452291299
2002-02-07,-0.0017214928842568256
2002-02-08,0.009543053113426403
2002-02-11,-0.008569671283736646
2002-02-12,-0.006005122384763695
2002-02-13,0.003082129859553362
2002-02-14,-0.007307275725604079
2002-02-15,0.003773304605257266
2002-02-19,0.005183888998759656
2002-02-20,0.00232027348585806
2002-02-21,0.0038055487482253625
2002-02-22,-0.0031329281182550517
2002-02-25,0.00029879734292670435
2002-02-26,0.00342976775221171
2002-02-27,0.0020819399296430063
2002-02-28,-0.004989027065139595
2002-03-01,-0.004563997297980293
2002-03-04,-0.00866132321043711
2002-03-05,0.0008317266367336984
2002-03-06,-0.011096025078165539
2002-03-07,-0.02931351325971132
2002-03-08,0.008931428848166334
2002-03-11,-0.0010144758761496675
2002-03-12,0.004595918508439212
2002-03-13,0.00588920725744746
2002-03-14,-0.0037930145718725328
2002-03-15,0.0012401179701226894
2002-03-18,0.01666897296271941
2002-03-19,0.007815800305594145
2002-03-20,-0.005305052229693352
2002-03-21,0.001973734793937254
2002-03-22,0.007705711619885314
2002-03-25,0.004355342170421217
2002-03-26,-0.00510818418444714
2002-03-27,-0.001281133601505502
2002-03-28,0.0
2002-03-29,0.0006784516486542103
2002-04-01,0.004661312101376325
2002-04-02,0.0005998800419853012
2002-04-03,-0.005638052897775303
2002-04-04,-0.002642009462838324
2002-04-05,-0.004317697879174354
2002-04-08,-0.0034981024264197913
2002-04-09,-0.0018299661988221416
2002-04-10,-0.0021392016714614215
2002-04-11,0.0060999045412692965
2002-04-12,0.004096500949470894
2002-04-15,-0.0010604454864395763
2002-04-16,-0.005776408856394077
2002-04-17,-0.003742033462763139
2002-04-18,-0.006601697423840314
2002-04-19,0.005070303556412803
2002-04-22,-0.004608303086194532
2002-04-23,-7.698525736099526e-05
2002-04-24,-0.0010013480520898455
2002-04-25,-0.010536199111242261
2002-04-26,-0.001714865179780034
2002-04-29,-0.0003901525545959572
2002-04-30,0.0024943500344081215
2002-05-01,-0.00781559273376864
2002-05-02,0.004462370891733514
2002-05-03,-0.0063472375457385155
2002-05-06,0.00047154983583652665
2002-05-07,0.004155727939478382
2002-05-08,0.006551263487222236
2002-05-09,-0.002178989188999836
2002-05-10,-0.0036682967964276614
2002-05-13,-0.0015650680086389812
2002-05-14,0.0075678145462640956
2002-05-15,-0.0057681974571552885
2002-05-16,0.002108469798344892
2002-05-17,-0.016993564474643286
2002-05-20,-0.00309929917895424
2002-05-21,-0.014511017443438412
2002-05-22,0.002661399207901205
2002-05-23,0.005461860967669985
2002-05-24,-0.0010418754699230703
2002-05-28,-0.0026496462569127743
2002-05-29,-0.00024122542632909472
2002-05-30,-0.010265619795572611
2002-05-31,0.008494853074014763
2002-06-03,-0.0035509681409378047
2002-06-04,0.002099823094281028
2002-06-05,0.0036239218238796056
2002-06-06,-0.0004824314638876004
2002-06-07,0.0012056425525033276
2002-06-10,0.0008832149596580408
2002-06-11,0.0076751256204001805
2002-06-12,0.0006369426966932323
2002-06-13,-0.00414739787344498
2002-06-14,-0.006977611820262908
2002-06-17,0.0009653286889115265
2002-06-18,0.00152653386009316
2002-06-19,-0.004183433293494687
2002-06-20,-0.005740404654351217
2002-06-21,-0.01717412181940503
2002-06-24,0.00041235413556961475
2002-06-25,0.0050991145931647
2002-06-26,-0.017126964792800514
2002-06-27,-0.0037623889539215583
2002-06-28,0.003929278139889192
2002-07-01,0.0015840596917735539
2002-07-02,0.0007494691611169557
2002-07-03,-0.0030012527738687567
2002-07-05,0.0035005870052824406
2002-07-08,-0.012811563134200732
2002-07-09,-0.006849631448356597
2002-07-10,0.0007633911902180657
2002-07-11,-0.011255234778348111
2002-07-12,0.0009427898705620663
2002-07-15,-0.005756276902110002
2002-07-16,-0.003020237874215681
2002-07-17,0.004569958373781269
2002-07-18,0.006687841098062641
2002-07-19,-0.01108496850010443
2002-07-22,0.004225054786973104
2002-07-23,0.009675975650073276
2002-07-24,-0.008729942468357343
2002-07-25,0.00463122611639033
2002-07-26,0.01621083664264855
2002-07-29,0.009134779631294165
2002-07-30,0.0002502398144601514
2002-07-31,-0.001084825074053164
2002-08-01,-0.005609760598161095
2002-08-02,-0.001008064601494496
2002-08-05,0.002350571935200385
2002-08-06,0.015640917857841607
2002-08-07,-0.006376569161157697
2002-08-08,0.005550737088456437
2002-08-09,-0.007380107297621841
2002-08-12,-0.010878768376275438
2002-08-13,0.0019333423413723239
2002-08-14,-0.02164678556240318
2002-08-15,0.006415487553169008
2002-08-16,0.00195919820750845
2002-08-19,0.008642656745559307
2002-08-20,0.002611957502997697
2002-08-21,-0.002527594234714492
2002-08-22,0.010990504520701272
2002-08-23,-0.002673574990503802
2002-08-26,8.365750621841528e-05
2002-08-27,-0.010342745130536457
2002-08-28,0.0
2002-08-29,0.00025353898297630906
2002-08-30,0.003542812647011395
2002-09-03,-0.013905599682558112
2002-09-04,0.0075703164246565535
2002-09-05,0.002792470610890163
2002-09-06,0.0011823327109956594
2002-09-09,0.00311802384665949
2002-09-10,0.007794533030113016
2002-09-11,0.0071541774233301325
2002-09-12,0.0003315100312146768
2002-09-13,0.006771848489742105
2002-09-16,0.0054992546353656024
2002-09-17,0.003839717147590349
2002-09-18,-0.00942127969690798
2002-09-19,-8.231468910313566e-05
2002-09-20,0.013734682878752125
2002-09-23,0.006232567020482804
2002-09-24,-0.004447866295290481
2002-09-25,-0.005363686162546344
2002-09-26,-0.0010598835120427808
2002-09-27,0.0022000416288783242
2002-09-30,-0.009157872670003009
2002-10-01,0.008099197543638859
2002-10-02,0.0039033960271597223
2002-10-03,-0.0013807108792427414
2002-10-04,-0.0001625619771123965
2002-10-07,0.011476728249214752
2002-10-08,-0.0014475273938883149
2002-10-09,-0.0057302122009295076
2002-10-10,0.0007281848292972626
2002-10-11,0.00322997696833216
2002-10-15,0.004985937148456188
2002-10-16,-0.0028920328640387183
2002-10-17,0.004014457418661799
2002-10-18,0.005752652489449339
2002-10-21,-0.006474066492121011
2002-10-22,0.003042436293994477
2002-10-23,-0.007381883797899391
2002-10-24,0.004820447994179133
2002-10-25,-0.005062081437423593
2002-10-28,-0.004035843721590382
2002-10-29,-0.008855007289794159
2002-10-30,0.0029332702527673504
2002-10-31,-0.0010582442275390846
2002-11-01,-0.005062475088973173
2002-11-04,0.0024527851394315903
2002-11-05,-0.005075737462902019
2002-11-06,0.0031139908798634153
2002-11-07,-0.007885698823185017
2002-11-08,-0.012781317659086966
2002-11-12,-0.0012537090530093664
2002-11-13,0.005920384188839556
2002-11-14,0.0014123709405522433
2002-11-15,-0.0006643966692365666
2002-11-18,0.006459114870891014
2002-11-19,0.0041186219669970825
2002-11-20,0.0071262127350424365
2002-11-21,0.003259455297709657
2002-11-22,-0.000651041689661902
2002-11-25,-0.004242133951815497
2002-11-26,-0.0035215629530611636
2002-11-27,0.0026218777821638284
2002-11-29,0.004164461169036571
2002-12-02,0.015283522335830746
2002-12-03,-0.0015259208679028191
2002-12-04,0.003369978315705069
2002-12-05,0.0012008166995514102
2002-12-06,-0.010455298715212002
2002-12-09,-0.0026715255718992026
2002-12-10,0.0024289543154036863
2002-12-11,-0.0016186471646726375
2002-12-12,-0.005767450291120468
2002-12-13,-0.016758791961594355
2002-12-16,0.00471094718102627
2002-12-17,-8.245722536148747e-05
2002-12-18,-0.0012376749795617314
2002-12-19,-0.002148938755725638
2002-12-20,-0.002817136671311893
2002-12-23,0.0020721960251828264
2002-12-24,-0.004148694964758448
2002-12-26,-0.0012479722073956978
2002-12-27,-0.0016663893207873315
2002-12-30,-0.01292506453176312
2002-12-31,0.0031206536521715122
2003-01-02,0.009303952115288894
2003-01-03,-8.343414964606666e-05
2003-01-06,-0.006613393155149083
2003-01-07,0.009363051180537596
2003-01-08,-0.0069302661209427185
2003-01-09,0.0018416211466494303
2003-01-10,-0.0010878207005537988
2003-01-13,-0.0034385910511467443
2003-01-14,-0.009029978232712566
2003-01-15,-0.00042396235849384567
2003-01-16,0.0009324800404408862
2003-01-17,-0.00118694375952888
2003-01-21,0.005836345600485515
2003-01-22,-0.003548499837061847
2003-01-23,-0.0027120959076682993
2003-01-24,-0.0002546365077629176
2003-01-27,0.007105426612191046
2003-01-28,0.00025283384737040393
2003-01-29,-0.00456081871661862
2003-01-30,0.009184812831351863
2003-01-31,0.006187828089027292
2003-02-03,0.004242405397953064
2003-02-04,-0.005994522987736062
2003-02-05,0.00025049054529091563
2003-02-06,0.001251512407313804
2003-02-07,0.003911293631090551
2003-02-10,0.00703499694287224
2003-02-11,-0.0004949678371968247
2003-02-12,0.0009072539696086679
2003-02-13,-0.006700054014819656
2003-02-14,-0.0006641760310568401
2003-02-18,-0.01236750116497376
2003-02-19,-0.0023571018573811386
2003-02-20,-0.003969096964244301
2003-02-21,0.005064156670185227
2003-02-24,-0.008454565071288833
2003-02-25,-0.005448676854788559
2003-02-26,0.0004267486088744832
2003-02-27,0.0033224037035974874
2003-02-28,0.0054283424221148735
2003-03-03,-0.002456067294344777
2003-03-04,0.00025435584519684085
2003-03-05,-0.005440339837825547
2003-03-06,-0.0008527330609666706
2003-03-07,-0.006418781933723139
2003-03-10,0.0006866363672060061
2003-03-11,0.004451681009815189
2003-03-12,0.000939167625061188
2003-03-13,0.009597084148929014
2003-03-14,0.0023638677111321726
2003-03-17,-0.0011812353719093949
2003-03-18,0.0037918730919423993
2003-03-19,0.010291686036547176
2003-03-20,-0.0006661670660212948
2003-03-21,0.011347287035025744
2003-03-24,-0.006030335072481741
2003-03-25,-0.005483563092552934
2003-03-26,0.0008327781960302261
2003-03-27,-0.0029177628969678793
2003-03-28,0.0033338920694658825
2003-03-31,-0.017712949986763427
2003-04-01,0.001523358453024315
2003-04-02,0.007750017730671743
2003-04-03,0.0031836488016194764
2003-04-04,0.004173628762928594
2003-04-07,0.0029942632368653577
2003-04-08,-0.004161124512785719
2003-04-09,0.005323143235838046
2003-04-10,-0.00807900117442184
2003-04-11,0.007415155826002717
2003-04-14,-0.001412136298127642
2003-04-15,-0.0008316008795263841
2003-04-16,-0.0013320015289401965
2003-04-17,-0.006183691468296892
2003-04-18,0.0035143538806279295
2003-04-21,0.006908921642682309
2003-04-22,-0.007243090401012786
2003-04-23,0.0054164542239041324
2003-04-24,-0.0041638967556458795
2003-04-25,0.003498837291444623
2003-04-28,0.0007481608063351075
2003-04-29,-0.001663340370190447
2003-04-30,-0.008946173958931602
2003-05-01,-0.004292393915307002
2003-05-02,0.004544314813477612
2003-05-05,-0.003869778531576884
2003-05-06,-0.005917677257318843
2003-05-07,-0.012198914340508793
2003-05-08,0.0012008922355892793
2003-05-09,0.004703878675473838
2003-05-12,-0.0022208943953883065
2003-05-13,-0.0032548208605751583
2003-05-14,-0.003437610810463454
2003-05-15,-0.0018957351648989373
2003-05-16,0.0006035783757285529
2003-05-19,0.004901338330088656
2003-05-20,0.0016284554702199472
2003-05-21,0.003931628996112657
2003-05-22,0.00017059024265186906
2003-05-23,-0.003075085706709224
2003-05-27,0.0019657285933218915
2003-05-28,0.013652957464699966
2003-05-29,-0.002361077072906781
2003-05-30,0.008825440766771386
2003-06-02,-0.008234648666201494
2003-06-03,0.00630810788521341
2003-06-04,-0.005633344026952258
2003-06-05,-0.008382420700679738
2003-06-06,0.010319834438988984
2003-06-09,-0.006077506678178857
2003-06-10,-0.0036473173305733297
2003-06-11,8.497259638851062e-05
2003-06-12,-0.00025493945326093836
2003-06-13,-0.001701259341936101
2003-06-16,0.002805527876319047
2003-06-17,0.0034747270013051335
2003-06-18,0.0016906174779069971
2003-06-19,0.0028675063926240085
2003-06-20,-0.002951969418984568
2003-06-23,-0.007120484437465713
2003-06-24,0.003481808960996702
2003-06-25,-0.0035668827625707777
2003-06-26,0.0150302584620432
2003-06-27,0.0033467233379500527
2003-06-30,0.0012521392345101745
2003-07-01,-0.003509948447189437
2003-07-02,-0.0068884680988068325
2003-07-03,-0.0032929484731205605
2003-07-07,-0.0013540963477289836
2003-07-08,0.004225477427059587
2003-07-09,-0.006175208897081674
2003-07-10,-0.0013585804925693168
2003-07-11,0.0009342223279151796
2003-07-14,-0.0022095700329813894
2003-07-15,-0.0025555853418133267
2003-07-16,0.008493341357199924
2003-07-17,0.005314001792641854
2003-07-18,-0.003961736542628103
2003-07-21,-0.00042238648991244077
2003-07-22,0.008330226133943519
2003-07-23,-0.004787712307787295
2003-07-24,0.004033279982301963
2003-07-25,-0.0036123868408557414
2003-07-28,0.005036948191251334
2003-07-29,0.0030100357174696057
2003-07-30,0.006407877790864269
2003-07-31,-0.0010789725908786352
2003-08-01,-0.0034938892542557554
2003-08-04,0.003909016496715267
2003-08-05,-0.004325769993057449
2003-08-06,0.0031629791643679184
2003-08-07,-0.011871064000583686
2003-08-08,0.0009246417672184037
2003-08-11,-0.005560718684697541
2003-08-12,0.0014352655594001007
2003-08-13,0.004545462371674525
2003-08-14,0.000587716737458166
2003-08-15,0.000838996609329179
2003-08-18,0.001592156870464656
2003-08-19,-0.001424441985375502
2003-08-20,-0.008674103819937606
2003-08-21,-0.005512926900913762
2003-08-22,0.0
2003-08-25,-0.0012765415971189853
2003-08-26,0.0005108122024912731
2003-08-27,0.0021255800206345654
2003-08-28,-0.0025512387339095
2003-08-29,-0.006235339441943211
2003-09-02,-0.004809766207844568
2003-09-03,-0.0009474999632148595
2003-09-04,0.006271228834420661
2003-09-05,0.002480435775450651
2003-09-08,-0.004967039414698782
2003-09-09,-0.0012886046197007062
2003-09-10,0.006853449253108046
2003-09-11,-0.0005123825902018098
2003-09-12,0.002644488638607001
2003-09-15,0.0002555475119319084
2003-09-16,-0.009757009961603558
2003-09-17,-0.0024110921867315227
2003-09-18,-0.006226777880863565
2003-09-19,-0.011166477364234595
2003-09-22,-0.01805838220392264
2003-09-23,-0.0026833647585977616
2003-09-24,0.0004477277889884945
2003-09-25,0.0014313833182866276
2003-09-26,-0.0005365286724430263
2003-09-29,-0.006550927541970175
2003-09-30,0.003235957879934581
2003-10-01,-0.007386090144800406
2003-10-02,-0.0001808318268938791
2003-10-03,0.002799225269052741
2003-10-06,-0.0008118714080875833
2003-10-07,-0.009065423338611822
2003-10-08,-0.002370533568146982
2003-10-09,-0.0019187725746219186
2003-10-10,-0.007067167223092419
2003-10-14,0.006609773444821165
2003-10-15,0.002467444706295119
2003-10-16,-0.0018271519791825952
2003-10-17,0.0019184220016077447
2003-10-20,0.005914754037787517
2003-10-21,-0.00482016303184718
2003-10-22,-0.006769144032613639
2003-10-23,0.005857068084671901
2003-10-24,-0.0032903786198490437
2003-10-27,-0.0078121807174840185
2003-10-28,-0.00046144618049126507
2003-10-29,-0.001385617514195303
2003-10-30,0.0008316008795254959
2003-10-31,0.01676093640582721
2003-11-03,0.009941338087847917
2003-11-04,-0.014493007302566419
2003-11-05,0.00282447456689372
2003-11-06,0.002181224167543405
2003-11-07,-0.007838173559770567
2003-11-10,-0.012058874898441374
2003-11-12,0.005264871534159887
2003-11-13,-0.002028772366823972
2003-11-14,0.0009226795266137344
2003-11-17,0.0050595756708622375
2003-11-18,-0.00801515185027224
2003-11-19,0.008748962193235066
2003-11-20,-0.0006420545966951963
2003-11-21,-0.0011016250081317125
2003-11-24,0.004764968238610834
2003-11-25,0.0030121879377036365
2003-11-26,-0.005575118402395773
2003-11-28,0.0038419366686479606
2003-12-01,0.0007301268919768233
2003-12-02,-0.0072334701698526516
2003-12-03,-0.005991077415581358
2003-12-04,0.00018487705728453818
2003-12-05,-0.0037968281941314075
2003-12-08,-0.005116052273296923
2003-12-09,0.0006525894045985581
2003-12-10,0.010199439368893337
2003-12-11,-0.0015694966984911574
2003-12-12,-0.004630495400953727
2003-12-15,-0.0019512201312616995
2003-12-16,0.0007437709528446135
2003-12-17,-0.0016742632503703447
2003-12-18,0.004643827422186497
2003-12-19,0.00018530529099702875
2003-12-22,-0.005015335115732711
2003-12-23,0.00037237014021762604
2003-12-24,-0.0013971035663269404
2003-12-26,-0.001025784581950795
2003-12-29,-0.002335249298138997
2003-12-30,0.0006544196933404578
2003-12-31,0.0012142158125607594
2004-01-02,-0.0016816147460518849
2004-01-05,-0.007979389908477685
2004-01-06,0.0009420631879013541
2004-01-07,-9.416639208392752e-05
2004-01-08,-0.00018835939027272985
2004-01-09,0.00347891846337145
2004-01-12,-0.000563327401996716
2004-01-13,-0.0021623662823300194
2004-01-14,-0.0017898360955426185
2004-01-15,0.0003770739109532073
2004-01-16,0.007231096916868296
2004-01-20,0.0028032161881004214
2004-01-21,-0.0030839704831455705
2004-01-22,-0.007138861804207863
2004-01-23,0.0012247398958962208
2004-01-26,-0.0005650781841834984
2004-01-27,-0.0055736765141416456
2004-01-28,-0.0003790032260644338
2004-01-29,0.005387282062121024
2004-01-30,-0.002359270664479496
2004-02-02,-0.002364849988277129
2004-02-03,-0.0021806123833973956
2004-02-04,0.001612215247972948
2004-02-05,-9.476427393995124e-05
2004-02-06,0.00047373159254426866
2004-02-09,0.0010414202124664484
2004-02-10,-0.0012308859197398547
2004-02-11,-0.0017068086828935236
2004-02-12,0.0004744058156243014
2004-02-13,0.0017059998451003366
2004-02-17,0.0018921481520379757
2004-02-18,0.005373062839375109
2004-02-19,0.006746020149209997
2004-02-20,0.016117429295186447
2004-02-23,-0.005620839493380991
2004-02-24,-0.0010169649099092126
2004-02-25,0.00810690759653987
2004-02-26,0.0054899945740807254
2004-02-27,-0.0030157665077288343
2004-03-01,-0.0030248888732176127
2004-03-02,0.012226429676232442
2004-03-03,-0.00018138944363155218
2004-03-04,0.004434597067866086
2004-03-05,0.006121733197848478
2004-03-08,0.006262881703917422
2004-03-09,-0.008239344480105437
2004-03-10,-0.0014398850579873113
2004-03-11,-0.0013517777933698127
2004-03-12,-0.000631455525921254
2004-03-15,-0.003072754338166561
2004-03-16,-0.013945447710407954
2004-03-17,-0.007092554947347729
2004-03-18,-0.01471299471153742
2004-03-19,0.003464909586295306
2004-03-22,-0.0012160330762789329
2004-03-23,-0.001967490211671752
2004-03-24,-0.003758343238166262
2004-03-25,-0.0016015830829383404
2004-03-26,-0.0012264731005791063
2004-03-29,-0.00387799019934576
2004-03-30,0.0008525553493239357
2004-03-31,-0.013632891441337058
2004-04-01,-0.004618057081564153
2004-04-02,0.008163310639161203
2004-04-05,0.007717631560383076
2004-04-06,0.005112195172334744
2004-04-07,-0.006631952303751021
2004-04-08,0.008518745316327347
2004-04-09,0.0032933457195518656
2004-04-12,-0.008964438423367582
2004-04-13,0.013743979877566481
2004-04-14,0.014571699664235993
2004-04-15,0.0004605960193808656
2004-04-16,-0.008230499136515412
2004-04-19,0.00749344363972515
2004-04-20,-0.0006453694964241308
2004-04-21,0.010276262557384896
2004-04-22,0.0027347327891442674
2004-04-23,-0.004287740911992799
2004-04-26,-0.007617161594326127
2004-04-27,0.008530987848177851
2004-04-28,0.003373914658141075
2004-04-29,0.0010008644664258881
2004-04-30,0.0037216944877478397
2004-05-03,-0.00027184994050877265
2004-05-04,-0.0029043403969719606
2004-05-05,-0.013911994466798028
2004-05-06,0.009904703129755
2004-05-07,0.024518985634128576
2004-05-10,0.015287709924868942
2004-05-11,-0.0031620579706475027
2004-05-12,-0.004055012608601416
2004-05-13,0.009144528684296382
2004-05-14,0.0004375410264509938
2004-05-17,-0.001751313932735421
2004-05-18,-0.00035063113963662573
2004-05-19,-0.01137427948419667
2004-05-20,0.003629125470181016
2004-05-21,-0.009677351681373736
2004-05-24,0.005072313433563735
2004-05-25,-0.004002317789792542
2004-05-26,-0.004555409601620042
2004-05-27,-0.00836072654631348
2004-05-28,-0.005340587484271353
2004-06-01,0.002447537821556267
2004-06-02,-0.0015403437105305784
2004-06-03,0.007768081696179152
2004-06-04,0.0011690123178338396
2004-06-07,-0.015031068941977033
2004-06-08,0.001458656471593045
2004-06-09,-0.00027333606839530233
2004-06-10,-0.00374310018443591
2004-06-11,0.00692738163591855
2004-06-14,0.00958242732789305
2004-06-15,-0.014134510934904476
2004-06-16,0.005096943773051699
2004-06-17,-0.004732013561904225
2004-06-18,-0.008979352984009203
2004-06-21,-0.0007365804586783042
2004-06-22,0.003952755985382694
2004-06-23,-0.0033082184187573915
2004-06-24,-0.014276686356683221
2004-06-25,0.006700192569820018
2004-06-28,0.0012049869372932065
2004-06-29,0.0021283494824650973
2004-06-30,0.011488568987070735
2004-07-01,-0.01093409156781977
2004-07-02,0.003320423637302561
2004-07-06,0.005875889105669607
2004-07-07,-0.007903726467536565
2004-07-08,0.0035000496263020153
2004-07-09,-0.005069836180712883
2004-07-12,0.0002772002789752648
2004-07-13,0.01038564548460208
2004-07-14,-0.002196797222135949
2004-07-15,0.0035673488551948296
2004-07-16,-0.006871619874433854
2004-07-19,-0.004515096359658521
2004-07-20,0.0009231053918670185
2004-07-21,0.015745473590666137
2004-07-22,-0.003822008474575256
2004-07-23,0.003912830871441564
2004-07-26,-0.0002724919404668569
2004-07-27,0.00913330940859769
2004-07-28,0.006191970247921397
2004-07-29,0.0008942144922068351
2004-07-30,-0.004389311476661106
2004-08-02,-0.0027868944184996636
2004-08-03,-0.00433057335036402
2004-08-04,0.006219317897099508
2004-08-05,0.0021542060211112712
2004-08-06,-0.013358805033974797
2004-08-09,0.004713996581839908
2004-08-10,0.001987712978270828
2004-08-11,-9.026492762309601e-05
2004-08-12,0.0032444152468169563
2004-08-13,-0.004237867575080934
2004-08-16,-0.0002711129201911078
2004-08-17,-0.0051651603212024
2004-08-18,-0.003276006205901183
2004-08-19,-0.0033782273625462267
2004-08-20,-0.00018293240698596946
2004-08-23,0.0013711780565985876
2004-08-24,0.0014605205699824708
2004-08-25,0.006817898324906757
2004-08-26,-0.005906155008647218
2004-08-27,-0.0020069337150401267
2004-08-30,0.0030088921720476947
2004-08-31,-0.00767687923057192
2004-09-01,0.005671957388827309
2004-09-02,-0.0009126586377776746
2004-09-03,0.008636809903991072
2004-09-07,-0.010464629824316951
2004-09-08,-0.0009151643358595862
2004-09-09,0.004294008699234908
2004-09-10,-0.003287373976848862
2004-09-13,0.0072906547304585345
2004-09-14,-0.006650596188971569
2004-09-15,0.008555617856403686
2004-09-16,-0.005361455889003608
2004-09-17,0.0020025493675621675
2004-09-20,-0.0009097526100534381
2004-09-21,0.000636913719724852
2004-09-22,0.005352214890349316
2004-09-23,-0.0012674272926034291
2004-09-24,0.002984941839098809
2004-09-27,0.0036961953281959836
2004-09-28,0.003144515416192206
2004-09-29,-0.005216308257425695
2004-09-30,-0.006331997637507136
2004-10-01,0.0022660331473121076
2004-10-04,0.006137757331428517
2004-10-05,0.0007196186331954735
2004-10-06,0.001168276924611078
2004-10-07,-0.0017079423451562548
2004-10-08,-0.015504186535965303
2004-10-12,0.0031929963724008914
2004-10-13,-9.108712489780402e-05
2004-10-14,-0.001640988607827687
2004-10-15,-0.0042059127558298215
2004-10-18,0.0008242890973662043
2004-10-19,-0.007996733638557352
2004-10-20,-0.0018474049222403366
2004-10-21,-0.006772139616202821
2004-10-22,-9.30882011376255e-05
2004-10-25,-0.007569068514929889
2004-10-26,0.00018758206770463914
2004-10-27,0.00037505860730302487
2004-10-28,-0.0054521661662114695
2004-10-29,-0.00047140905035547576
2004-11-01,0.0034831760328160044
2004-11-02,-0.0011283499081500281
2004-11-03,-0.0008470987376520966
2004-11-04,-0.001696353248178184
2004-11-05,-0.003969384287499267
2004-11-08,-0.00028413127055770815
2004-11-09,0.0
2004-11-10,0.01261311902380502
2004-11-12,-0.012992086342409337
2004-11-15,0.0
2004-11-16,-0.001707132432801295
2004-11-17,-0.011167967933151779
2004-11-18,0.00047982343418517814
2004-11-19,-0.013814642730165971
2004-11-22,0.0038835000263972574
2004-11-23,0.00212951392061278
2004-11-24,-0.004652072743466462
2004-11-26,-0.0035033122634864355
2004-11-29,0.0002924119129952274
2004-11-30,0.004181868481926365
2004-12-01,-0.002526480791960495
2004-12-02,0.0032055979657688027
2004-12-03,-0.005348386357492352
2004-12-06,0.0011693628305797787
2004-12-07,0.0005841690361823026
2004-12-08,0.01927956381222007
2004-12-09,0.0018123723184775287
2004-12-10,0.004943445754964415
2004-12-13,-0.007424363057991101
2004-12-14,0.008751125951630634
2004-12-15,-0.014980481473497065
2004-12-16,0.0032632719236014296
2004-12-17,-0.0007668712032264935
2004-12-20,-0.0025925407002596046
2004-12-21,0.003071904114836599
2004-12-22,-0.003648938175856209
2004-12-23,-0.0023114717023791087
2004-12-24,-0.0005787037198539124
2004-12-27,-0.006582155213129326
2004-12-28,0.0015526446593181475
2004-12-29,0.010225827096114415
2004-12-30,-0.010419775894240146
2004-12-31,-0.004179023526912573
2005-01-03,0.001459783238160206
2005-01-04,0.013906549560402048
2005-01-05,-0.0030736744974797503
2005-01-06,0.00881147354229217
2005-01-07,0.000571973323505226
2005-01-10,-0.005830362991476434
2005-01-11,-0.008664731210267895
2005-01-12,-0.011279777316222095
2005-01-13,0.0028318948665368993
2005-01-14,-0.000487685939926763
2005-01-18,-0.0013667872868747821
2005-01-19,0.0015618902042824345
2005-01-20,0.0076762753654833205
2005-01-21,-0.004462560762387824
2005-01-24,-0.0017516547880926936
2005-01-25,0.014408217149386005
2005-01-26,-0.01217053562025594
2005-01-27,0.002426596677257642
2005-01-28,0.00290416467429111
2005-01-31,0.0009661836500409748
2005-02-01,0.00366300775873718
2005-02-02,0.0011539572393131081
2005-02-03,0.00479387303499923
2005-02-04,-0.008163310639161203
2005-02-07,0.009405962426463965
2005-02-08,0.0092236664001204
2005-02-09,0.001796775744634438
2005-02-10,-0.001418238785444892
2005-02-11,0.0005675369051321155
2005-02-14,-0.0076890596678218515
2005-02-15,-0.004488809409148864
2005-02-16,0.010947798429370437
2005-02-17,-0.0020851111715254333
2005-02-18,0.0027476449139935966
2005-02-22,-0.014678113314274377
2005-02-23,0.007747157488797285
2005-02-24,0.004278183071319219
2005-02-25,-0.001899155446901446
2005-02-28,-0.00916649214128551
2005-03-01,0.0011504171530498652
2005-03-02,0.0032523464674101277
2005-03-03,0.002956183910342247
2005-03-04,-0.005346585201560394
2005-03-07,0.00724917329450836
2005-03-08,-0.006770635696248917
2005-03-09,-0.006142643366692013
2005-03-10,0.0026920504672611756
2005-03-11,-0.0021145721066506695
2005-03-14,0.010337988117571584
2005-03-15,-0.004485810433125792
2005-03-16,-0.004217797663852885
2005-03-17,0.004504727989574242
2005-03-18,0.0012424142659934745
2005-03-21,0.0038131600064144067
2005-03-22,-0.0010471703560552825
2005-03-23,0.007307268576526305
2005-03-24,0.004716544919420862
2005-03-25,0.0005644933821926656
2005-03-28,0.008429383994401185
2005-03-29,0.0025150215855811453
2005-03-30,-0.0014896194915392513
2005-03-31,-0.001025402094041894
2005-04-01,0.0032590000445225087
2005-04-04,0.006578666302186953
2005-04-05,0.0013843387379894878
2005-04-06,0.0022109635906701897
2005-04-07,-0.0021187424442956626
2005-04-08,-0.001661283261633173
2005-04-11,-0.004350851575294357
2005-04-12,0.004350851575294357
2005-04-13,-0.008720715811408652
2005-04-14,0.007981480885858261
2005-04-15,-0.004911282632908964
2005-04-18,-0.0024181559402469688
2005-04-19,-0.003451334986966259
2005-04-20,-0.001870557971535014
2005-04-21,0.00028080685353248924
2005-04-22,-0.009402984184282204
2005-04-25,-0.0017019671279348003
2005-04-26,0.003401042484767025
2005-04-27,-0.00047167587309004944
2005-04-28,-9.436187787148498e-05
2005-04-29,-0.01263014747785629
2005-05-02,0.004100906991794773
2005-05-03,0.0008562051609972698
2005-05-04,-0.003715528496806897
2005-05-05,-0.0034420150628546864
2005-05-06,0.004968004867800246
2005-05-09,0.005796566807702241
2005-05-10,-9.475529452274145e-05
2005-05-11,0.0019879781243048456
2005-05-12,0.008850448506509956
2005-05-13,0.004302691139000281
2005-05-16,-0.0011206575696549592
2005-05-17,0.001213989036426888
2005-05-18,-0.0009337068838943807
2005-05-19,0.003543457642759762
2005-05-20,0.006864590963746586
2005-05-23,-0.004168795698799244
2005-05-24,-0.002416582642723597
2005-05-25,0.0025094116054260596
2005-05-26,0.0020400600547150205
2005-05-27,-0.000648658689287096
2005-05-31,0.0008339124875202941
2005-06-01,0.004159163073143013
2005-06-02,-0.0010150879845465255
2005-06-03,-0.004348838683648992
2005-06-06,-0.009129080634371789
2005-06-07,-0.002060890659171477
2005-06-08,0.0023415924154006618
2005-06-09,0.005876608488985191
2005-06-10,0.008612360498044147
2005-06-13,0.010365638837385838
2005-06-14,-0.001826818191642765
2005-06-15,-0.0003657644517733871
2005-06-16,-0.00238073548946538
2005-06-17,-0.0022945262694173962
2005-06-20,0.0054066569277093635
2005-06-21,-0.008259200844948467
2005-06-22,0.003403710567238427
2005-06-23,-0.0009187799249783524
2005-06-24,0.003944778291016249
2005-06-27,0.0015552814076915666
2005-06-28,0.004560387327133597
2005-06-29,0.003452038311754002
2005-06-30,0.005787157846063096
2005-07-01,0.006918577397412307
2005-07-05,-0.0006269873464388453
2005-07-06,0.004113024396312781
2005-07-07,8.92259648157534e-05
2005-07-08,0.0008026756283801006
2005-07-11,-0.0036618627084257227
2005-07-12,-0.007364200321617886
2005-07-13,0.010223387401663508
2005-07-14,0.0005351886667748218
2005-07-15,0.001603849581973904
2005-07-18,-0.006251694917213335
2005-07-19,0.011844997553724923
2005-07-20,0.004152499671869592
2005-07-21,-0.026353751701697625
2005-07-22,0.004606014013570636
2005-07-25,0.005481435299855342
2005-07-26,0.006342421546787769
2005-07-27,0.0
2005-07-28,0.00035612535988871485
2005-07-29,-0.0008014604819228666
2005-08-01,-0.0011588003257765322
2005-08-02,-0.0075201786813998694
2005-08-03,-0.002068997274751183
2005-08-04,0.0010800109050874696
2005-08-05,0.00824155878748023
2005-08-08,-0.0019646371741650626
2005-08-09,0.0017861932050973195
2005-08-10,-0.01257087578724203
2005-08-11,-0.006799971802655236
2005-08-12,-0.003371762432563763
2005-08-15,-0.001370176053594463
2005-08-16,-0.00027426064074642653
2005-08-17,0.0023744303393140598
2005-08-18,0.008266386718668528
2005-08-19,0.0012657085136087431
2005-08-22,-0.008438102963444827
2005-08-23,0.0007286638449741645
2005-08-24,0.0047234169024905626
2005-08-25,-0.004086271293169297
2005-08-26,-0.0004550625789567775
2005-08-29,0.006171178492244245
2005-08-30,0.008647923456616802
2005-08-31,-0.005847180784702921
2005-09-01,-0.006153865574377804
2005-09-02,-0.004549184444496923
2005-09-06,9.118679621433756e-05
2005-09-07,0.0035498148594959034
2005-09-08,0.0038993474934709837
2005-09-09,-0.007266813701841457
2005-09-12,0.002003643657566556
2005-09-13,0.008516086981511073
2005-09-14,-0.005246032291733371
2005-09-15,0.0019026053304500579
2005-09-16,0.008113269060485706
2005-09-19,-0.0007185198800234716
2005-09-20,0.002154012679908668
2005-09-21,-0.001884507220792031
2005-09-22,0.002691067286025195
2005-09-23,0.004825746630491068
2005-09-26,0.002137323816573833
2005-09-27,0.008062773488609842
2005-09-28,-0.00044132574969335536
2005-09-29,-0.0011483592976127
2005-09-30,0.001324912970387615
2005-10-03,0.0077376628028389405
2005-10-04,0.0014004378656427008
2005-10-05,-0.005349716771079649
2005-10-06,-0.0015840890402190055
2005-10-07,0.002463055432397887
2005-10-11,0.0034206058875376755
2005-10-12,0.0013125083915950242
2005-10-13,0.0053198573115382786
2005-10-14,-0.008209653096382219
2005-10-17,0.007252423766883176
2005-10-18,0.007373065452096483
2005-10-19,-0.0020763049244818532
2005-10-20,8.659883096928667e-05
2005-10-21,0.0038892058875763524
2005-10-24,-0.0064904386037838435
2005-10-25,-0.0034788693983101027
2005-10-26,0.008933664516069584
2005-10-27,-0.005802137948622388
2005-10-28,0.003294895896852168
2005-10-31,0.007245158482485081
2005-11-01,0.0023176970759575255
2005-11-02,0.0011140152829556271
2005-11-03,0.0038466517491748675
2005-11-04,0.008410907236909182
2005-11-07,-0.00534420409234837
2005-11-08,-0.0040056302759783335
2005-11-09,0.00349516574217823
2005-11-10,0.004584827185672324
2005-11-14,0.007006317437927123
2005-11-15,0.00042050376970514947
2005-11-16,0.002015960363560332
2005-11-17,-0.0030254666325184587
2005-11-18,0.0033610652597140245
2005-11-21,-0.0015110815501220287
2005-11-22,0.001594963611992739
2005-11-23,-0.00386587589622156
2005-11-25,0.007466164458823421
2005-11-28,-0.0033486845859318493
2005-11-29,0.0019268635794587041
2005-11-30,0.00150539461397603
2005-12-01,0.007990720060955248
2005-12-02,0.0012428022644428438
2005-12-05,0.0004966887519328722
2005-12-06,-8.276432862164285e-05
2005-12-07,0.0009100310865894912
2005-12-08,-0.005472650474659169
2005-12-09,0.002242432732373345
2005-12-12,-0.005323586021430238
2005-12-13,0.001749927532930684
2005-12-14,-0.02785930639879375
2005-12-15,-0.0022283176858390874
2005-12-16,-0.006628526830907866
2005-12-19,0.0019845556364570527
2005-12-20,0.008583006943551297
2005-12-21,0.003327506163129712
2005-12-22,-0.0072665419122301955
2005-12-23,-0.0014596662532424531
2005-12-27,0.0059113472630576425
2005-12-28,0.004687042540228781
2005-12-29,0.0020383903779572776
2005-12-30,0.0001696784597262635
2006-01-03,-0.013150219386877993
2006-01-04,-0.0002578981316680995
2006-01-05,-0.003013736297492464
2006-01-06,-0.013107257654879412
2006-01-09,0.0018331810816611949
2006-01-10,-0.00017444396032040288
2006-01-11,-0.005949273890208495
2006-01-12,0.0030665464079788762
2006-01-13,0.0010492262919363782
2006-01-17,0.012160316614631128
2006-01-18,-0.004152614324492099
2006-01-19,-0.0024303457843952714
2006-01-20,0.0030370104474535253
2006-01-23,-0.006519211232607347
2006-01-24,-0.0011343310845015608
2006-01-25,0.010335784894274447
2006-01-26,0.004655180820530624
2006-01-27,0.007625449279015761
2006-01-30,0.0033232530265463467
2006-01-31,-0.00571600754363466
2006-02-01,0.008264861939696111
2006-02-02,0.003472961010543507
2006-02-03,0.00581764635628268
2006-02-06,-8.407247051867017e-05
2006-02-07,-0.00784979764079008
2006-02-08,0.00574568543075582
2006-02-09,-0.0002527912379166608
2006-02-10,-0.008633147144702313
2006-02-13,-8.500871344452321e-05
2006-02-14,-0.0017016935953604317
2006-02-15,0.004248816724889082
2006-02-16,-0.00016960651329700482
2006-02-17,0.004400447144822017
2006-02-21,0.003540125072799327
2006-02-22,-0.0028648486058457934
2006-02-23,-0.012823410402600821
2006-02-24,-0.001111728852690952
2006-02-27,-0.007730668976453359
2006-02-28,-0.001294275170968362
2006-03-01,0.003103450766742455
2006-03-02,-0.0009472551838545229
2006-03-03,0.0033544090284420847
2006-03-06,0.008549983685400164
2006-03-07,0.002550804886192637
2006-03-08,0.0011881525627588374
2006-03-09,0.000508776403750133
2006-03-10,0.009365971516007932
2006-03-13,-0.0005040322687346332
2006-03-14,-0.013961389359622878
2006-03-15,-0.0005113781752958957
2006-03-16,-0.0014503265776468766
2006-03-17,-0.010642963735483235
2006-03-20,0.0031015791211661536
2006-03-21,0.00839477261627053
2006-03-22,-0.004359912869206006
2006-03-23,0.007511131249995806
2006-03-24,-0.0008507018803127764
2006-03-27,-0.007517547790203416
2006-03-28,0.005217031289726393
2006-03-29,0.0048504541337495155
2006-03-30,-0.0033161885753658638
2006-03-31,0.000596023688299141
2006-04-03,0.00288992976312219
2006-04-04,-0.003230471227335663
2006-04-05,0.0012764329691181686
2006-04-06,0.0011049255299484528
2006-04-07,0.004999374900299003
2006-04-10,0.0029539625649253054
2006-04-11,-0.0004214607893127109
2006-04-12,-0.0011810360745165838
2006-04-13,-0.00042213686303771425
2006-04-14,0.0019403557781432212
2006-04-17,-0.008208906588590636
2006-04-18,0.0005946566033445677
2006-04-19,-0.0014447799224184266
2006-04-20,-0.0007657293946277122
2006-04-21,-0.004948815560752884
2006-04-24,-0.01708116063806031
2006-04-25,-0.0008704735925695317
2006-04-26,-0.0009583969367881195
2006-04-27,-0.006120505247873886
2006-04-28,-0.002019227234518972
2006-05-01,-0.006435993121772121
2006-05-02,0.001767409438514278
2006-05-03,0.0015880020981580145
2006-05-04,0.0001762891146039891
2006-05-05,-0.008941673493096935
2006-05-08,-0.008035757526783094
2006-05-09,-0.002153819373406307
2006-05-10,-0.006851194201679789
2006-05-11,-0.0026266941419175183
2006-05-12,0.0020838059635464035
2006-05-15,-0.0025373824216332608
2006-05-16,-0.0012711096681501388
2006-05-17,0.004803562052933863
2006-05-18,0.0026186298768902105
2006-05-19,0.007814995983581596
2006-05-22,-0.0012534695884189873
2006-05-23,-0.0024218516569103343
2006-05-24,0.012937945360581793
2006-05-25,-0.00783200870673273
2006-05-26,0.005879749678654456
2006-05-30,-0.0035593559556899024
2006-05-31,0.000712885433863164
2006-06-01,0.001513196247614701
2006-06-02,-0.006872265879453998
2006-06-05,0.00035816619294060104
2006-06-06,0.013869354610504203
2006-06-07,0.0007943162678785143
2006-06-08,0.0076460362831793915
2006-06-09,-0.0028933429504576225
2006-06-12,0.0024554954019766484
2006-06-13,0.007765165746911329
2006-06-14,-0.0018268023000400646
2006-06-15,0.0018268023000400646
2006-06-16,0.0005213311439646873
2006-06-19,0.001215383429408412
2006-06-20,-0.0020844197229124006
2006-06-21,-0.0022630351724437503
2006-06-22,0.010229824798422271
2006-06-23,0.0027562463616179755
2006-06-26,0.0010316369553189375
2006-06-27,-0.0010316369553189375
2006-06-28,0.0013752795703849685
2006-06-29,-0.0021497063182058795
2006-06-30,-0.014392480100135607
2006-07-03,0.003574078685840476
2006-07-05,0.0063321545663592715
2006-07-06,-0.004072266598921459
2006-07-07,-0.010473127671672522
2006-07-10,-8.773853920995833e-05
2006-07-11,0.0015781171081608036
2006-07-12,0.010977632456508957
2006-07-13,0.0003465303681906562
2006-07-14,0.007593444028170637
2006-07-17,0.006426481995010391
2006-07-18,0.0030701030425204223
2006-07-19,-0.0030701030425204223
2006-07-20,-0.002137575094628197
2006-07-21,-0.004202948246441629
2006-07-24,0.002661059984823133
2006-07-25,0.005556757191991224
2006-07-26,-0.003843694674563025
2006-07-27,-0.011187724264477339
2006-07-28,-0.007034637546664335
2006-07-31,-0.0026180309918153455
2006-08-01,0.004533573588859419
2006-08-02,-0.0036601348050577798
2006-08-03,0.006353095647209983
2006-08-04,-0.009238343550405759
2006-08-07,0.0055880700725916554
2006-08-08,0.0013921519693829154
2006-08-09,0.0011296981431732078
2006-08-10,0.003900668058512302
2006-08-11,0.0050912652582102425
2006-08-14,0.0030080380207859747
2006-08-15,-0.004903446531717037
2006-08-16,-0.0021582431652085177
2006-08-17,-0.0023361464226310247
2006-08-18,0.0030272911585660367
2006-08-21,0.0006043600442966479
2006-08-22,0.006452467863763189
2006-08-23,-0.0015447994833168721
2006-08-24,-0.00042953482040086755
2006-08-25,0.007959304289105518
2006-08-28,-0.0013648385638243
2006-08-29,-0.00196522471075955
2006-08-30,0.0012821062485359747
2006-08-31,0.0023888758054511072
2006-09-01,-0.0011937245619435544
2006-09-05,-0.010032238481885614
2006-09-06,0.005928616411368992
2006-09-07,-0.003690516139953637
2006-09-08,0.005060262095060608
2006-09-11,0.005800579259970462
2006-09-12,0.0021241352138918757
2006-09-13,-0.002975054257746912
2006-09-14,0.0
2006-09-15,0.0021259415294778705
2006-09-18,0.002545178263750003
2006-09-19,-0.0035650661644961446
2006-09-20,-0.0026395349311121308
2006-09-21,-0.004528954547500241
2006-09-22,-0.002658549655564002
2006-09-25,-0.00017176228142545824
2006-09-26,0.006250287910607888
2006-09-27,0.003153098185230796
2006-09-28,0.00263415200961159
2006-09-29,0.0012721029574533915
2006-10-02,-0.0028007656755182353
2006-10-03,0.0015286627180648438
2006-10-04,0.001526329474647703
2006-10-05,-0.0028000527394516084
2006-10-06,0.010144646980882577
2006-10-10,0.006622818355713989
2006-10-11,-0.0015888283645049128
2006-10-12,0.0003347000282269974
2006-10-13,0.002339768761918215
2006-10-16,-0.004685024883356981
2006-10-17,-0.0052127240954389364
2006-10-18,0.0038701041068929243
2006-10-19,-0.0062331738199121745
2006-10-20,0.0032056717177084693
2006-10-23,0.004956951968846823
2006-10-24,-0.000586829878097106
2006-10-25,-0.001006795957181339
2006-10-26,-0.004290227400688629
2006-10-27,-0.008551040547635225
2006-10-30,-0.0019575307327572844
2006-10-31,-0.004782246518025168
2006-11-01,0.0016251126187034615
2006-11-02,0.0009396489821345
2006-11-03,0.00799391959954221
2006-11-06,0.002875752637361728
2006-11-07,-0.008141157583699155
2006-11-08,0.0025512387339095
2006-11-09,0.0015276248409108462
2006-11-10,-0.003823446605231595
2006-11-13,0.00568738004329461
2006-11-14,-0.0035614385138167393
2006-11-15,0.002884046447270805
2006-11-16,0.0005080870631788414
2006-11-17,-0.0033071897856169485
2006-11-20,0.0036457711330193376
2006-11-21,-0.001355013757459389
2006-11-22,-0.011849590933423748
2006-11-24,-0.005848472849931063
2006-11-27,0.0016375784741189392
2006-11-28,0.00017222078747458625
2006-11-29,0.0012907113610483023
2006-11-30,-0.006383734584562539
2006-12-01,-0.0019057524825418781
2006-12-04,0.0003467707013502519
2006-12-05,-0.003386154744053016
2006-12-06,0.000782438640221983
2006-12-07,0.0005212858502057216
2006-12-08,0.009509061970043753
2006-12-11,0.0067738737044740205
2006-12-12,0.0011103045937144174
2006-12-13,0.0023872464231846635
2006-12-14,0.0015316544859560466
2006-12-15,0.0019537062914292136
2006-12-18,0.002542589724714439
2006-12-19,-0.0017791337772106175
2006-12-20,0.003893031321665852
2006-12-21,-0.001098669030860755
2006-12-22,0.005397213304052961
2006-12-26,0.0002522810424174793
2006-12-27,-0.001430434843594952
2006-12-28,0.0015985868534071912
2006-12-29,0.0005883094677399114
2007-01-02,-0.0015976459147717392
2007-01-03,0.006291703150823835
2007-01-04,-0.002511932996275057
2007-01-05,-0.004284820670334533
2007-01-08,-0.0023602809575002937
2007-01-09,0.008069304943170152
2007-01-10,0.0005858476126885392
2007-01-11,0.008083040550677545
2007-01-12,-0.0010795101733398482
2007-01-16,0.0023236524978011985
2007-01-17,-0.0008292562047476082
2007-01-18,0.0064500347654821155
2007-01-19,-0.0008246062972414592
2007-01-22,0.002800891525453153
2007-01-23,-0.0001645413413831065
2007-01-24,-0.0063555164199256
2007-01-25,0.0016546706844735581
2007-01-26,0.004618564910951584
2007-01-29,0.0023013078291587163
2007-01-30,-0.0009034537183856273
2007-01-31,-0.005603178799306718
2007-02-01,-0.002896274108665331
2007-02-02,0.002896274108665331
2007-02-05,-0.005634751401969673
2007-02-06,8.309443687526397e-05
2007-02-07,0.0024896278419603846
2007-02-08,0.0044657699093546555
2007-02-09,0.0032951673279315585
2007-02-12,0.0014792902105886796
2007-02-13,-0.004361967329313821
2007-02-14,-0.003635766688887543
2007-02-15,-0.010903599639052075
2007-02-16,-0.0021782850436222745
2007-02-20,0.007270328267897419
2007-02-21,0.007383168467448797
2007-02-22,0.0025589183966179263
2007-02-23,-0.0016501653909575253
2007-02-26,-0.002811545720408759
2007-02-27,-0.017458573161590607
2007-02-28,-0.002869200280580131
2007-03-01,-0.006783711251704183
2007-03-02,-0.006059331532600076
2007-03-05,-0.006957894324847835
2007-03-06,0.004214878718440396
2007-03-07,-0.000772830745606079
2007-03-08,0.008042480036882793
2007-03-09,0.006794081335884883
2007-03-12,-0.005431567287067729
2007-03-13,-0.0046914403443816255
2007-03-14,-0.005401016172792872
2007-03-15,0.007962711707394377
2007-03-16,-0.00418750344844554
2007-03-19,0.006912764886484624
2007-03-20,-0.00221370886485861
2007-03-21,0.004337663615999077
2007-03-22,-0.00033952975455608936
2007-03-23,0.00025465812284863887
2007-03-26,0.00016973606083325876
2007-03-27,-0.00033950093688872585
2007-03-28,-0.008268384488428815
2007-03-29,0.007843846167469692
2007-03-30,-0.0016148913458104985
2007-04-02,0.0011052073388544414
2007-04-03,0.009639851412363676
2007-04-04,-0.0009261208828643674
2007-04-05,-0.0005055185885733948
2007-04-06,0.005630503551067534
2007-04-09,-0.0004190939250809933
2007-04-10,-0.0017621149933999547
2007-04-11,0.002432580992367761
2007-04-12,-0.0031046804883887447
2007-04-13,0.0023503746235151723
2007-04-16,0.00476768917833148
2007-04-17,-0.007370217617009622
2007-04-18,-0.005817155888873771
2007-04-19,0.0007606812689830988
2007-04-20,0.0037947509381872635
2007-04-23,-0.0028658145035285187
2007-04-24,0.00042195873869665945
2007-04-25,0.0008433837052166382
2007-04-26,0.007391264960984856
2007-04-27,0.0007528546091508659
2007-04-30,-0.0012550727497817604
2007-05-01,0.002759083728480327
2007-05-02,0.002335085707847462
2007-05-03,0.002329645782809031
2007-05-04,-0.001413780434247336
2007-05-07,-0.0016658341350161976
2007-05-08,-0.0005836981612459269
2007-05-09,-0.0007509700382133389
2007-05-10,0.0047466467102950105
2007-05-11,-0.0014965084269462636
2007-05-14,0.0014965084269462636
2007-05-15,-0.001246934780628095
2007-05-16,0.00431607575726467
2007-05-17,0.0046273425817240366
2007-05-18,-0.001732745183729456
2007-05-21,0.003956157801427551
2007-05-22,-0.000822909855522802
2007-05-23,0.00041153957533790475
2007-05-24,-0.000493867818088134
2007-05-25,0.002138334559340649
2007-05-29,0.0005749250702491437
2007-05-30,-0.002548609921471545
2007-05-31,0.002302253935828169
2007-06-01,0.0027884870032828246
2007-06-04,-0.0031170560878885922
2007-06-05,-0.0018913701621192658
2007-06-06,-0.003380470713133299
2007-06-07,0.002145038360634288
2007-06-08,0.0023049071778116215
2007-06-11,0.0013147084884641558
2007-06-12,-0.0001642440670517331
2007-06-13,0.00499734788420092
2007-06-14,0.004891181186779114
2007-06-15,0.004705509250262807
2007-06-18,0.0009707953193469621
2007-06-19,-0.0022666568435232293
2007-06-20,0.0017004741131483314
2007-06-21,0.0006470398155213886
2007-06-22,0.0033095239474159044
2007-06-25,-0.0020166989451109174
2007-06-26,-0.0028302287116863667
2007-06-27,-0.007885899165156474
2007-06-28,0.00399137091611923
2007-06-29,0.0030844180297489032
2007-07-02,-0.008709509289635875
2007-07-03,0.000653808457419025
2007-07-05,0.0034254988230273398
2007-07-06,0.003657202662175507
2007-07-09,0.000567697999918515
2007-07-10,-0.009367559234916278
2007-07-11,-0.0004911591454339614
2007-07-12,0.0030249788017853163
2007-07-13,-0.004171955824135765
2007-07-16,-0.0007380376734200667
2007-07-17,0.0037664827954762004
2007-07-18,-0.004340888916385843
2007-07-19,0.0018860967500327064
2007-07-20,-0.007483279853814473
2007-07-23,0.0013198055202936487
2007-07-24,-0.006118755653608865
2007-07-25,-0.001992528679148009
2007-07-26,-0.009938696249530032
2007-07-27,-0.004880110652765168
2007-07-30,-0.0012659832049113362
2007-07-31,0.006062155468404384
2007-08-01,-0.0035317897458266856
2007-08-02,0.0053768087193963865
2007-08-03,-0.007738284051435507
2007-08-06,-0.0032985186586644843
2007-08-07,0.0037206198848043215
2007-08-08,0.010745570151829753
2007-08-09,-0.008974688042959755
2007-08-10,-0.005830427602748323
2007-08-13,0.003975139501002367
2007-08-14,-0.0021970602043817067
2007-08-15,-0.008666154491774769
2007-08-16,-0.027334977601244148
2007-08-17,-0.0019311803754682444
2007-08-20,0.005957091641922041
2007-08-21,-0.0006115940953375087
2007-08-22,0.004621362368807169
2007-08-23,0.007453665987095626
2007-08-24,0.0026732219601433016
2007-08-27,-0.000603006435983211
2007-08-28,-0.011701108585120856
2007-08-29,0.007123651009190546
2007-08-30,0.00250724205177022
2007-08-31,0.00017268174796836178
2007-09-03,0.0
2007-09-04,0.003275300290527916
2007-09-05,-0.009163272968088165
2007-09-06,0.0015619579711536602
2007-09-07,-0.01537819733429302
2007-09-10,-0.0012334803326030652
2007-09-11,0.004749349296692351
2007-09-12,0.002366242723629952
2007-09-13,0.009842856347924034
2007-09-14,-0.0005202011561733499
2007-09-17,-0.003300906402357029
2007-09-18,0.007109445585675722
2007-09-19,0.00396620626843891
2007-09-20,-0.017622748698668644
2007-09-21,0.012359805702163662
2007-09-24,-0.005899722127188589
2007-09-25,-0.0038360988628927117
2007-09-26,0.010254717481876341
2007-09-27,0.0008642295931560184
2007-09-28,-0.006847857557579218
2007-10-01,0.00814280313500415
2007-10-02,-0.0006904289563989252
2007-10-03,0.007825640831391034
2007-10-04,-0.0012857328304454185
2007-10-05,0.0020563797838573095
2007-10-08,0.0
2007-10-09,0.0012830932858225452
2007-10-10,0.0016228916651845893
2007-10-11,0.00459810074432454
2007-10-12,-0.001785638840175352
2007-10-15,-0.0011069954721811825
2007-10-16,-0.006496304579791001
2007-10-17,8.575226176876782e-05
2007-10-18,-0.008438868645864517
2007-10-19,-0.004246290881451564
2007-10-22,-0.009423331226887655
2007-10-23,0.005071714264107463
2007-10-24,-0.006212015251664482
2007-10-25,0.0013156165560284094
2007-10-26,-0.0007014467626493825
2007-10-29,0.005946672530802388
2007-10-30,0.00026154047487914056
2007-10-31,0.004782825761611598
2007-11-01,-0.0034761484556087296
2007-11-02,-0.0011323549835875468
2007-11-05,-0.0017445922080137066
2007-11-06,-0.00026195154046337876
2007-11-07,-0.010711252539850946
2007-11-08,-0.0055764694188296104
2007-11-09,-0.01574553911024612
2007-11-13,-0.0053343103750309595
2007-11-14,0.009653194180232028
2007-11-15,-0.005401525556564479
2007-11-16,0.002434297735478097
2007-11-19,-0.009045742367965737
2007-11-20,0.0
2007-11-21,-0.013816039337211983
2007-11-22,0.0
2007-11-23,-0.0034147049930606244
2007-11-26,0.0
2007-11-27,0.004335600168188236
2007-11-28,0.015889294200968962
2007-11-29,-0.003994195578840731
2007-11-30,0.009775602829501295
2007-12-03,-0.005237978200061555
2007-12-04,-0.006905351807895421
2007-12-05,0.010610900808261547
2007-12-06,0.0018026142781160104
2007-12-07,0.006015190736539999
2007-12-10,-0.0010746911297658812
2007-12-11,0.0015221384503094626
2007-12-12,0.005264813838523175
2007-12-13,-0.0008903927219892083
2007-12-14,0.009662767439484021
2007-12-17,-0.0013242111844551374
2007-12-18,-0.0002650527912324563
2007-12-19,0.002382949805967094
2007-12-20,-0.004151766044979688
2007-12-21,0.008637458952855503
2007-12-24,0.004378290706882559
2007-12-26,-0.003238089732589877
2007-12-27,-0.00070150827149007
2007-12-28,-0.00943029065891654
2007-12-31,-0.010861930152822552
2008-01-02,-0.018156860301571598
2008-01-03,-0.0010944911709156457
2008-01-04,-0.0110113059723016
2008-01-07,0.006621322701056975
2008-01-08,0.0017400068495572185
2008-01-09,0.001005990299298709
2008-01-10,-0.00018283206925406859
2008-01-11,-0.002471510251619513
2008-01-14,-0.00856004122372589
2008-01-15,-0.010313680273102754
2008-01-16,0.0018661944391595853
2008-01-17,-0.002426732570428136
2008-01-18,-0.0017771131272859009
2008-01-22,-0.0005618503753002102
2008-01-23,-0.01263095310926321
2008-01-24,0.011881327886753112
2008-01-25,0.0058881426252224145
2008-01-28,-0.006169397021676737
2008-01-29,0.0040237737347927904
2008-01-30,0.0015863391559740592
2008-01-31,-0.004766586902327674
2008-02-01,-0.004130685557896641
2008-02-04,0.004036995577971325
2008-02-05,0.001965648594712377
2008-02-06,-0.0017782774118515476
2008-02-07,0.0006555228028899407
2008-02-08,0.004856191837058432
2008-02-11,-0.006542690878228896
2008-02-12,0.0072877086068601216
2008-02-13,0.006772767921754408
2008-02-14,-0.0016657416400187586
2008-02-15,-0.002782416931423448
2008-02-19,-0.0015801462599087657
2008-02-20,0.004362563191332214
2008-02-21,-0.0034327630313653046
2008-02-22,-0.005778746624580222
2008-02-25,0.008377597168425233
2008-02-26,-0.0013914013654279245
2008-02-27,-0.012610507591929832
2008-02-28,-0.006980501885239576
2008-02-29,-0.01382093200483947
2008-03-03,-0.005968442823304443
2008-03-04,-0.00872775128991421
2008-03-05,0.012774779361268251
2008-03-06,-0.00859534964922748
2008-03-07,-0.003984649812710295
2008-03-10,-0.008704637093781997
2008-03-11,0.01045595102651653
2008-03-12,-0.004774674113501298
2008-03-13,-0.01773795028561853
2008-03-14,-0.0037852420930546415
2008-03-17,-0.033695089405926915
2008-03-18,0.013838568441941312
2008-03-19,0.011236641992425689
2008-03-20,-0.0055519246228215025
2008-03-21,0.006155728606145772
2008-03-24,0.013688578629782455
2008-03-25,-0.006970751189946611
2008-03-26,-0.009538703781477587
2008-03-27,0.007538102934156576
2008-03-28,-0.0016033674143418608
2008-03-31,0.0014030870211225732
2008-04-01,0.019046305342016012
2008-04-02,0.009778116433142081
2008-04-03,-0.005463961295997244
2008-04-04,-0.004510696018280136
2008-04-07,0.008514021191114551
2008-04-08,-0.0006823609954293985
2008-04-09,-0.007045728334816204
2008-04-10,-0.0011791295460685802
2008-04-11,-0.0061144174715384025
2008-04-14,-0.0021786500992222457
2008-04-15,0.004549958393481823
2008-04-16,0.0006905736968567666
2008-04-17,0.008054262183050831
2008-04-18,0.022633715975832303
2008-04-21,-0.01134954954807288
2008-04-22,-0.006599402833380452
2008-04-23,0.008242470907080524
2008-04-24,0.006257541477673101
2008-04-25,-0.00028794932290931996
2008-04-28,0.001247182010369663
2008-04-29,-0.00866639993239815
2008-04-30,0.010869149470287276
2008-05-01,-0.00469867096416543
2008-05-02,0.01232283826800007
2008-05-05,-0.001995724112149766
2008-05-06,-0.005532781451524471
2008-05-07,0.007053694292230794
2008-05-08,-0.013483350337287092
2008-05-09,-0.008314046344118253
2008-05-12,0.007928875419760395
2008-05-13,0.00557050998665698
2008-05-14,0.007537844001590521
2008-05-15,-0.005624150947940443
2008-05-16,-0.0071953109394966575
2008-05-19,0.006621587458470302
2008-05-20,-0.00854911311308193
2008-05-21,-0.003091789902522457
2008-05-22,0.0066547962237653024
2008-05-23,-0.007816686362222214
2008-05-27,0.007335940234987959
2008-05-28,0.006805029375693827
2008-05-29,0.007896906077795585
2008-05-30,-0.00056877430673552
2008-06-02,-0.010006277800304275
2008-06-03,0.008392991566648966
2008-06-04,-0.002853340341817834
2008-06-05,0.009573986585216687
2008-06-06,-0.006340815263616406
2008-06-09,0.006906692860533248
2008-06-10,0.010597988994444307
2008-06-11,-0.003925972513217246
2008-06-12,0.010898529000286317
2008-06-13,-0.00018530529099702875
2008-06-16,0.0024987287999822527
2008-06-17,-0.0014799743705884438
2008-06-18,0.00018511662400122475
2008-06-19,-0.0009259259920790797
2008-06-20,-0.004921772483502451
2008-06-23,0.00436580508593476
2008-06-24,-0.001205657461139431
2008-06-25,0.004906281538179513
2008-06-26,-0.009277364991633341
2008-06-27,-0.009458327757042362
2008-06-30,-0.0010355378661310866
2008-07-01,-0.004152908281046308
2008-07-02,0.0013232516108532266
2008-07-03,0.008652362828165394
2008-07-07,0.007091566530284865
2008-07-08,-0.0018613313889490612
2008-07-09,-0.0021448229418723486
2008-07-10,-0.000840532386633619
2008-07-11,-0.008350191596535161
2008-07-14,0.00037678975577648544
2008-07-15,-0.013272853175451793
2008-07-16,-0.0013370262711847047
2008-07-17,0.011213649767096712
2008-07-18,0.008750114632748662
2008-07-21,-9.368120293551385e-05
2008-07-22,0.0034603728707400805
2008-07-23,0.00530752211987906
2008-07-24,-0.0005573618351437659
2008-07-25,0.0025056855019744972
2008-07-28,-0.003714369578275978
2008-07-29,0.006491120714509968
2008-07-30,-0.00018487705728453818
2008-07-31,-0.000647338997035618
2008-08-01,-0.004729018039344446
2008-08-04,0.00593088570123701
2008-08-05,-0.00027722589467327197
2008-08-06,0.010938111719317689
2008-08-07,0.0004569757425407772
2008-08-08,0.0059217592080722525
2008-08-11,-9.083889727889982e-05
2008-08-12,-0.0027290110632902653
2008-08-13,-0.009794576905834518
2008-08-14,0.009521265739372176
2008-08-15,0.006629457145756135
2008-08-18,-0.0037179820657362583
2008-08-19,-0.0035494917812419757
2008-08-20,0.00273149582560972
2008-08-21,-0.014931803097300467
2008-08-22,0.014022133244704804
2008-08-25,-0.007032313560065617
2008-08-26,0.006577168133247824
2008-08-27,-0.0010020497308520504
2008-08-28,-0.001459321674525782
2008-08-29,-0.007972550819781432
2008-09-02,0.001470994105460477
2008-09-03,-0.006174281237274926
2008-09-04,-0.00388997434117222
2008-09-05,-0.0074515993084212084
2008-09-08,0.008842613581954595
2008-09-09,-0.0075345689219394885
2008-09-10,0.00707111245537817
2008-09-11,-0.011187884736624909
2008-09-12,0.007937661324680434
2008-09-15,-0.017262836044197094
2008-09-16,-0.0053136096176764624
2008-09-17,-0.003812796535892282
2008-09-18,0.0013361330485581746
2008-09-19,0.02197890671877545
2008-09-22,-0.007774122420458163
2008-09-23,-0.0051850222220473086
2008-09-24,0.002171553513507618
2008-09-25,0.0042351011491499335
2008-09-26,-0.003952202377872638
2008-09-29,-0.009092693826078246
2008-09-30,0.007960618233474825
2008-10-01,0.001132075592603421
2008-10-02,-0.007191552569054238
2008-10-03,0.004358956963447014
2008-10-06,-0.04348090956161332
2008-10-07,0.010218206415817832
2008-10-08,-0.02544313854380409
2008-10-09,0.00938130632755474
2008-10-10,-0.012293393538875819
2008-10-14,0.027083645400876044
2008-10-15,-0.006874904312340391
2008-10-16,-0.010003549969092695
2008-10-17,0.009313452835184144
2008-10-20,0.003347448237535744
2008-10-21,-0.012959571989370922
2008-10-22,-0.01808549243934543
2008-10-23,-0.010497981546855328
2008-10-24,-0.05215647959436165
2008-10-27,0.006884708777496584
2008-10-28,0.025403567600140065
2008-10-29,0.018637938554683764
2008-10-30,-0.00010259040788707097
2008-10-31,0.008275909303860018
2008-11-03,0.006794124395596235
2008-11-04,0.015344030671313291
2008-11-05,-0.015344030671313291
2008-11-06,-0.0092391133886629
2008-11-07,0.0011213620625580845
2008-11-10,-0.0019376886385034098
2008-11-12,-0.025014224122150708
2008-11-13,0.004282214491892589
2008-11-14,0.007372443963229003
2008-11-17,0.0038205426202706505
2008-11-18,0.00360064171734642
2008-11-19,-0.006490518844663562
2008-11-20,-0.01846398878891531
2008-11-21,0.004621856966984694
2008-11-24,0.013221784407495996
2008-11-25,-0.01206965021353934
2008-11-26,-0.0007330227041668635
2008-11-28,0.0
2008-12-01,-0.01850240444201834
2008-12-02,-0.0007472645130217614
2008-12-03,-0.004173584098785099
2008-12-04,-0.005052959200327223
2008-12-05,-0.006487912031235332
2008-12-08,0.006380124372817875
2008-12-09,-0.0035635262590005823
2008-12-10,0.005394338250652275
2008-12-11,-0.010600423761851552
2008-12-12,-0.007641124395724397
2008-12-15,-0.00637574985992817
2008-12-16,-0.007749402226301605
2008-12-17,-0.02407044565180616
2008-12-18,0.022179349921637836
2008-12-19,-0.003681191060929123
2008-12-22,0.006572009173722471
2008-12-23,0.005535886591205852
2008-12-24,0.0012137932524707296
2008-12-26,-0.0003308884384676247
2008-12-29,-0.004976510132282286
2008-12-30,0.0018829268452860148
2008-12-31,0.004636793469801503
2009-01-02,0.0036281717552615333
2009-01-05,0.022570402552618773
2009-01-06,0.010672459890771258
2009-01-07,-0.01605170901050812
2009-01-08,-0.016861971447137414
2009-01-09,-0.009922903911681047
2009-01-12,-0.01484650811699506
2009-01-13,0.008176110955146143
2009-01-14,-0.0041357014181411245
2009-01-15,0.003466207976486224
2009-01-16,0.00778300570990087
2009-01-20,-0.0011081561417709551
2009-01-21,-0.026857055536545715
2009-01-22,0.009521722357902718
2009-01-23,0.0009021200431380549
2009-01-26,0.005956077617637057
2009-01-27,-0.0029174167909777893
2009-01-28,-0.0013493761183873687
2009-01-29,0.010076216018213735
2009-01-30,0.000668151472518197
2009-02-02,0.00033390840089797535
2009-02-03,-0.008605808909461388
2009-02-04,0.004926669913512427
2009-02-05,0.016395625943199654
2009-02-06,0.010275560461066036
2009-02-09,-0.005233901382057482
2009-02-10,-0.009005112467412424
2009-02-11,0.00011030831184299927
2009-02-12,-0.0012140611832807124
2009-02-13,0.0141457482418339
2009-02-17,0.0035867654343162414
2009-02-18,0.0176367621322866
2009-02-19,0.0029803108808152956
2009-02-20,-0.0023409246697738695
2009-02-23,0.00806370417124036
2009-02-24,0.020604190698331415
2009-02-25,0.007528525219929527
2009-02-26,0.01245676716032662
2009-02-27,-0.008253141756719984
2009-03-02,-0.005848869990661143
2009-03-03,0.010136778551308012
2009-03-04,0.011949509276548476
2009-03-05,-0.010320844421424447
2009-03-06,-0.004485226683308419
2009-03-09,0.01006361733457073
2009-03-10,-0.004866683031368169
2009-03-11,-0.00662828103566504
2009-03-12,0.0012269940189684192
2009-03-13,0.0018376727989348751
2009-03-16,0.0013251110445180458
2009-03-17,0.006902879912195736
2009-03-18,-0.007820077428724481
2009-03-19,-0.044085709155383235
2009-03-20,0.024523672816998854
2009-03-23,0.011577553342442037
2009-03-24,0.0057388966690181675
2009-03-25,-0.0016363268122399077
2009-03-26,0.007850374210973676
2009-03-27,-0.004886500611983813
2009-03-30,-0.005628628686140225
2009-03-31,0.01739705100421851
2009-04-01,-0.0022213256306740092
2009-04-02,0.005544089600072688
2009-04-03,0.00461338698085445
2009-04-06,0.007079146169742145
2009-04-07,0.00059594757425252
2009-04-08,-0.007575038713643956
2009-04-09,0.004790906458838506
2009-04-10,-0.0012952724373578306
2009-04-13,-0.00179622840431648
2009-04-14,-0.010441861942414477
2009-04-15,0.0029226526221126647
2009-04-16,-0.0008053961977685375
2009-04-17,-0.0008060453836922221
2009-04-20,-0.009316523083272799
2009-04-21,0.0031489690300512407
2009-04-22,-0.004676230946832227
2009-04-23,-0.00265279208728586
2009-04-24,-0.008206857716070992
2009-04-27,-0.005267246879573584
2009-04-28,-0.0008287579465342532
2009-04-29,0.00496227628416257
2009-04-30,0.018291012160523756
2009-05-01,0.004848494346621379
2009-05-04,-0.0012099215027134846
2009-05-05,-0.0036385728439078946
2009-05-06,-0.00162140286838941
2009-05-07,0.0040485885260004295
2009-05-08,0.00010100499983334288
2009-05-11,-0.01588142918085289
2009-05-12,-0.008864209762365682
2009-05-13,-0.008734588130448806
2009-05-14,-0.0013586248627985853
2009-05-15,-0.007663677212289777
2009-05-18,0.012150563228898292
2009-05-19,0.0005204267616809588
2009-05-20,-0.009829630541489998
2009-05-21,-0.0019986331798955703
2009-05-22,-0.005490458307342294
2009-05-26,0.0038042949823493544
2009-05-27,0.002107260288790158
2009-05-28,0.018251536523168355
2009-05-29,-0.01258401505554474
2009-06-01,0.010204170174241689
2009-06-02,-0.008426577820350722
2009-06-03,0.0
2009-06-04,0.006767686823023311
2009-06-05,0.018607578766710375
2009-06-08,0.0038629711553035406
2009-06-09,-0.00978800636616306
2009-06-10,0.0054156367993547505
2009-06-11,-0.0030618517490639263
2009-06-12,0.0034693912350922673
2009-06-15,-0.0014271154307952116
2009-06-16,-0.018220690398671913
2009-06-17,-0.006357167988700674
2009-06-18,0.007395481860408282
2009-06-19,-0.0021817057118820316
2009-06-22,-0.002603490145395959
2009-06-23,-0.006066329658851011
2009-06-24,0.0006292606395366107
2009-06-25,0.008664389503095116
2009-06-26,-0.010658408109959439
2009-06-29,0.0068052401039251365
2009-06-30,0.006033514610336965
2009-07-01,-0.0001037183011867171
2009-07-02,-0.005303948786896662
2009-07-03,0.0005212405643160167
2009-07-06,-0.009950330853167877
2009-07-07,0.0011572248937534724
2009-07-08,-0.02351047067450107
2009-07-09,-0.0011847704547047755
2009-07-10,-0.0049697595805522354
2009-07-13,0.004430763178778996
2009-07-14,0.0031221428171521737
2009-07-15,0.011329749238207398
2009-07-16,-0.00532823084950973
2009-07-17,0.005221943981151611
2009-07-20,0.0046659681683900445
2009-07-21,-0.012348464340406373
2009-07-22,0.004381987453233371
2009-07-23,0.010396868531001857
2009-07-24,0.0011602764869005355
2009-07-27,0.004837531781105575
2009-07-28,-0.007582176172709509
2009-07-29,0.0055869011605338414
2009-07-30,0.0056603924717100185
2009-07-31,-0.011881744324985455
2009-08-03,0.0072719928408639944
2009-08-04,0.0018883765578001643
2009-08-05,-0.004517051642778824
2009-08-06,0.006087979336633076
2009-08-07,0.021635334865079514
2009-08-10,-0.004310351501122689
2009-08-11,-0.013356309747647899
2009-08-12,0.0022904747129794956
2009-08-13,-0.007306159209147012
2009-08-14,-0.008627091907619011
2009-08-17,-0.0032809470083696723
2009-08-18,0.004125898473933631
2009-08-19,-0.009014324786794425
2009-08-20,0.0026597175102605064
2009-08-21,0.0050869121986707455
2009-08-24,-0.0013751522767888602
2009-08-25,-0.002013245713112788
2009-08-26,-0.00031825173981037125
2009-08-27,-0.007241007040298619
2009-08-28,-0.0002137665677226508
2009-08-31,-0.007833918907069304
2009-09-01,0.002904633315369054
2009-09-02,-0.007115165851712568
2009-09-03,0.001189382202167799
2009-09-04,0.0022667180086903826
2009-09-08,-0.005839116936494193
2009-09-09,-0.003911772889915177
2009-09-10,0.00010886723651282182
2009-09-11,-0.017128218474708135
2009-09-14,0.006072334419240377
2009-09-15,0.0011001101219516585
2009-09-16,0.0005496015527182152
2009-09-17,0.0016469946078219166
2009-09-18,0.001753809503576953
2009-09-21,0.006114223655126594
2009-09-22,-0.008636293087836755
2009-09-23,0.004054133641336222
2009-09-24,-0.0031761704593913365
2009-09-25,-0.01469720913636774
2009-09-28,-0.005469679317142706
2009-09-29,0.010245078474881986
2009-09-30,-0.008567507204087832
2009-10-01,0.002678274115199386
2009-10-02,-0.0012266519519696928
2009-10-05,-0.0006697176274430561
2009-10-06,-0.008860036650325753
2009-10-07,-0.00011265701583429433
2009-10-08,-0.00361174207514825
2009-10-09,0.014034924140665872
2009-10-13,0.00022296544128064255
2009-10-14,-0.0030142361644029947
2009-10-15,0.010565632403531033
2009-10-16,0.003754421371217731
2009-10-19,-0.00011022320209530534
2009-10-20,0.0012117875346797646
2009-10-21,0.0023093428638985003
2009-10-22,0.004165302525577452
2009-10-23,0.005019104917299622
2009-10-26,0.0008703220740828854
2009-10-27,0.0008695652721844027
2009-10-28,-0.010594823587437574
2009-10-29,0.0037264400859999824
2009-10-30,-0.010005030959846728
2009-11-02,0.0006627637489922122
2009-11-03,-0.0028751540319333913
2009-11-04,0.0072823890193411955
2009-11-05,-0.005622637600976255
2009-11-06,-0.00654430819929086
2009-11-09,0.0006674825033670118
2009-11-10,-0.0011127184857890882
2009-11-12,0.006436599738539606
2009-11-13,-0.009447138891410134
2009-11-16,-0.0030196298737203975
2009-11-17,0.0014550341142260947
2009-11-18,-0.0005593779862813619
2009-11-19,-0.004598740649100819
2009-11-20,-0.0005622715919857413
2009-11-23,0.0026960249985510387
2009-11-24,-0.006302069023357504
2009-11-25,-0.010554487127809153
2009-11-27,-0.008938863095414362
2009-11-30,-0.008671075775666282
2009-12-01,0.0057890632903179196
2009-12-02,0.005870520456714878
2009-12-03,0.01220570676955024
2009-12-04,0.018757218657536434
2009-12-07,-0.004796172263493048
2009-12-08,-0.011582923989076122
2009-12-09,-0.0065819574886871735
2009-12-10,0.004203835083719909
2009-12-11,0.011610342899314396
2009-12-14,-0.006521273391842719
2009-12-15,0.014113137476464033
2009-12-16,-0.004347105993011802
2009-12-17,0.009228953034567944
2009-12-18,0.0013272869994125358
2009-12-21,0.005291600926481621
2009-12-22,0.007885267009553054
2009-12-23,-0.0016376443421970421
2009-12-24,0.0018557944303214668
2009-12-28,-0.0013096149421683023
2009-12-29,0.004141243930689598
2009-12-30,0.007691928938172055
2009-12-31,0.0045224584455887396
2010-01-04,-0.005710299414584341
2010-01-05,-0.011628669864926167
2010-01-06,0.011412547106358417
2010-01-07,0.008394366984991741
2010-01-08,-0.006558810674121673
2010-01-11,-0.008667443210167214
2010-01-12,-0.010391124397510332
2010-01-13,0.004716731170994137
2010-01-14,-0.0038375136179285008
2010-01-15,-0.002639975133531536
2010-01-19,0.0037379111243698304
2010-01-20,0.0010967318493477762
2010-01-21,-0.010800193144392622
2010-01-22,-0.0019964514173391734
2010-01-25,0.0005549697683919774
2010-01-26,-0.005452030194772917
2010-01-27,-0.002457552622043835
2010-01-28,0.007465631644153703
2010-01-29,0.003324839591753559
2010-02-01,0.0046362816241138916
2010-02-02,-0.004525643796927881
2010-02-03,0.007933925915446949
2010-02-04,-0.022196006101138366
2010-02-05,0.0015698590351203023
2010-02-08,0.0007840063122079854
2010-02-09,0.0014543829827715626
2010-02-10,0.004795637362399852
2010-02-11,-0.0006677796575367267
2010-02-12,0.0020020026706735194
2010-02-16,0.005098093719431596
2010-02-17,0.003641383333969017
2010-02-18,0.0070245047926693616
2010-02-19,0.00556253820174657
2010-02-22,-0.009068622652314673
2010-02-23,-0.011813551687235524
2010-02-24,0.00022209883489399118
2010-02-25,-0.013526560272764776
2010-02-26,-0.00011255557443412556
2010-03-01,0.004940499606774118
2010-03-02,-0.003703084521156086
2010-03-03,-0.00586313552420048
2010-03-04,0.006649785000064412
2010-03-05,0.014497856253697705
2010-03-08,-0.00022145941846662964
2010-03-09,-0.004550759837631979
2010-03-10,0.008088238653684243
2010-03-11,-0.00022072619005797378
2010-03-12,-0.001546448999237171
2010-03-15,-0.00011055220839217839
2010-03-16,-0.00022114108891546636
2010-03-17,-0.00011058888592963001
2010-03-18,0.00044228218323727475
2010-03-19,0.00044208665618405973
2010-03-22,-0.005317982841094526
2010-03-23,0.0024409198849628666
2010-03-24,0.018119421763044485
2010-03-25,0.008668382374947825
2010-03-26,-0.0014035090023201136
2010-03-29,0.0009718698459479924
2010-03-30,0.0025870446680604786
2010-03-31,0.005475347835367295
2010-04-01,0.004593289067161166
2010-04-02,0.007221014705006468
2010-04-05,-0.002436570939034155
2010-04-06,-0.00499761793007103
2010-04-07,-0.002347919968694434
2010-04-08,-0.004605095153024763
2010-04-09,0.0012872775860417462
2010-04-12,-0.0007507105291164606
2010-04-13,-0.004623912749467607
2010-04-14,0.0024759149307778117
2010-04-15,0.0003224939560331208
2010-04-16,-0.010914897359643128
2010-04-19,0.0016285764415968629
2010-04-20,0.0118625353098194
2010-04-21,-0.0004289084346256189
2010-04-22,-0.002469799913180637
2010-04-23,0.012500830561032572
2010-04-26,-0.0012749682985067068
2010-04-27,-0.011225862262525865
2010-04-28,0.011332171729484308
2010-04-29,0.0009562769681608074
2010-04-30,0.0008492569512554837
2010-05-03,0.004658064742506518
2010-05-04,-0.0010567474300531288
2010-05-05,-0.002964847576317986
2010-05-06,-0.022304162860852017
2010-05-07,-0.00598185480487512
2010-05-10,0.01858910114794199
2010-05-11,-0.0060144097097856175
2010-05-12,0.0010766581574070955
2010-05-13,-0.0024780489974389752
2010-05-14,-0.008232282193727514
2010-05-17,0.0015215740355456475
2010-05-18,0.004767072949610984
2010-05-19,-0.014808632985754855
2010-05-20,-0.012029058581831897
2010-05-21,0.0015531398728958479
2010-05-24,0.003099061694494587
2010-05-25,-0.006652646777734361
2010-05-26,0.00432925136402762
2010-05-27,0.004751652677517981
2010-05-28,0.0011018070748836095
2010-06-01,0.003846792675746613
2010-06-02,0.011452380173566645
2010-06-03,0.0013005312334861685
2010-06-04,-0.005430074159105125
2010-06-07,0.0018495354236094386
2010-06-08,-0.007637789448117438
2010-06-09,0.0026252476245733902
2010-06-10,-0.005477064847475788
2010-06-11,0.007441487611682618
2010-06-14,0.0008718396367415338
2010-06-15,-0.006009305163844125
2010-06-16,0.0015330708215097744
2010-06-17,-0.005156064299767671
2010-06-18,-0.00143085160067713
2010-06-21,0.0042864274016301
2010-06-22,-0.006491743104099612
2010-06-23,-0.00853616402160462
2010-06-24,-0.004686985480122807
2010-06-25,-0.0005594405740314556
2010-06-28,-0.0013439356933773183
2010-06-29,-0.009458464839203096
2010-06-30,0.0011307102064019858
2010-07-01,-0.012165461844090508
2010-07-02,0.0030837783560961896
2010-07-06,-0.0015978090594037653
2010-07-07,-0.004464548655441547
2010-07-08,0.01457884591282621
2010-07-09,0.00045218178477934856
2010-07-12,0.0005649398489326884
2010-07-13,-0.0032811026777102015
2010-07-14,0.003958609478694086
2010-07-15,-0.013409291831544934
2010-07-16,-0.011622016782386169
2010-07-19,0.004273263995387744
2010-07-20,0.005172722609222191
2010-07-21,0.0009168004309367817
2010-07-22,-0.0034423441909732233
2010-07-23,0.00355688516813224
2010-07-26,-0.001260672907782201
2010-07-27,0.0077679166014759105
2010-07-28,-0.0029629651306573024
2010-07-29,-0.008596534113923582
2010-07-30,-0.005077910507282013
2010-08-02,-0.00011570726075937898
2010-08-03,-0.006268157493207305
2010-08-04,0.004415018209116717
2010-08-05,-0.004997395489568568
2010-08-06,-0.006780479566502073
2010-08-09,0.007362856846953925
2010-08-10,0.0
2010-08-11,-0.0060733660170821935
2010-08-12,0.005490988736630342
2010-08-13,0.004301581939519572
2010-08-16,-0.010144085121154056
2010-08-17,0.002107235619369874
2010-08-18,-0.002341647247260603
2010-08-19,-0.00046898816664509013
2010-08-20,0.004212996284143067
2010-08-23,-0.00550384901282186
2010-08-24,-0.011812091035879213
2010-08-25,0.0047415925725822206
2010-08-26,0.0005911213744269617
2010-08-27,0.005774572642919473
2010-08-30,-0.005065687925142726
2010-08-31,-0.006754780675283456
2010-09-01,0.004508252979048777
2010-09-02,-0.003913899321136505
2010-09-03,0.003558722616994636
2010-09-07,-0.008323472548633859
2010-09-08,0.0011933175640423954
2010-09-09,-0.00023854961945168895
2010-09-10,0.003572282912956304
2010-09-13,-0.007157372794907246
2010-09-14,-0.005763012708511539
2010-09-15,0.030592852978797325
2010-09-16,0.0010504815672751633
2010-09-17,0.0005831243969538491
2010-09-20,-0.00034983383249898026
2010-09-21,-0.004441854176333138
2010-09-22,-0.011665718815962123
2010-09-23,-0.0005928033844835312
2010-09-24,-0.0009492169673324113
2010-09-27,-0.0008313046022347947
2010-09-28,-0.004166920726559553
2010-09-29,-0.0025085123349590788
2010-09-30,-0.0009572813941511882
2010-10-01,-0.0027572995950180257
2010-10-04,0.0003600792213180881
2010-10-05,-0.001921922513519192
2010-10-06,-0.0044586444893823796
2010-10-07,-0.005449604767564509
2010-10-08,-0.005967985559392375
2010-10-12,-0.0014669929281252436
2010-10-13,0.0008560073894754439
2010-10-14,-0.0045329327233947225
2010-10-15,-0.001474564042066362
2010-10-18,-0.0019694738025322067
2010-10-19,0.005406747012447255
2010-10-20,-0.005653204191760075
2010-10-21,0.0002464571793128201
2010-10-22,0.003935076400991555
2010-10-25,-0.010734880063095531
2010-10-26,0.008277272534662039
2010-10-27,0.0033163452368514257
2010-10-28,-0.006890638806124727
2010-10-29,-0.0063169839094694424
2010-11-01,0.0022340830937928047
2010-11-02,0.0017341760818281315
2010-11-03,0.007521150058836135
2010-11-04,-0.009875404290376366
2010-11-05,0.009138122369536816
2010-11-08,-0.0025847758867456605
2010-11-09,0.00012323618229981292
2010-11-10,0.01686256964399213
2010-11-12,-0.0010911075823347716
2010-11-15,0.005564306118991169
2010-11-16,0.0061331441122707275
2010-11-17,-0.0031220006145833423
2010-11-18,0.005875668921496491
2010-11-19,-0.001795010354523896
2010-11-22,-0.0003593890425026558
2010-11-23,-0.007215038514150507
2010-11-24,0.006256035803394511
2010-11-26,0.00836025411604524
2010-11-29,0.0030875217497179364
2010-11-30,-0.009291311630049037
2010-12-01,0.005251862154948661
2010-12-02,-0.005610950075498167
2010-12-03,-0.009623555565723585
2010-12-06,-0.00036269117244636107
2010-12-07,0.004102817387932944
2010-12-08,0.013397329571821714
2010-12-09,-0.0036902607201820814
2010-12-10,0.00023849272710219083
2010-12-13,-0.0035833769829753948
2010-12-14,-0.0005984798790157342
2010-12-15,0.006206751842470659
2010-12-16,0.002258276350472599
2010-12-17,-0.0009502316904574926
2010-12-20,-0.0051230230590153525
2010-12-21,0.0004776689844820936
2010-12-22,-0.0023906298739166942
2010-12-23,-0.007085840012170941
2010-12-27,-0.000723414548066792
2010-12-28,-0.00847873296408519
2010-12-29,-0.0037779583050179255
2010-12-30,-0.002812253488839289
2011-01-03,-0.0013477916639299536
2011-01-04,0.004892377664444503
2011-01-05,0.015256380184095697
2011-01-06,-0.0008414979158581914
2011-01-07,-0.001323786221358425
2011-01-10,-0.003135933096992005
2011-01-11,0.006982091684470504
2011-01-12,-0.0008400840578071112
2011-01-13,-0.006867083187130696
2011-01-14,0.003258707850237741
2011-01-18,-0.003984309526770424
2011-01-19,-0.007650775068928084
2011-01-20,0.011996508610234713
2011-01-21,-0.004708731911799546
2011-01-24,-0.00230205469083522
2011-01-25,-0.001092299398608887
2011-01-26,-0.0009719354428101568
2011-01-27,0.009195467093100262
2011-01-28,-0.012116954259281165
2011-01-31,-0.0007317073497192794
2011-02-01,-0.005995735306333572
2011-02-02,0.0041641211426473035
2011-02-03,-0.0041641211426473035
2011-02-04,0.0062396972494811465
2011-02-07,0.004988148307339735
2011-02-08,-0.005842275624228677
2011-02-09,0.0066914295540669855
2011-02-10,0.007730440719670106
2011-02-11,0.004921092569394325
2011-02-14,-0.0023975077415574475
2011-02-15,0.005625052232423933
2011-02-16,-0.0007163324088548251
2011-02-17,-0.0057492073557874335
2011-02-18,-0.0003604253057583051
2011-02-22,-0.0033702487365596667
2011-02-23,-0.006653384490736158
2011-02-24,-0.008777332957314421
2011-02-25,0.0011013890852096253
2011-02-28,0.0021991456633312367
2011-03-01,-0.0009768010544686234
2011-03-02,-0.0029361410865975657
2011-03-03,0.009632458797632637
2011-03-04,-0.0007283321516426966
2011-03-07,-0.0027968644729163827
2011-03-08,0.0069170835833425315
2011-03-09,0.0010878105865108623
2011-03-10,0.002413128584136004
2011-03-11,-0.014689186730836745
2011-03-14,-0.0014686087574116158
2011-03-15,-0.010217359766146572
2011-03-16,-0.008075079595466939
2011-03-17,-0.01799809453926926
2011-03-18,0.03002477226270983
2011-03-21,-0.00036979969604722385
2011-03-22,-0.0013571034098145418
2011-03-23,-0.0007410152247198099
2011-03-24,-0.0014836797973920568
2011-03-25,0.0037050801925460064
2011-03-28,0.006757197527311298
2011-03-29,0.008655951637750015
2011-03-30,0.007256925896787614
2011-03-31,-0.002654762027379576
2011-04-01,0.015467006977281983
2011-04-04,-0.0008331845985773967
2011-04-05,0.007946433323096969
2011-04-06,0.007180302757920032
2011-04-07,-0.0032894766503988038
2011-04-08,0.00011766782386946062
2011-04-11,-0.004835770466192102
2011-04-12,-0.009384163419147384
2011-04-13,-0.0023897729141308943
2011-04-14,-0.004316035953060293
2011-04-15,-0.001202212215007492
2011-04-18,-0.008456199217860672
2011-04-19,-0.00024265954984414861
2011-04-20,0.002060731682652417
2011-04-21,-0.009368034932337288
2011-04-22,0.0013436757655904685
2011-04-25,0.00012206286252602894
2011-04-26,0.0
2011-04-27,0.008144456373209152
2011-04-28,-0.012548133214443702
2011-04-29,-0.0031925370927430308
2011-05-02,-0.000984373156883045
2011-05-03,-0.0025885992883187825
2011-05-04,-0.004081385914129321
2011-05-05,-0.007089141062797566
2011-05-06,0.0048558895142720715
2011-05-09,0.0018613891333325583
2011-05-10,0.0011151726575437948
2011-05-11,0.0003714480325012204
2011-05-12,-0.0003714480325012204
2011-05-13,0.0001238313418712167
2011-05-16,0.0007426662056904121
2011-05-17,0.007027955688623244
2011-05-18,-0.0002457606303849502
2011-05-19,0.005026060227931062
2011-05-20,-0.0017133769948527444
2011-05-23,0.0020801475839631323
2011-05-24,0.0037821066251257918
2011-05-25,-0.0019502687800336815
2011-05-26,-0.006364770568486833
2011-05-27,-0.00850859069944665
2011-05-31,0.0066650456557155735
2011-06-01,-0.005798548108153945
2011-06-02,0.0019777509536877957
2011-06-03,-0.007436821582960107
2011-06-06,-0.0023665702021178348
2011-06-07,0.00024937655989631935
2011-06-08,-0.004247882449536
2011-06-09,0.0025009391552446303
2011-06-10,0.002370112754229048
2011-06-13,-0.0012467275022167712
2011-06-14,0.00423254708796339
2011-06-15,0.0026052989117628655
2011-06-16,-0.00012390806037743118
2011-06-17,-0.007462721201589417
2011-06-20,0.0019955107644573644
2011-06-21,-0.0013714857832090033
2011-06-22,-0.0011235254911348136
2011-06-23,0.004859519873964935
2011-06-24,-0.0016172174949735663
2011-06-27,0.007071551086442973
2011-06-28,-0.0004946210067462431
2011-06-29,-0.0006186204960654251
2011-06-30,-0.001982161203991417
2011-07-01,0.0021059159222973634
2011-07-05,0.004075337532944978
2011-07-06,-0.002962233713854623
2011-07-07,0.004440066495134509
2011-07-08,-0.007659086236522228
2011-07-11,-0.0033538320984316528
2011-07-12,-0.010506663255583248
2011-07-13,-0.00681304679271566
2011-07-14,0.001518026856976995
2011-07-15,-0.0010117618164207087
2011-07-18,0.000885347556724092
2011-07-19,-0.002404912240664636
2011-07-20,-0.0019027087620191452
2011-07-21,-0.003688867631542969
2011-07-22,-0.00038238481123631374
2011-07-25,-0.001658692565299269
2011-07-26,-0.0034537930079352464
2011-07-27,-0.0006409024125044738
2011-07-28,-0.0015398437535116827
2011-07-29,-0.008900413479421942
2011-08-01,-0.004024672748432323
2011-08-02,0.0033766265848678145
2011-08-03,-0.0033766265848678145
2011-08-04,0.02745874337360199
2011-08-05,-0.006730611477534509
2011-08-08,-0.012178857026239776
2011-08-09,-0.004783770193339976
2011-08-10,-0.009767610378053071
2011-08-11,0.003527340517968547
2011-08-12,0.0014335051650089525
2011-08-15,-0.0007816571528787009
2011-08-16,0.00039090494992510827
2011-08-17,-0.00391594287123187
2011-08-18,0.0007844163037846741
2011-08-19,-0.0007844163037846741
2011-08-22,0.004046210571540421
2011-08-23,-0.0023474189183056993
2011-08-24,0.0024776696511494833
2011-08-25,0.007784159699715687
2011-08-26,-0.009870209999863988
2011-08-29,0.004427667084947906
2011-08-30,-0.0027324198901439445
2011-08-31,-0.0032626456348170407
2011-09-01,0.00404409917810078
2011-09-02,-0.00026041666813814146
2011-09-06,0.008945415196342843
2011-09-07,-0.001162265256427375
2011-09-08,0.0005167291162644361
2011-09-09,-0.0015509890662492865
2011-09-12,-0.0020717345232128537
2011-09-13,-0.003505814147133357
2011-09-14,-0.0022136866908324393
2011-09-15,-0.0001303695979943953
2011-09-16,0.002474120670878932
2011-09-19,-0.005346560300942826
2011-09-20,0.0005228758289055335
2011-09-21,-0.0018312627746812637
2011-09-22,-0.0009168904958283264
2011-09-23,-0.00013105301113114365
2011-09-26,0.0006550933742301979
2011-09-27,0.003269045081903954
2011-09-28,-0.0011756255027846052
2011-09-29,0.002219466933683023
2011-09-30,0.004683849312426602
2011-10-03,-0.004944707537461568
2011-10-04,0.002605525184288915
2011-10-05,0.0
2011-10-06,-0.0028664514740928126
2011-10-07,0.001694805177202774
2011-10-11,-0.0014338788873988761
2011-10-12,0.00831389564096785
2011-10-13,-0.005448190931339525
2011-10-14,0.006224086483001656
2011-10-17,-0.0072652109914121965
2011-10-18,-0.000651253686319464
2011-10-19,0.0005210368751455974
2011-10-20,0.0015614837265101045
2011-10-21,-0.010587642201322467
2011-10-24,0.0
2011-10-25,-0.0028951198008266843
2011-10-26,0.0022378736384887077
2011-10-27,-0.0032927260569763916
2011-10-28,-0.0010559663072040593
2011-10-31,0.029281810980386958
2011-11-01,0.003968005206366421
2011-11-02,-0.0030706267729643244
2011-11-03,-0.0010256411155511458
2011-11-04,0.002690067592879153
2011-11-07,-0.0014081804797694275
2011-11-08,-0.003464873533786772
2011-11-09,-0.00025713551183059735
2011-11-10,-0.002446090695030989
2011-11-14,-0.007244533625057947
2011-11-15,-0.00038958509680497855
2011-11-16,0.00038958509680497855
2011-11-17,-0.0005194805311630191
2011-11-18,-0.0006497303847563529
2011-11-21,0.0005198180753822612
2011-11-22,0.001298364243675465
2011-11-23,0.0044018714267206605
2011-11-25,0.0032243530868987236
2011-11-28,0.005009322657920201
2011-11-29,-0.0024373047791312885
2011-11-30,-0.0036026801704887035
2011-12-01,0.00025776517735209836
2011-12-02,0.0036017533148253733
2011-12-05,-0.0014134277971464826
2011-12-06,-0.0005144694647238879
2011-12-07,-0.0005147342797986454
2011-12-08,-0.0002574665307735202
2011-12-09,-0.0011594204197349356
2011-12-12,0.0037311075770736224
2011-12-13,-0.0001284274065849189
2011-12-14,0.002821599922527618
2011-12-15,-0.002693172515942699
2011-12-16,-0.002829219994198162
2011-12-19,0.003984325044663173
2011-12-20,-0.0025687144871762158
2011-12-21,0.0030816665374082675
2011-12-22,0.0016652793190612414
2011-12-23,0.0
2011-12-27,-0.003847145037355837
2011-12-28,0.0019254225831542016
2011-12-29,-0.003468434333300685
2011-12-30,-0.009438301365550572
2012-01-03,-0.004035150284797062
2012-01-04,0.00013042060664059107
2012-01-05,0.006499437932029117
2012-01-06,-0.0015560169114614553
2012-01-09,-0.0023385745359743026
2012-01-10,-0.0005204267616809588
2012-01-11,0.0007805386112424983
2012-01-12,-0.001822205372099539
2012-01-13,0.001822205372099539
2012-01-17,-0.0013012363579720798
2012-01-18,0.00013019985696427483
2012-01-19,0.005453142570582159
2012-01-20,-0.0033722470349468736
2012-01-23,-0.000649814825647077
2012-01-24,0.011118408007022573
2012-01-25,0.004489777281051488
2012-01-26,-0.00848334136484219
2012-01-27,-0.010249846466367174
2012-01-30,-0.005230137445225047
2012-01-31,0.0007862665848650252
2012-02-01,-0.003017385037783704
2012-02-02,0.00026274303882090067
2012-02-03,0.005371074679435317
2012-02-06,0.0
2012-02-07,0.004432284664480868
2012-02-08,0.00026011184956153954
2012-02-09,0.006739268637903528
2012-02-10,0.0019356093532785223
2012-02-13,-0.0006447869202697021
2012-02-14,0.011160400618120292
2012-02-15,-0.002170998873262775
2012-02-16,0.007006844387864142
2012-02-17,0.007084153598679421
2012-02-21,0.005029559200492528
2012-02-22,0.00712369443831129
2012-02-23,-0.0011214255738822843
2012-02-24,0.00831837933338253
2012-02-27,-0.005703673243088403
2012-02-28,0.0002486634353235928
2012-02-29,0.008171396216916094
2012-03-01,0.0007395538362464649
2012-03-02,0.004916430748640899
2012-03-05,-0.001595190227214438
2012-03-06,-0.007024491266415467
2012-03-07,0.002470356987537947
2012-03-08,0.005413399046654277
2012-03-09,0.01328558757580911
2012-03-12,-0.004611658658584261
2012-03-13,0.005458859919544423
2012-03-14,0.013458506435302553
2012-03-15,-0.005985891212175076
2012-03-16,0.0007202016875940132
2012-03-19,-0.00036003600749001663
2012-03-20,0.0037141359416015263
2012-03-21,0.0
2012-03-22,-0.013484432587784312
2012-03-23,-0.0018198367169857121
2012-03-26,0.005932579903734414
2012-03-27,0.0037351691115530272
2012-03-28,-0.004943044605671076
2012-03-29,-0.005575096248509048
2012-03-30,0.00157872399053538
2012-04-02,-0.003038223154988806
2012-04-03,0.00024339783496074574
2012-04-04,0.005339818513355077
2012-04-05,-0.0035162206582839417
2012-04-06,-0.009396615604080338
2012-04-09,-0.0024551939659502864
2012-04-10,-0.005175612292585008
2012-04-11,-0.0007415647355033528
2012-04-12,-0.0001236476044850221
2012-04-13,0.0014827631531675323
2012-04-16,-0.006565523739256562
2012-04-17,0.003226209523711887
2012-04-18,0.007036631713127406
2012-04-19,0.003438539554007747
2012-04-20,0.0003677146575720158
2012-04-23,-0.005406747012447255
2012-04-24,0.0006158773367053172
2012-04-25,0.001476559884364903
2012-04-26,-0.006785542043417081
2012-04-27,-0.00372070378383782
2012-04-30,-0.008359896463511873
2012-05-01,0.004500570166943163
2012-05-02,0.00024943876407679255
2012-05-03,0.0021177211277967345
2012-05-04,-0.006491907943525277
2012-05-07,0.0005008765444056706
2012-05-08,-0.001127325227424869
2012-05-09,-0.0018817041241936394
2012-05-10,0.0033845221903758826
2012-05-11,-0.0006258997512960107
2012-05-14,-0.00037572797736817876
2012-05-15,0.0032516286778836445
2012-05-16,0.0028676536078275916
2012-05-17,-0.013285068181129844
2012-05-18,-0.0015151518050107171
2012-05-21,0.0021457881379500776
2012-05-22,0.008412379323444519
2012-05-23,-0.008160236104760799
2012-05-24,0.0017632246381760197
2012-05-25,0.0021368872439078146
2012-05-29,-0.0025144594590784664
2012-05-30,-0.0064406360166060495
2012-05-31,-0.008141502800488531
2012-06-01,-0.0010223643063023147
2012-06-04,0.0011500863832374364
2012-06-05,0.003442344190972335
2012-06-06,0.006849341845574841
2012-06-07,0.007053814358969568
2012-06-08,-0.002513511440186633
2012-06-11,0.000377429708198207
2012-06-12,-0.0007550019233688587
2012-06-13,-0.0011335727644992133
2012-06-14,-0.000756429688110849
2012-06-15,-0.008104387780019984
2012-06-18,0.0038071111973643212
2012-06-19,-0.00038005954723718816
2012-06-20,0.007825358625130008
2012-06-21,0.00801406743481703
2012-06-22,0.004231493557229626
2012-06-25,-0.012748579111304892
2012-06-26,-0.0005032712738337608
2012-06-27,0.004645623271255062
2012-06-28,-0.006030926685289373
2012-06-29,0.005780362915499104
2012-07-02,-0.004898584184811483
2012-07-03,0.004397268219932471
2012-07-05,0.0022539453569248025
2012-07-06,-0.004261726179476177
2012-07-09,0.0006278646530111232
2012-07-10,-0.002765558016580627
2012-07-11,0.0032675660592520472
2012-07-12,-0.0051575685118621095
2012-07-13,-0.0011357184639271267
2012-07-16,-0.005063301956546695
2012-07-17,0.003041056575779244
2012-07-18,-0.0031679681820158123
2012-07-19,-0.002414385822436138
2012-07-20,-0.0014004712964386101
2012-07-23,-0.0014024353672370538
2012-07-24,-0.0024270306350624438
2012-07-25,0.00025575447709780263
2012-07-26,0.00038350911304174673
2012-07-27,0.003954338975067806
2012-07-30,-0.00446571715036459
2012-07-31,-0.001279590705625111
2012-08-01,0.0011517052907823455
2012-08-02,0.00038360719094576723
2012-08-03,0.00484633010779234
2012-08-06,-0.0054857572029218815
2012-08-07,0.006884269922119657
2012-08-08,-0.0034362108262131486
2012-08-09,0.0025464745107655062
2012-08-10,-0.005099450112348691
2012-08-13,0.001277302511122791
2012-08-14,0.006108443529172725
2012-08-15,0.0008877053401405988
2012-08-16,0.004552935650392165
2012-08-17,0.0031496089028957286
2012-08-20,-0.0011327167531662852
2012-08-21,0.0002518257379211519
2012-08-22,-0.003026102422720278
2012-08-23,-0.009261087440914473
2012-08-24,0.0024186887228809795
2012-08-27,0.0002542588368639187
2012-08-28,-0.002163263552787953
2012-08-29,0.0027986279556344584
2012-08-30,-0.002161888042367721
2012-08-31,-0.0031877617048721163
2012-09-04,0.0006383658052717678
2012-09-05,-0.00012764056434466653
2012-09-06,0.007883066887541368
2012-09-07,-0.010439305498302076
2012-09-10,0.0012789360996379173
2012-09-11,-0.005896696998960671
2012-09-12,0.0010280134547082653
2012-09-13,-0.005796370965687636
2012-09-14,0.01040939811074626
2012-09-17,0.005863624193490402
2012-09-18,-0.0011445286427749224
2012-09-19,-0.002420537521721222
2012-09-20,-0.0012763243596047857
2012-09-21,-0.001661660764519013
2012-09-24,-0.003459989355536486
2012-09-25,0.00012836146606431953
2012-09-26,-0.0016699856151651815
2012-09-27,-0.002059202786841574
2012-09-28,0.0038575333935195744
2012-10-01,0.0010261673553122463
2012-10-02,0.0001281969106301517
2012-10-03,0.0071529235875082975
2012-10-04,-0.0016559458595848398
2012-10-05,0.0028007656755182353
2012-10-09,-0.005481561306674543
2012-10-10,0.0003834110852771744
2012-10-11,0.002297384545879133
2012-10-12,-0.001658692565299269
2012-10-15,0.005729945008078552
2012-10-16,0.002029427383489768
2012-10-17,-0.0022833956388232934
2012-10-18,0.006329936314759088
2012-10-19,0.0002523659319386695
2012-10-22,0.007291044240919753
2012-10-23,-0.0006264486830191984
2012-10-24,0.000375916300398238
2012-10-25,0.002752410094944757
2012-10-26,-0.00513560344617936
2012-10-29,0.00225790361856415
2012-10-30,-0.002886004889134597
2012-10-31,0.004513548284394986
2012-11-01,0.0024987519248211854
2012-11-02,0.00485468059945493
2012-11-05,-0.004480405752593342
2012-11-06,0.001371143873277525
2012-11-07,-0.005370649267116612
2012-11-08,-0.0013785327078119636
2012-11-09,-0.0035175915667569058
2012-11-13,-0.00050352468334669
2012-11-14,0.009773289169363153
2012-11-15,0.011899000085144884
2012-11-16,0.0014774688725580631
2012-11-19,-0.0012310724194204425
2012-11-20,0.006629858538669708
2012-11-21,0.007801112210167993
2012-11-23,-0.00024286581782995142
2012-11-26,-0.0027972046210615886
2012-11-27,0.0014603872621066216
2012-11-28,-0.004754077339432783
2012-11-29,0.0026845653706688566
2012-11-30,0.005832337310395452
2012-12-03,-0.0036412226175803752
2012-12-04,-0.0046313306425984635
2012-12-05,0.006574965851169345
2012-12-06,-0.001335843297804118
2012-12-07,0.0009716993355350922
2012-12-10,0.0
2012-12-11,0.0006068329575139586
2012-12-12,0.008216575950731553
2012-12-13,0.00528085720762661
2012-12-14,-0.00023943493470035548
2012-12-17,0.002152853361100604
2012-12-18,0.0035778213478838694
2012-12-19,0.0038022859497388595
2012-12-20,0.0001185887934980201
2012-12-21,-0.0027311066076478596
2012-12-24,0.008406893394706572
2012-12-26,0.009505440343191118
2012-12-27,0.005125826693653579
2012-12-28,0.0006969450857088333
2012-12-31,0.006019930196572432
2013-01-02,0.005295281165722088
2013-01-03,-0.0020687284702276543
2013-01-04,0.013938304025611359
2013-01-07,-0.005232636214135056
2013-01-08,-0.004228819376989712
2013-01-09,0.0067348008684158245
2013-01-10,0.0029535407134728686
2013-01-11,0.01195188429551397
2013-01-14,0.0013440862238542906
2013-01-15,-0.007753283403755695
2013-01-16,-0.00011280952124348431
2013-01-17,0.008649309748252954
2013-01-18,0.005465408730348287
2013-01-22,-0.014340375706231256
2013-01-23,-0.002033209782098311
2013-01-24,0.017929660049285978
2013-01-25,0.011044954339489266
2013-01-28,-0.0034109071964829596
2013-01-29,-0.000882125980677273
2013-01-30,0.004402868972756657
2013-01-31,0.002522899380203114
2013-02-01,0.013709277925033625
2013-02-04,0.0003241316002657868
2013-02-05,0.008283625442549791
2013-02-06,0.002354201194308736
2013-02-07,-0.0034261275484217535
2013-02-08,-0.005592615136060353
2013-02-11,0.007735320048420924
2013-02-12,-0.0032157815256859124
2013-02-13,0.002680535567395559
2013-02-14,-0.003110088838605307
2013-02-15,0.005783458339688963
2013-02-19,-0.0010684903249700284
2013-02-20,-0.00010691185128042235
2013-02-21,-0.006112947342859165
2013-02-22,0.004186576884131377
2013-02-25,0.0
2013-02-26,-0.021329233852606322
2013-02-27,0.0054567416857720374
2013-02-28,0.005210606665396966
2013-03-01,0.010983205056496637
2013-03-04,-0.0006427423895623008
2013-03-05,0.0007498259683975661
2013-03-06,0.0026733695010836556
2013-03-07,0.014419248977830534
2013-03-08,0.010471299867295336
2013-03-11,0.001249219400432544
2013-03-12,-0.0016659728967747256
2013-03-13,0.0004167534963421815
2013-03-14,0.0016652793190612414
2013-03-15,-0.009403475414182516
2013-03-18,-0.0035755638051515604
2013-03-19,-0.0007377351865400783
2013-03-20,0.006934257665623278
2013-03-21,-0.004722682860783145
2013-03-22,-0.00612009929675672
2013-03-25,-0.0014828940329909557
2013-03-26,-0.0012728045842207436
2013-03-27,0.0016967130263463304
2013-03-28,-0.0038216607022567572
2013-03-29,0.0014879373560363618
2013-04-01,-0.009175355098722804
2013-04-02,0.001392384951566683
2013-04-03,-0.0050431997012641006
2013-04-04,0.03342811776466803
2013-04-05,0.0076692261068140866
2013-04-08,0.02084260165358387
2013-04-09,0.001212611304610256
2013-04-10,0.005940711223797024
2013-04-11,-0.0019092604905477373
2013-04-12,-0.004435491142785963
2013-04-15,-0.009950330853167877
2013-04-16,-0.0014295928095950927
2013-04-17,-0.0012269940189684192
2013-04-18,0.004898968769089684
2013-04-19,0.010734280285253028
2013-04-22,0.00010072014915163408
2013-04-23,0.0014090179464787411
2013-04-24,-0.00040237401206777434
2013-04-25,0.0003017956866120386
2013-04-26,-0.016019809287609377
2013-04-29,0.002551933197307399
2013-04-30,-0.005827939403207694
2013-05-01,-0.0024640669551594385
2013-05-02,0.006965813866109727
2013-05-03,0.011570209251975605
2013-05-06,0.0025195276618834583
2013-05-07,-0.003529118863236036
2013-05-08,-0.0010106115059231868
2013-05-09,0.003935622416836537
2013-05-10,0.02437567834911558
2013-05-13,0.0009824148545325428
2013-05-14,0.003333009653500696
2013-05-15,0.0025412974286727064
2013-05-16,-0.002149907991190858
2013-05-17,0.00740744127786197
2013-05-20,-0.0042818282624415005
2013-05-21,-0.0017569550639660036
2013-05-22,0.011268819461002444
2013-05-23,-0.0181309187338341
2013-05-24,-0.006711434587987064
2013-05-28,0.010736374984637642
2013-05-29,-0.011429821938969909
2013-05-30,0.0014853693873249085
2013-05-31,-0.0022784694586386323
2013-06-03,-0.016499549344136
2013-06-04,0.009732681050839354
2013-06-05,-0.009934354944837409
2013-06-06,-0.014219211743704108
2013-06-07,-0.005744783956892263
2013-06-10,0.017136282242987022
2013-06-11,-0.021053409197832273
2013-06-12,-0.01519438119450811
2013-06-13,-0.011284063839453573
2013-06-14,0.0005301383785294433
2013-06-17,0.005602255548669888
2013-06-18,0.0034724083925343763
2013-06-19,0.00021006196905304364
2013-06-20,0.030612524863533608
2013-06-21,-0.0071552998729007555
2013-06-24,0.002254330291731499
2013-06-25,0.0017385083889909225
2013-06-26,-0.004505896000478238
2013-06-27,0.009906632620957367
2013-06-28,0.008198011603603561
2013-07-01,0.004124131983326507
2013-07-02,0.008098019760110375
2013-07-03,-0.006092403363784804
2013-07-05,0.011157716870653367
2013-07-08,0.00128706517445476
2013-07-09,9.893643342273606e-05
2013-07-10,-0.009742596198819342
2013-07-11,-0.013072081567352178
2013-07-12,0.005953900226091768
2013-07-15,0.00651860102950419
2013-07-16,-0.006719848766146619
2013-07-17,0.003315419724520652
2013-07-18,0.008986580697846414
2013-07-19,-0.0029865626977487736
2013-07-22,-0.007003530377337697
2013-07-23,0.0016051367812286443
2013-07-24,0.00450068269845616
2013-07-25,-0.006507506570845756
2013-07-26,-0.013347013100559302
2013-07-29,-0.00448888735806019
2013-07-30,0.0022469624406298294
2013-07-31,0.0033610053536667905
2013-08-01,0.009613026216058529
2013-08-02,-0.0026217621148409975
2013-08-05,-0.005061251820468904
2013-08-06,-0.007026863273732253
2013-08-07,-0.011615487535547864
2013-08-08,-0.007159563656655266
2013-08-09,0.0021844290165420333
2013-08-12,0.002075981646546765
2013-08-13,0.016658482910116845
2013-08-14,0.000917384499382834
2013-08-15,-0.0034700994200687063
2013-08-16,-0.002149327883354424
2013-08-19,0.0034775528551245216
2013-08-20,-0.008407718962983424
2013-08-21,0.005544731322325802
2013-08-22,0.0088690117008694
2013-08-23,0.0004058853429640408
2013-08-26,0.0007099031787412002
2013-08-27,-0.013677869664129538
2013-08-28,0.003590668130729391
2013-08-29,0.008260717007366303
2013-08-30,-0.002440513718956261
2013-09-03,0.012244018380883404
2013-09-04,0.0018086821650920015
2013-09-05,0.004707305001582007
2013-09-06,-0.010446057222369909
2013-09-09,0.005136221573919464
2013-09-10,0.006707739021373449
2013-09-11,-0.001397903372923004
2013-09-12,-0.00842870733505574
2013-09-13,0.001409727350574208
2013-09-16,-0.004033076650434175
2013-09-17,0.0018168976432493267
2013-09-18,-0.0012108982307035276
2013-09-19,0.002923831290978285
2013-09-20,0.0005032459469100914
2013-09-23,-0.006258221697195587
2013-09-24,0.0
2013-09-25,-0.0014185836809987862
2013-09-26,0.0033405912525950043
2013-09-27,-0.006590644895454467
2013-09-30,-0.00010173457458240165
2013-10-01,-0.0024447399361831046
2013-10-02,-0.007062103963082933
2013-10-03,-0.002880067820871801
2013-10-04,0.0012353306079928572
2013-10-07,-0.0018535686493228454
2013-10-08,-0.0008249123998407271
2013-10-09,0.0029870754043361814
2013-10-10,0.00880611875465842
2013-10-11,0.0033586108616079358
2013-10-15,0.0016243658393992888
2013-10-16,0.0032408373514352107
2013-10-17,-0.010673544786581779
2013-10-18,-0.0008179123245053432
2013-10-21,0.0037772491441776523
2013-10-22,0.0004074979681494284
2013-10-23,-0.009209110412049526
2013-10-24,0.0008220304614150464
2013-10-25,0.0010265887360878523
2013-10-28,0.0024595216333773706
2013-10-29,0.003983865527486863
2013-10-30,0.0005096060855329654
2013-10-31,-0.0004076640904395745
2013-11-01,0.006907788541161253
2013-11-04,-0.0016210743164988273
2013-11-05,-0.00020281918739062377
2013-11-06,0.0
2013-11-07,-0.00040576182337925815
2013-11-08,0.0047573347480014405
2013-11-12,0.006241212125591922
2013-11-13,-0.0034177757435358558
2013-11-14,0.006223669958430378
2013-11-15,0.002398801749975199
2013-11-18,-0.0012986366142548889
2013-11-19,0.0009991008923799782
2013-11-20,-0.0011990409110405054
2013-11-21,0.00925517876808879
2013-11-22,0.0033623449398589855
2013-11-25,0.004039613355808491
2013-11-26,-0.0031514700103105753
2013-11-27,0.0078601308584485
2013-11-29,0.0026389107822568647
2013-12-02,0.005742387671134885
2013-12-03,-0.006621251064455436
2013-12-04,0.001171646296890927
2013-12-05,-0.006461109114288988
2013-12-06,0.010356712015118674
2013-12-09,0.003299372231272635
2013-12-10,-0.004077279699516545
2013-12-11,-0.004093971991627754
2013-12-12,0.007104998500414794
2013-12-13,0.0016473670085348502
2013-12-16,-0.0035889266903863515
2013-12-17,-0.0027245321903777153
2013-12-18,0.005344748158881529
2013-12-19,0.009453142643755186
2013-12-20,-0.0008644288104919795
2013-12-23,-9.60937876097745e-05
2013-12-24,0.001920123477802349
2013-12-26,0.0044023422616845664
2013-12-27,0.0031463056893645813
2013-12-30,-0.00047607713348618574
2013-12-31,0.0023781224049681526
2014-01-02,-0.0039030941072857317
2014-01-03,-0.0036311554470529472
2014-01-06,-0.0007661367928850638
2014-01-07,0.0015316870695087914
2014-01-08,0.003151714561537844
2014-01-09,-0.0012403989949723027
2014-01-10,-0.006513432989184054
2014-01-13,-0.007233479000803733
2014-01-14,0.004731793870433876
2014-01-15,0.0059552572506182955
2014-01-16,-0.0009581298040632902
2014-01-17,0.0
2014-01-21,-0.0017269504435901695
2014-01-22,0.0021103125337749162
2014-01-23,-0.006826621386738729
2014-01-24,-0.01203547479444289
2014-01-27,-0.0014657744354931168
2014-01-28,0.0052667633692120575
2014-01-29,-0.005853675251461077
2014-01-30,0.00614546147149575
2014-01-31,-0.005362988818113479
2014-02-03,-0.011505117319678071
2014-02-04,0.005031333062277987
2014-02-05,-0.002364533121382628
2014-02-06,0.004527121204947804
2014-02-07,0.004702203021436091
2014-02-10,-0.0017607360510893955
2014-02-11,0.004785866438124842
2014-02-12,-0.0014626300691436
2014-02-13,-0.0027359798188753004
2014-02-14,-0.003725129295413687
2014-02-18,0.004800871416658303
2014-02-19,-9.774693326747297e-05
2014-02-20,0.00019548431300631108
2014-02-21,0.0038043259071258717
2014-02-24,-0.0026322218463885605
2014-02-25,-0.0023455835617207654
2014-02-26,0.0015643335219843735
2014-02-27,-0.002347418918304811
2014-02-28,-0.0003917727768039114
2014-03-03,-0.007078283583595635
2014-03-04,0.008057427889768043
2014-03-05,0.0013691933679353951
2014-03-06,0.0069150506863895345
2014-03-07,0.003391311810916342
2014-03-10,-0.00145201129039485
2014-03-11,-0.00048447266099405084
2014-03-12,-0.004273510777382583
2014-03-13,-0.006052932665838284
2014-03-14,-0.0064839602347399605
2014-03-17,0.0015757340270425857
2014-03-18,-0.002463176771278164
2014-03-19,0.0016756201249403802
2014-03-20,0.008336242067477073
2014-03-21,-9.767055728815421e-05
2014-03-24,-0.0016618606884524212
2014-03-25,0.0010756369296025525
2014-03-26,-0.00019548431300631108
2014-03-27,-0.001956947786961649
2014-03-28,0.007999262242924132
2014-03-31,0.0005828072044522514
2014-04-01,0.00523003613459494
2014-04-02,0.00289379964649239
2014-04-03,0.0011551791812127732
2014-04-04,-0.005305563981694128
2014-04-07,-0.0033909832425580433
2014-04-08,-0.008968669982760247
2014-04-09,-0.002647449700468485
2014-04-10,-0.00413223728491019
2014-04-11,0.0012808514485724842
2014-04-14,0.0024585742826275236
2014-04-15,-0.0020647959747233102
2014-04-16,0.006866137813199558
2014-04-17,-0.0007823196174472358
2014-04-18,0.0020522851083093485
2014-04-21,0.0012683547239165094
2014-04-22,0.0003899395643092163
2014-04-23,-0.003319343084815962
2014-04-24,0.0007820137250931225
2014-04-25,-0.0021520110036625795
2014-04-28,0.0033238861377729023
2014-04-29,0.001073013808262857
2014-04-30,-0.004201071099821263
2014-05-01,0.0015652517380830844
2014-05-02,0.0003909304193649987
2014-05-05,-0.0027397277411207455
2014-05-06,-0.004812659684415799
2014-05-07,0.0014757246025096649
2014-05-08,-0.0005900285351625456
2014-05-09,0.0007866273758621034
2014-05-12,0.0035321857760006736
2014-05-13,0.000978952598984506
2014-05-14,-0.004412853446899234
2014-05-15,-0.003051333633789177
2014-05-16,0.0005913077929262656
2014-05-19,-0.002367331940078543
2014-05-20,0.0
2014-05-21,0.0017760241471522775
2014-05-22,0.0031496089028966168
2014-05-23,0.0011785505194437107
2014-05-27,0.0025487711082421427
2014-05-28,-0.0035308000588116784
2014-05-29,-0.00196695578758721
2014-05-30,0.0018686998307408942
2014-06-02,0.005194307753741079
2014-06-03,0.0011723330768234064
2014-06-04,0.0026327351757995388
2014-06-05,-0.002437479878879323
2014-06-06,0.0005855372471383902
2014-06-09,0.0001951029174076524
2014-06-10,-0.0014642005641913869
2014-06-11,-0.00420929601978326
2014-06-12,-0.0010796487283224465
2014-06-13,0.0022561194522516814
2014-06-16,-0.0023543271616350836
2014-06-17,0.0035294154284617463
2014-06-18,-0.00019575217836820258
2014-06-19,-0.0031372574751324933
2014-06-20,0.0029414669703466956
2014-06-23,-0.0023524809908188615
2014-06-24,0.002254571361328672
2014-06-25,-0.0037276872673031036
2014-06-26,-0.0008849123039480489
2014-06-27,-0.0026594450542685166
2014-06-30,-0.0010855085686216626
2014-07-01,0.0022683574004735974
2014-07-02,0.0024597837954720703
2014-07-03,0.004216726032305829
2014-07-07,-0.003430871374966671
2014-07-08,-0.0030486329360197573
2014-07-09,0.0016729817413825288
2014-07-10,-0.004335836512750824
2014-07-11,0.0006910509184629987
2014-07-14,0.0024641479128728605
2014-07-15,0.0003937007924870173
2014-07-16,0.0006886036374602611
2014-07-17,-0.003842558548408981
2014-07-18,0.0006907781396705559
2014-07-21,-0.00029598934654462283
2014-07-22,0.001971609471485003
2014-07-23,-0.00039401103740654975
2014-07-24,0.0031477499923484586
2014-07-25,-9.821735508541707e-05
2014-07-28,9.821735508541707e-05
2014-07-29,0.0029420438990932496
2014-07-30,0.007609050466720113
2014-07-31,-0.0014587894636592935
2014-08-01,-0.002923978691435458
2014-08-04,0.00019519812671742187
2014-08-05,0.0029234088253558
2014-08-06,-0.004192878260036004
2014-08-07,-0.0027397277411207455
2014-08-08,-0.0014708047952227687
2014-08-11,0.002254350378895431
2014-08-12,0.0007829321206358486
2014-08-13,0.002540304248345393
2014-08-14,-0.00039039625715453496
2014-08-15,-0.0024434357072067314
2014-08-18,0.003419140731436343
2014-08-19,0.003115873991215601
2014-08-20,0.0048491996875217325
2014-08-21,0.00405523390530238
2014-08-22,0.0018291220502844041
2014-08-25,-9.618621658891158e-05
2014-08-26,0.0015378703530748439
2014-08-27,-0.0013455071707948463
2014-08-28,-0.0019252990159754901
2014-08-29,0.0021176252017784947
2014-09-02,0.010521378741533027
2014-09-03,-0.0020954384274611826
2014-09-04,0.003236556847216576
2014-09-05,-0.0026646380440951134
2014-09-08,0.00674298580350019
2014-09-09,0.0063216703429240795
2014-09-10,0.004129910131333681
2014-09-11,0.0010298180004815194
2014-09-12,0.0034561708309528427
2014-09-15,-0.0005596493010537884
2014-09-16,-0.0025223050412961356
2014-09-17,0.006247397819688416
2014-09-18,0.01026503672999901
2014-09-19,0.0024810488261062247
2014-09-22,-0.0007344840579914802
2014-09-23,-0.0005512172854311714
2014-09-24,0.0009185267477800352
2014-09-25,-0.0020218736783954583
2014-09-26,0.005687566932703447
2014-09-29,0.00018293240698596946
2014-09-30,0.0029223765090495846
2014-10-01,-0.0032882747934097623
2014-10-02,-0.011039670537330792
2014-10-03,0.014692642636022768
2014-10-06,-0.005667809303797178
2014-10-07,-0.007176403970443168
2014-10-08,0.0010151816662560265
2014-10-09,-0.0037891085489807352
2014-10-10,-0.0015753142302390444
2014-10-14,-0.006326190974395018
2014-10-15,-0.010224750210602096
2014-10-16,-0.0007545746443673451
2014-10-17,0.006958185102696746
2014-10-20,0.0014045603694921027
2014-10-21,-0.001591984229097676
2014-10-22,0.005793867249715312
2014-10-23,0.007796586737231159
2014-10-24,-0.0009249838787344089
2014-10-27,-0.003244198053240943
2014-10-28,0.0026887967615412123
2014-10-29,0.0009254975209422867
2014-10-30,0.007740547310365997
2014-10-31,0.028504848077475664
2014-11-03,0.016194327630661753
2014-11-04,-0.004222384879848384
2014-11-05,0.010348246339773937
2014-11-06,0.0021787450337216185
2014-11-07,-0.0012195123462612756
2014-11-10,0.00043571086916482926
2014-11-12,0.005560396602604101
2014-11-13,0.0018177888580499513
2014-11-14,0.007667493950363813
2014-11-17,-0.0006868132138118099
2014-11-18,0.002744427108491543
2014-11-19,0.008018468280317492
2014-11-20,0.0037313476128577605
2014-11-21,-0.0033915582789738608
2014-11-24,0.005505455823429095
2014-11-25,-0.003384384311716282
2014-11-26,-0.003310839647301833
2014-11-28,0.00931026615109598
2014-12-01,-0.0047289397365331
2014-12-02,0.008093114482164765
2014-12-03,0.006027140294524891
2014-12-04,-0.001252662070354127
2014-12-05,0.01418816582228466
2014-12-08,-0.004045079193808476
2014-12-09,-0.016850582221367816
2014-12-10,-0.0031174984173469866
2014-12-11,0.007566240383315659
2014-12-12,-0.00993190556227841
2014-12-15,-0.003983562499696447
2014-12-16,-0.00399949475818584
2014-12-17,0.003064875547453383
2014-12-18,0.010148936908612072
2014-12-19,0.0060402868213307315
2014-12-22,0.002339182353171765
2014-12-23,0.006984894521951723
2014-12-24,-0.001907685229980416
2014-12-29,0.0009957680683392311
2014-12-30,-0.01025393503528349
2014-12-31,0.004264398786457235
2015-01-02,0.0029160612207137504
2015-01-05,-0.004669788339359826
2015-01-06,-0.011601643369063552
2015-01-07,0.010598130991823496
2015-01-08,-8.367150571775284e-05
2015-01-09,-0.007137789048292653
2015-01-12,-0.0028694424279525066
2015-01-13,-0.0013531801794197662
2015-01-14,-0.011747815367733061
2015-01-15,0.0014546701747963908
2015-01-16,0.0042662180747337075
2015-01-20,0.008731458854621899
2015-01-21,-0.005246690549776112
2015-01-22,0.0005089490312588651
2015-01-23,-0.0010181572235401504
2015-01-26,0.004911518045092933
2015-01-27,-0.006440700230768925
2015-01-28,0.0010197145683052966
2015-01-29,0.004829494665456124
2015-01-30,-0.007380733399365624
2015-02-02,-0.0009370874306737775
2015-02-03,0.0012776288948872505
2015-02-04,0.0008508466436891737
2015-02-05,-0.001532045580112218
2015-02-06,0.014880220451085613
2015-02-09,-0.003867826229459581
2015-02-10,0.005209658030925546
2015-02-11,0.008844446473077028
2015-02-12,-0.01388562670055471
2015-02-13,-0.000168477803447864
2015-02-17,0.0024401543514400714
2015-02-18,0.0016794025275546076
2015-02-19,-0.0029408079002104515
2015-02-20,-0.0013472551717850223
2015-02-23,0.0016837855468274654
2015-02-24,0.00210075284182043
2015-02-25,-0.00210075284182043
2015-02-26,0.004029555486002145
2015-02-27,0.0030115465290467824
2015-03-02,0.0028359348391990835
2015-03-03,-0.004926323994564719
2015-03-04,0.002424446282240922
2015-03-05,0.0038336574996424844
2015-03-06,0.005888468186168616
2015-03-09,0.0019826524462471795
2015-03-10,0.0002475553917822282
2015-03-11,0.0024721891453891587
2015-03-12,-0.0018123408865413637
2015-03-13,-0.0009074036506300232
2015-03-16,0.0010722977065729111
2015-03-17,-0.00016489405594288797
2015-03-18,-0.0029727519828037785
2015-03-19,-0.00016541229051103556
2015-03-20,-0.005141399500418586
2015-03-23,-0.004499632623121919
2015-03-24,0.001335336536262055
2015-03-25,-0.004430148926521049
2015-03-26,-0.0030203899125984535
2015-03-27,0.001175680350402608
2015-03-30,0.008024786021647579
2015-03-31,-0.0012496356855908886
2015-04-01,-0.0028383022643971856
2015-04-02,0.001002673880795335
2015-04-03,-0.006535423345306768
2015-04-06,0.0007562707809727343
2015-04-07,0.010943678828972736
2015-04-08,-0.003328897881036852
2015-04-09,0.0029965063207217923
2015-04-10,-0.000249366195548717
2015-04-13,0.000249366195548717
2015-04-14,-0.008848876506569958
2015-04-15,-0.00025158287691962045
2015-04-16,-0.0004194454992072494
2015-04-17,-0.0013434091021267136
2015-04-20,0.002098284373871273
2015-04-21,0.0015080431812410922
2015-04-22,0.0037601882616495885
2015-04-23,-0.0017529951481893846
2015-04-24,-0.005949655125519371
2015-04-27,0.001175976615994223
2015-04-28,-0.002689981447209
2015-04-29,0.00025249337338983935
2015-04-30,0.008630494728104843
2015-05-01,0.002915818286123084
2015-05-04,0.0003326956697078387
2015-05-05,-0.003165086766862224
2015-05-06,-0.003761131100161741
2015-05-07,0.0026760343783598373
2015-05-08,0.0003340013391097685
2015-05-11,0.0022515958309465844
2015-05-12,-0.002084636985913768
2015-05-13,-0.0059441759014440265
2015-05-14,0.0009232448513447622
2015-05-15,0.0013413818242016262
2015-05-18,0.00384648020032774
2015-05-19,0.0063228164054809355
2015-05-20,0.005788488832801697
2015-05-21,-0.0018156314305199928
2015-05-22,0.0032163649846399522
2015-05-26,0.013331895005659788
2015-05-27,0.005509655810969072
2015-05-28,0.0033879196719368565
2015-05-29,-0.0016118636629736116
2015-06-01,0.005309319848664451
2015-06-02,-0.003616931162496506
2015-06-03,-0.001047331414969932
2015-06-04,0.004022207980771242
2015-06-05,0.00815547816022022
2015-06-08,-0.003989473096322804
2015-06-09,-0.007382476154731421
2015-06-10,-0.011665718815963011
2015-06-11,0.0073070066121818655
2015-06-12,-0.003159816281096184
2015-06-15,0.0012164958314606622
2015-06-16,8.104712895029564e-05
2015-06-17,0.0069455940662956905
2015-06-18,-0.01116877909725833
2015-06-19,-0.0013845341626144148
2015-06-22,0.004715839294995305
2015-06-23,0.0034819258628795424
2015-06-24,0.004275061965691052
2015-06-25,-0.004921944821595581
2015-06-26,0.002342962089777245
2015-06-29,-0.011525166123830921
2015-06-30,-0.003270648868123338
2015-07-01,0.007506562663563088
2015-07-02,0.0009749757028423289
2015-07-06,-0.0049660215217093295
2015-07-07,-0.0030242370509778738
2015-07-08,-0.013350012855478433
2015-07-09,0.005625428468240656
2015-07-10,0.012542690151490454
2015-07-13,0.004876076300735832
2015-07-14,0.0003242279350770261
2015-07-15,0.004044004217204744
2015-07-16,0.0012100191046009456
2015-07-17,-0.00032252862721104947
2015-07-20,0.0019336132353942048
2015-07-21,-0.0024982887636486595
2015-07-22,0.001209628791500883
2015-07-23,-0.0016131637632819107
2015-07-24,-0.0011307650021592508
2015-07-27,-0.004048916374375544
2015-07-28,0.0022694125479993943
2015-07-29,0.002748809233448668
2015-07-30,0.004189500165828086
2015-07-31,-0.0035438181417815073
2015-08-03,0.000322684739812118
2015-08-04,0.00016130333126351815
2015-08-05,0.006751351797541716
2015-08-06,-0.0019243110492261906
2015-08-07,-0.0026519885354492345
2015-08-10,0.0022506238902861853
2015-08-11,0.002806175423342161
2015-08-12,-0.008280788565422803
2015-08-13,0.0036262580532282485
2015-08-14,-0.0004022688014337916
2015-08-17,0.0004827031469432086
2015-08-18,0.0004824702570269679
2015-08-19,-0.0023340990113123183
2015-08-20,-0.00452270194280846
2015-08-21,-0.011642712422822221
2015-08-24,-0.029503116297154186
2015-08-25,0.011322299843565808
2015-08-26,-0.007029905928258806
2015-08-27,0.015169485750817557
2015-08-28,0.0035506416064796653
2015-08-31,-0.0004946821767957132
2015-09-01,-0.010945382903221557
2015-09-02,0.0005001250416825087
2015-09-03,0.0016652793190612414
2015-09-04,-0.009613449168234922
2015-09-08,0.005612110051625763
2015-09-09,0.010138871860569054
2015-09-10,-0.0019035801320317347
2015-09-11,-0.00041430170041945047
2015-09-14,-0.00615181921827368
2015-09-15,0.003163769186291354
2015-09-16,0.0026564850422072794
2015-09-17,0.002318649597905953
2015-09-18,-0.008722796740353367
2015-09-21,0.005076786735181749
2015-09-22,-0.0034927270434081947
2015-09-23,0.0006662225429625579
2015-09-24,-0.0048401997190214985
2015-09-25,0.009988429972172419
2015-09-28,-0.007648856712501484
2015-09-29,-0.0005008765444056706
2015-09-30,0.0004174145404345353
2015-10-01,-0.001921551199049354
2015-10-02,-0.0013389123339120346
2015-10-05,0.00784056064299854
2015-10-06,-0.0014966328560630515
2015-10-07,-0.002332556872313596
2015-10-08,0.0003335557068950834
2015-10-09,0.002997005240270134
2015-10-13,-0.004164937299284688
2015-10-14,-0.0049370419514387365
2015-10-15,-0.008001053337226338
2015-10-16,0.011267251123848077
2015-10-19,-0.0008364701449661283
2015-10-20,0.0024238383716737033
2015-10-21,0.00100125164810283
2015-10-22,0.004908291539367227
2015-10-23,0.005792320704504306
2015-10-26,-0.002726485763847819
2015-10-27,-0.004810093865384779
2015-10-28,0.002242060312259042
2015-10-29,0.004799347234561324
2015-10-30,-0.0036387734493157353
2015-11-02,0.0
2015-11-03,0.004133945531727967
2015-11-04,0.0026367846523038807
2015-11-05,0.0015623075989479318
2015-11-06,0.01216788521295431
2015-11-09,-0.0012995453420856506
2015-11-10,0.0014618698290904675
2015-11-12,-0.0030886800138025805
2015-11-13,0.0007323921066273442
2015-11-16,0.0014631769802742056
2015-11-17,0.0030009349744348768
2015-11-18,0.00024292481596432935
2015-11-19,-0.006498276461466723
2015-11-20,0.0007331677245856483
2015-11-23,0.0017899280671800355
2015-11-24,-0.004480841747025899
2015-11-25,0.0018762496836695064
2015-11-27,0.0011403438557566759
2015-11-30,0.0030886800138025805
2015-12-01,-0.0027631061870625473
2015-12-02,0.0051948168771041026
2015-12-03,-0.003731044964122354
2015-12-04,0.0003249918780641181
2015-12-07,0.0017044766920308874
2015-12-08,-0.0025171545100217685
2015-12-09,-0.00931151055206847
2015-12-10,-0.0034525311730284614
2015-12-11,-0.004125758802253188
2015-12-14,-0.0030640577158473903
2015-12-15,0.008999771763339659
2015-12-16,0.0018066852249489784
2015-12-17,0.007112812557121373
2015-12-18,-0.01270769303941588
2015-12-21,-0.0017341760818272434
2015-12-22,-0.0004133427083194974
2015-12-23,0.0
2015-12-24,-0.0051396946435371405
2015-12-28,-0.00016623722089637027
2015-12-29,0.0011630806328994936
2015-12-30,0.0013275806795522982
2015-12-31,-0.0027400689705601167
2016-01-04,-0.008097886218655148
2016-01-05,-0.0029380923549036098
2016-01-06,-0.0034527803892743236
2016-01-07,-0.004565831894026928
2016-01-08,-0.002205820865549768
2016-01-11,-0.002210697269696027
2016-01-12,0.002550371186005762
2016-01-13,0.0023744922961181913
2016-01-14,-0.00025414037156590297
2016-01-15,-0.010647006585585927
2016-01-19,0.007507286580918482
2016-01-20,-0.010938410207786298
2016-01-21,0.010513366634421928
2016-01-22,0.006441246102856901
2016-01-25,0.001519500545612118
2016-01-26,-0.00042185193622845674
2016-01-27,0.003369843121550531
2016-01-28,-0.0024420036555525826
2016-01-29,0.02036288334288372
2016-02-01,8.26070794737177e-05
2016-02-02,-0.0065470751410163786
2016-02-03,-0.01973278688149893
2016-02-04,-0.009971531892019492
2016-02-05,0.002053564510503314
2016-02-08,-0.01108782685987908
2016-02-09,-0.007809150314164626
2016-02-10,-0.006729912216199452
2016-02-11,-0.02046583059229068
2016-02-12,0.011038032667955555
2016-02-16,0.008287096708205155
2016-02-17,0.0021048946554254044
2016-02-18,-0.004566217979581566
2016-02-19,-0.010617689555052046
2016-02-22,0.00620734457433425
2016-02-23,-0.008433624491130942
2016-02-24,-0.007247381071022296
2016-02-25,0.011961224459621
2016-02-26,0.009537338276770946
2016-02-29,-0.007764288166884903
2016-03-01,0.009169522896632643
2016-03-02,-0.001141602758450766
2016-03-03,-0.0024632721173567518
2016-03-04,0.0033415437353792043
2016-03-07,-0.002725156624769909
2016-03-08,-0.009019426251170692
2016-03-09,0.004254571211264491
2016-03-10,0.0003537318749300411
2016-03-11,0.00493915274690071
2016-03-14,-0.0006160616256458695
2016-03-15,-0.006270166698771007
2016-03-16,0.007150138596456301
2016-03-17,-0.02124618785951604
2016-03-18,0.0007185198800234716
2016-03-21,0.002152467198764718
2016-03-22,0.0017901902382115864
2016-03-23,0.007217674461106327
2016-03-24,8.878235012677038e-05
2016-03-25,0.0036333063142466315
2016-03-28,0.0021207041614186295
2016-03-29,0.00035301385945984975
2016-03-30,-0.006462201039266979
2016-03-31,-0.0015998581316614136
2016-04-01,-0.003207415436790484
2016-04-04,-0.00788393261181497
2016-04-05,-0.008309296363785634
2016-04-06,-0.005730153475089317
2016-04-07,-0.015165034896307716
2016-04-08,0.003512992426753847
2016-04-11,-0.003698229067090608
2016-04-12,0.005357980485454661
2016-04-13,0.006153865574378692
2016-04-14,-9.15708988324937e-05
2016-04-15,-0.004037443546534902
2016-04-18,0.0008271679162863421
2016-04-19,0.0028439081595816873
2016-04-20,0.0032011734475299036
2016-04-21,-0.0009135757989691129
2016-04-22,0.018922297411474887
2016-04-25,-0.0037739284615749824
2016-04-26,0.0013494671653395685
2016-04-27,0.00026967504320918323
2016-04-28,-0.024658908322846784
2016-04-29,-0.0153170782933012
2016-05-02,-0.003936643944142837
2016-05-03,-0.0013156660106643514
2016-05-04,0.007308193306725386
2016-05-05,0.0018653241745054672
2016-05-06,-0.0061688203849668
2016-05-09,0.01608962865520258
2016-05-10,0.007628362896348939
2016-05-11,-0.006798372531922503
2016-05-12,0.0023019208175734107
2016-05-13,0.003763716748427015
2016-05-16,-0.002293263400115819
2016-05-17,0.001193153278165049
2016-05-18,0.005762123227762039
2016-05-19,0.0014581247457252644
2016-05-20,0.00644490044559376
2016-05-23,-0.009545960938750042
2016-05-24,0.004829826675950777
2016-05-25,0.0019980026626731373
2016-05-26,-0.004364436824260132
2016-05-27,0.0010928962836445066
2016-05-31,0.008068581010770792
2016-06-01,-0.010894342883769781
2016-06-02,-0.007329396072681682
2016-06-03,-0.01734496018045828
2016-06-06,0.00420149070509801
2016-06-07,-0.0002795508567805527
2016-06-08,-0.005794950322838943
2016-06-09,-0.0013131978249605325
2016-06-10,0.0048689234763825695
2016-06-13,-0.009290171447856821
2016-06-14,-0.00047149795771872505
2016-06-15,-0.0014158292043715548
2016-06-16,-0.01734037351564499
2016-06-17,0.0014405764796228127
2016-06-20,0.0011509688590765066
2016-06-21,0.0022979711376232004
2016-06-22,0.0
2016-06-23,0.01273418329139453
2016-06-24,-0.03497666295550772
2016-06-27,-0.005884677633096302
2016-06-28,0.010275571158956609
2016-06-29,-0.0002921271747737819
2016-06-30,0.0008761256340426016
2016-07-01,-0.002142997118592227
2016-07-05,-0.009503819145290748
2016-07-06,-0.004538734974551595
2016-07-07,-0.0037649900810432513
2016-07-08,-0.0008937882317034962
2016-07-11,0.019773405046356274
2016-07-12,0.019867564469487675
2016-07-13,-0.005938145980721288
2016-07-14,0.012410660486338543
2016-07-15,0.0022744513216697015
2016-07-18,0.0034020066831352835
2016-07-19,0.0012256636616641003
2016-07-20,0.004887687143628305
2016-07-21,-0.006302047852742909
2016-07-22,0.0022620179296364284
2016-07-25,-0.001884659434592706
2016-07-26,-0.011287765095178592
2016-07-27,0.007791753597584439
2016-07-28,-0.007505616917679703
2016-07-29,-0.024520969873798926
2016-08-01,-0.0005865676187344349
2016-08-02,-0.014181840997368411
2016-08-03,0.005144451393278793
2016-08-04,-0.002568917527769443
2016-08-05,0.006508256874624863
2016-08-08,0.00773489928738158
2016-08-09,-0.005574859174085844
2016-08-10,-0.006790362163720864
2016-08-11,0.00187441479434991
2016-08-12,-0.004445110297450761
2016-08-15,9.899519881351182e-05
2016-08-16,-0.007352243749813248
2016-08-17,-0.00039896270228023667
2016-08-18,-0.0016973694854485188
2016-08-19,0.0016973694854485188
2016-08-22,9.975559886576946e-05
2016-08-23,-0.0004988775359144881
2016-08-24,0.00298953884836628
2016-08-25,0.0007957032446883616
2016-08-26,0.006145326109546545
2016-08-29,0.009147754736642533
2016-08-30,0.007705475823535757
2016-08-31,0.0044595323543497045
2016-09-01,-0.001548887047311709
2016-09-02,0.009257539596464248
2016-09-06,-0.0184060218940596
2016-09-07,-0.005490209869067009
2016-09-08,0.005490209869067009
2016-09-09,0.005654689923783707
2016-09-12,-0.008788260838855422
2016-09-13,0.0017638417115835026
2016-09-14,0.0018584638791656616
2016-09-15,-0.0008798944694392574
2016-09-16,0.0011730206623639106
2016-09-19,-0.005289462817398061
2016-09-20,-0.0015726364554335959
2016-09-21,-0.010282866955583891
2016-09-22,0.0017873105740955353
2016-09-23,0.0023781224049672645
2016-09-26,-0.0069520589861289395
2016-09-27,0.0001993024421151901
2016-09-28,0.002090280958166879
2016-09-29,0.00900773227469287
2016-09-30,-0.0026641685302717377
2016-10-03,0.0032552433184385166
2016-10-04,0.010969747612908698
2016-10-05,0.008438868645864517
2016-10-06,0.004721762566904708
2016-10-07,-0.0057848213768512124
2016-10-11,-0.0005803269337834038
2016-10-12,0.010777625493829213
2016-10-13,-0.008265304141478858
2016-10-14,0.004621614234281424
2016-10-17,-0.0013457658476339063
2016-10-18,-0.0015402390415015788
2016-10-19,-0.0048285946061952245
2016-10-20,0.005983996236751388
2016-10-21,0.00038483741094541557
2016-10-24,0.00230591954597692
2016-10-25,0.0004797313596442976
2016-10-26,0.0016293673034954992
2016-10-27,0.006871567408896162
2016-10-28,0.0024698407159595703
2016-10-31,-0.003135841406578521
2016-11-01,-0.004578849934506302
2016-11-02,-0.013185312045595587
2016-11-03,-0.00048451960829698493
2016-11-04,-0.0014549689748450945
2016-11-07,0.01522040749338327
2016-11-08,0.003626304193330654
2016-11-09,-0.0013344773689478728
2016-11-10,0.0162728283368736
2016-11-14,0.01619694721486553
2016-11-15,0.005892117948583575
2016-11-16,0.0020174238846095705
2016-11-17,0.004387575594447135
2016-11-18,0.007903743166106203
2016-11-21,0.005504683845397373
2016-11-22,-0.0012606935483336912
2016-11-23,0.01431407513812566
2016-11-25,0.005227032941969689
2016-11-28,-0.007183110741807219
2016-11-29,0.003731016142992871
2016-11-30,0.013737447456789731
2016-12-01,0.0
2016-12-02,-0.00508549978089512
2016-12-05,0.002984290813099477
2016-12-06,-0.0010522624611759568
2016-12-07,-0.004220157485396392
2016-12-08,0.005798136247123331
2016-12-09,0.00880832451223501
2016-12-12,0.0014749905064510571
2016-12-13,-0.0006938421787463511
2016-12-14,-0.0017367145733730993
2016-12-15,0.027939086967396776
2016-12-16,-0.004914014802428923
2016-12-19,-0.009729529683723648
2016-12-20,0.010748205493375629
2016-12-21,-0.000594101439074457
2016-12-22,-0.002635271640273551
2016-12-23,-0.002215595282136107
2016-12-27,0.0025560208173383003
2016-12-28,0.0011905775706884114
2016-12-29,-0.011454095651100893
2016-12-30,0.003946809070182411
2017-01-03,0.00767725343779091
2017-01-04,-0.002552541162994082
2017-01-05,-0.01649238549740062
2017-01-06,0.01196691135207928
2017-01-09,-0.006697603604335356
2017-01-10,-0.0028471612348388575
2017-01-11,0.004482766127511972
2017-01-12,-0.020771615450691172
2017-01-13,0.01013551708540561
2017-01-17,-0.018159190162987393
2017-01-18,0.003887617548720357
2017-01-19,0.016616035981360966
2017-01-23,-0.02103495611939632
2017-01-24,0.0064450847743007245
2017-01-25,-0.00026404964286630417
2017-01-26,0.009636517848274018
2017-01-27,0.0040024416086499315
2017-01-30,-0.011352842221039161
2017-01-31,-0.010062755932510825
2017-02-01,0.0050440352949721046
2017-02-02,-0.0071754748230423715
2017-02-03,-0.0005335704884261716
2017-02-06,-0.0008899172964280666
2017-02-07,-0.001603849581973904
2017-02-08,-0.003573346664524024
2017-02-09,0.013334716212695774
2017-02-10,-0.00017663163518477631
2017-02-13,0.005021815760403392
2017-02-14,0.00482182146690846
2017-02-15,-0.0014879001475893716
2017-02-16,-0.00711997030581113
2017-02-17,-0.004420482841431372
2017-02-21,0.005478497399656668
2017-02-22,-0.0001762580422290938
2017-02-23,-0.006898408890249286
2017-02-24,-0.003734333494118225
2017-02-27,-0.0022294564904052905
2017-02-28,0.00044628911348976175
2017-03-01,0.014177093731837509
2017-03-02,0.006926510529599916
2017-03-03,0.0013097578820637779
2017-03-06,-0.005951356616973769
2017-03-07,0.0006142775850213056
2017-03-08,0.005162543731744407
2017-03-09,0.0011339353127448604
2017-03-10,0.002698821992431988
2017-03-13,-0.0035709657770004455
2017-03-14,0.00017448961831068033
2017-03-15,0.00026167735331839026
2017-03-16,-0.01440643327853941
2017-03-17,-0.0031016020256231513
2017-03-20,-0.0007102903610354261
2017-03-21,-0.006147286497158788
2017-03-22,-0.00753501950441926
2017-03-23,0.0005401026326277147
2017-03-24,-0.0008102633799138559
2017-03-27,-0.004965925965137785
2017-03-28,0.0007238509183231656
2017-03-29,0.004422190321076158
2017-03-30,0.002787646245673514
2017-03-31,0.0004488934851156756
2017-04-03,-0.004047314064648866
2017-04-04,-0.0019846646117551714
2017-04-05,0.004145270421660463
2017-04-06,-0.001620016554466197
2017-04-07,-0.0023446669592548375
2017-04-10,0.0017139510758426013
2017-04-11,-0.010965717747773773
2017-04-12,-0.0018241522752546757
2017-04-13,-0.0028340285001231535
2017-04-14,-0.005508138409791918
2017-04-17,-0.0015661710327457001
2017-04-18,-0.0005533524073682017
2017-04-19,0.006070100492369335
2017-04-20,0.002564103968937914
2017-04-21,-0.00238073548946538
2017-04-24,0.0060323736534417804
2017-04-25,0.010334603810763454
2017-04-26,0.005755411570620872
2017-04-27,-0.003503259814658932
2017-04-28,0.002785642273995137
2017-05-01,0.0030463243700022957
2017-05-02,0.002501788295585783
2017-05-03,0.002495544967148433
2017-05-04,0.003199433941444063
2017-05-05,-0.0006213109861255006
2017-05-08,0.0018627760741907196
2017-05-09,0.011892841579761004
2017-05-10,-0.0014898561101208685
2017-05-11,-0.0021950050518109165
2017-05-12,-0.004139698517664492
2017-05-15,0.002116029708619571
2017-05-16,-0.0026457374988817506
2017-05-17,-0.015843678102307912
2017-05-18,-0.005758518702187132
2017-05-19,0.0058482329623288365
2017-05-22,-0.0028748559913269744
2017-05-23,0.004398768257916075
2017-05-24,0.0033980181135646603
2017-05-25,-0.0028607207065309836
2017-05-26,-0.00358744779365594
2017-05-30,-0.005586103362773542
2017-05-31,0.0002710149526494732
2017-06-01,0.004775859494388968
2017-06-02,-0.006765010240679992
2017-06-05,0.0
2017-06-06,-0.01046272565823081
2017-06-07,0.001827485888721725
2017-06-08,0.005099264373058965
2017-06-09,0.0046214571855287545
2017-06-12,-0.008078834844759797
2017-06-13,0.0036390142050040097
2017-06-14,-0.00875598443426906
2017-06-15,0.013647741629825738
2017-06-16,0.0016252825248139757
2017-06-19,0.0045008627605840346
2017-06-20,0.0010771993860290152
2017-06-21,0.0010760402759917298
2017-06-22,-0.001973625831272585
2017-06-23,-0.0008983919389624617
2017-06-26,0.0019753979665999566
2017-06-27,0.008396654960181493
2017-06-28,-0.0021371334937381192
2017-06-29,0.0012472161973100526
2017-06-30,0.0007119971820905846
2017-07-03,0.008151737502724465
2017-07-05,-0.0010595091932330547
2017-07-06,0.0007064641763268042
2017-07-07,0.00721262692262048
2017-07-10,-0.00017530020204414853
2017-07-11,0.0010513405559242628
2017-07-12,-0.008883474577581651
2017-07-13,0.00176538133942028
2017-07-14,-0.006458770517181023
2017-07-17,0.0008872327793438828
2017-07-18,-0.007745420426282124
2017-07-19,-0.0010730574221096134
2017-07-20,-0.00080554938345756
2017-07-21,-0.004487129488738972
2017-07-24,-0.0007198128797387682
2017-07-25,0.004221499959504271
2017-07-26,0.004739133473025348
2017-07-27,-0.004291084717826799
2017-07-28,-0.006741901576027054
2017-07-31,-0.004429385772905192
2017-08-01,-0.0004530832391402839
2017-08-02,0.0009059612868247413
2017-08-03,-0.0028111557846326463
2017-08-04,0.0057950180283539154
2017-08-07,0.0
2017-08-08,-0.00018058690793942844
2017-08-09,-0.006341175338447691
2017-08-10,-0.006107306709239424
2017-08-11,-0.0028384398492189433
2017-08-14,0.003843694674563025
2017-08-15,0.008549392683420365
2017-08-16,0.003435497457284775
2017-08-17,-0.00833791308611076
2017-08-18,-0.005109500167205461
2017-08-21,-0.003941162701897483
2017-08-22,0.004672691629910908
2017-08-23,-0.0023794282297950886
2017-08-24,0.001830831708767633
2017-08-25,-0.0009149968613488824
2017-08-28,-0.00018309988149667333
2017-08-29,-0.0018328450878728475
2017-08-30,0.010765545082679573
2017-08-31,-0.0012712250872013442
2017-09-01,0.0002725414506992152
2017-09-05,-0.010500941126784014
2017-09-06,-0.0017456019867347905
2017-09-07,-0.00451592859996186
2017-09-08,-0.005000473425432972
2017-09-11,0.012087805774891436
2017-09-12,0.00894819703305405
2017-09-13,0.005167970158442614
2017-09-14,0.0007231965601768309
2017-09-15,0.0016252825248139757
2017-09-18,0.005757482618969689
2017-09-19,8.969816573323186e-05
2017-09-20,8.969012069304227e-05
2017-09-21,0.0071492708442244535
2017-09-22,-0.00258570872074948
2017-09-25,-0.0033087443555270823
2017-09-26,0.004647014618158529
2017-09-27,0.005335242959631614
2017-09-28,-0.0008872327793438828
2017-09-29,-0.00017754105683565058
2017-10-02,-0.0003551767041418685
2017-10-03,0.0017746233583686433
2017-10-04,0.00035454706983717443
2017-10-05,-0.0008866034803673983
2017-10-06,-0.0005323396452565632
2017-10-10,-0.0047146820419543545
2017-10-11,0.0017817376651203531
2017-10-12,0.00026698705271410716
2017-10-13,-0.003922972220838261
2017-10-16,-0.0019672723862376174
2017-10-17,0.005356199200524436
2017-10-18,0.005504763967190129
2017-10-19,-0.0035479902395580964
2017-10-20,0.008494122916324898
2017-10-23,0.001408698947518161
2017-10-24,0.0022849117946899256
2017-10-25,-0.0019330469071752177
2017-10-26,0.00017588602630880246
2017-10-27,0.0008789663921788815
2017-10-30,-0.004932192489318865
2017-10-31,0.003261495244258228
2017-11-01,0.0036017081145542917
2017-11-02,-0.0017553102628751205
2017-11-03,0.003595075992717689
2017-11-06,-0.0030681593211774327
2017-11-07,0.0
2017-11-08,-0.0024613233241561616
2017-11-09,-0.0019381558353286366
2017-11-13,0.0019381558353286366
2017-11-14,-0.0010567102075231816
2017-11-15,-0.003088464841910721
2017-11-16,-0.0023004788060916326
2017-11-17,-0.008093609352707531
2017-11-20,0.004544044883986409
2017-11-21,-0.00026672594067811417
2017-11-22,-0.007497357503768676
2017-11-24,-0.0007169743988795219
2017-11-27,-0.004853069649073838
2017-11-28,0.001170485885221062
2017-11-29,0.005563546296123434
2017-11-30,0.0049096282507195
2017-12-01,-0.003746993410638666
2017-12-04,0.008189470730199488
2017-12-05,-0.0003546728180472414
2017-12-06,-0.003909725968410882
2017-12-07,0.003377480768230079
2017-12-08,0.007513847505836502
2017-12-11,-0.0018511178100943937
2017-12-12,0.0024673963875079252
2017-12-13,-0.00379172448465237
2017-12-14,-0.005581409838194773
2017-12-15,0.0010655302020383672
2017-12-18,-0.0024880055485807517
2017-12-19,0.005146874437524929
2017-12-20,0.0027400909882810964
2017-12-21,0.0011468397004845698
2017-12-22,-0.0010585745519211542
2017-12-26,-0.00088300226487803
2017-12-27,0.0007064641763268042
2017-12-28,-0.003803126681864555
2017-12-29,-0.0014188172992870562
2018-01-02,-0.004535961884067241
2018-01-03,0.0008910274134912299
2018-01-04,0.004443266885354014
2018-01-05,0.003540453335341809
2018-01-08,-0.0008839388889878563
2018-01-09,-0.004520282458677194
2018-01-10,-0.009730047752965376
2018-01-11,-0.0011668089103702428
2018-01-12,-0.001078264099438897
2018-01-16,-0.004415018209116717
2018-01-17,0.0006319115534125785
2018-01-18,0.0006315124933591321
2018-01-19,-0.002890175422233021
2018-01-22,0.005322280390845258
2018-01-23,-0.006227175937163487
2018-01-24,-0.01193038147708858
2018-01-25,-0.00413128886878944
2018-01-26,-0.0029482239891960305
2018-01-29,0.006804623957184397
2018-01-30,-0.0020181641562375674
2018-01-31,0.0037578523668297947
2018-02-01,0.0017366669508112054
2018-02-02,0.008185584586439809
2018-02-05,-0.002811920760683151
2018-02-06,-0.008300316728700352
2018-02-07,0.003200587982043146
2018-02-08,-0.004850602106511559
2018-02-09,-0.005150857598678726
2018-02-12,0.0025787452124239607
2018-02-13,-0.010448063237070926
2018-02-14,-0.005498872143911981
2018-02-15,-0.00599926808708684
2018-02-16,-0.002447520754881971
2018-02-20,0.010594014612117064
2018-02-21,0.0038162656266509387
2018-02-22,-0.006337393065017238
2018-02-23,-0.0029962569232342418
2018-02-26,0.0029962569232342418
2018-02-27,0.004756806059374341
2018-02-28,-0.00794062745844748
2018-03-01,0.002716247630793589
2018-03-02,-0.011855614963342198
2018-03-05,0.003024291124678946
2018-03-06,0.0005660377509615344
2018-03-07,-0.0008491768213261253
2018-03-08,0.0013206303211719117
2018-03-09,0.006202444468246249
2018-03-12,-0.002063209960066814
2018-03-13,0.0011259149247218048
2018-03-14,-0.004417092844971826
2018-03-15,-0.0009423295081028016
2018-03-16,0.00028279210255810483
2018-03-19,-0.0025480125143042542
2018-03-20,0.005559496062590874
2018-03-21,-0.0011282438203217282
2018-03-22,-0.009072071292658634
2018-03-23,-0.004853223590761679
2018-03-26,0.0016203596930415287
2018-03-27,0.0068337395785649235
2018-03-28,0.005471195611813862
2018-03-29,-0.0002822599632983369
2018-03-30,-0.0006589165767652005
2018-04-02,-0.0019793587686747216
2018-04-03,0.004330641300325233
2018-04-04,0.0010328154525902633
2018-04-05,0.008596576955211432
2018-04-06,-0.0041956147510067154
2018-04-09,0.0002802559689518702
2018-04-10,0.002239224671416906
2018-04-11,-0.004858006564612438
2018-04-12,0.004858006564612438
2018-04-13,0.0020482271381867534
2018-04-16,-0.002421083220060183
2018-04-17,-0.001586191141995208
2018-04-18,0.001586191141995208
2018-04-19,0.0014905909225344516
2018-04-20,0.0016742632503703447
2018-04-23,0.009434904879014994
2018-04-24,0.0037675211115910656
2018-04-25,0.0027477577281036503
2018-04-26,-0.0002744362639006681
2018-04-27,-0.0016482010873408726
2018-04-30,0.0014652017273277806
2018-05-01,0.003744809600762622
2018-05-02,0.0018216600355902557
2018-05-03,-0.007581675960917522
2018-05-04,0.0009165063422225117
2018-05-07,-0.00018323408205223046
2018-05-08,0.00018323408205223046
2018-05-09,0.004752339413920836
2018-05-10,-0.0013685509184035993
2018-05-11,-0.002468121368083054
2018-05-14,0.002376818012621129
2018-05-15,0.006643333346762148
2018-05-16,-0.00027214587186552563
2018-05-17,0.00488732984767104
2018-05-18,-0.0004515284313857393
2018-05-21,0.003336492567223459
2018-05-22,-0.0012611478115100994
2018-05-23,-0.008054706654617938
2018-05-24,-0.006838412789977433
2018-05-25,0.00045735194028395654
2018-05-29,-0.006698194516078004
2018-05-30,0.003859234781578458
2018-05-31,-0.0028470423786188803
2018-06-01,0.006965475875674976
2018-06-04,0.0015514490905692568
2018-06-05,-0.0002736102894544956
2018-06-06,0.003369306105968306
2018-06-07,-0.0007275373183777134
2018-06-08,-0.0042850045051672225
2018-06-11,0.004466938463642656
2018-06-12,0.0025436060225754176
2018-06-13,0.0017223409959559177
2018-06-14,0.00027167761090840514
2018-06-15,0.0012668538478326496
2018-06-18,-0.0012668538478326496
2018-06-19,-0.0038102196146416745
2018-06-20,0.0010901163870231656
2018-06-21,-0.0008174758618650912
2018-06-22,-0.0006362768928021012
2018-06-25,-0.0032786914616975693
2018-06-26,0.002732988856068097
2018-06-27,0.0038136793702454597
2018-06-28,0.00036245016707070477
2018-06-29,0.0029852118600199873
2018-07-02,0.00018063583864158517
2018-07-03,-0.0017173593048998015
2018-07-05,0.00045222268215194816
2018-07-06,-0.0009951599862318972
2018-07-09,0.0027117435039212268
2018-07-10,0.004143776760805906
2018-07-11,0.0025139176464499258
2018-07-12,0.007948954461491908
2018-07-13,-0.0002669157896537655
2018-07-16,-0.0008011750996050893
2018-07-17,0.004442872067378367
2018-07-18,0.0002659456600042631
2018-07-19,0.00141718358528653
2018-07-20,-0.011036067866113441
2018-07-23,-0.0034065474448929933
2018-07-24,-0.0008085164165008152
2018-07-25,-0.0022493149075932806
2018-07-26,0.001620016554466197
2018-07-27,-0.002340867189393414
2018-07-30,0.0003604902706664248
2018-07-31,0.008076863436004444
2018-08-01,-0.0014311272567830713
2018-08-02,-0.0021505384632289903
2018-08-03,-0.0032345041676586916
2018-08-06,0.002785892612874541
2018-08-07,-0.0021561413438053734
2018-08-08,-0.002070673708581161
2018-08-09,-0.0005408816502550096
2018-08-10,-0.0021664568863579703
2018-08-13,-9.037097290498508e-05
2018-08-14,0.002437154250518603
2018-08-15,-0.0027083161810450562
2018-08-16,0.002437814398592586
2018-08-17,-0.003161272560007866
2018-08-20,-0.001448488393761771
2018-08-21,0.000905551089681822
2018-08-22,0.000542937304079949
2018-08-23,0.005413221446658234
2018-08-24,0.0007195539076425561
2018-08-27,-0.0011695381657865767
2018-08-28,-0.00045018683513653457
2018-08-29,0.006821063962504148
2018-08-30,-0.005650999475474983
2018-08-31,-0.0017105563477688435
2018-09-04,0.004136324573795314
2018-09-05,0.0002691669299821342
2018-09-06,-0.0053971526172720274
2018-09-07,0.002792165741063002
2018-09-10,-0.0008098259316922096
2018-09-11,0.00404258736777674
2018-09-12,-0.00224386397607379
2018-09-13,0.005644923371892041
2018-09-14,0.0015177896757778697
2018-09-17,-0.0010711417608986196
2018-09-18,0.0029428834722926567
2018-09-19,-0.0008017460676228438
2018-09-20,0.0032919643591053926
2018-09-21,0.0003552397905917104
2018-09-24,0.0
2018-09-25,0.002305987718086655
2018-09-26,0.000354295840729435
2018-09-27,0.004065405510869091
2018-09-28,0.0008816010444929745
2018-10-01,0.004220899689057589
2018-10-02,-0.002635973760732213
2018-10-03,0.0046521918445812105
2018-10-04,-0.0035090833446398406
2018-10-05,-0.0020233127641464677
2018-10-09,-0.0037937316663949616
2018-10-10,-0.003719451684388808
2018-10-11,-0.004000538739933113
2018-10-12,-0.0021401827323677125
2018-10-15,-0.0017869911831871477
2018-10-16,0.0030359876877810166
2018-10-17,0.00044569239049518927
2018-10-18,-0.0008915835112732751
2018-10-19,0.003650451456154613
2018-10-22,0.002308034757379396
2018-10-23,-0.005869292082448574
2018-10-24,0.004094353739293233
2018-10-25,-0.0003553660307478168
2018-10-26,-0.007939735718966112
2018-10-29,0.007495350518567534
2018-10-30,0.0023973374411774273
2018-10-31,0.0008864462950821661
2018-11-01,-0.000620429889168328
2018-11-02,0.00265627923141043
2018-11-05,0.0011488667252779194
2018-11-06,0.0014121802876436718
2018-11-07,-0.0005293339338416914
2018-11-08,0.004841771860197852
2018-11-09,-0.000878580270888385
2018-11-13,0.001756389316018847
2018-11-14,-0.0023718551111535646
2018-11-15,-0.0021130488580691775
2018-11-16,-0.00618868565250974
2018-11-19,-0.001952952240778849
2018-11-20,0.0010657194614349663
2018-11-21,0.003544217780577341
2018-11-23,-0.0020363900967899085
2018-11-26,0.006625173298931308
2018-11-27,0.0022865193323102773
2018-11-28,0.0010535558481112872
2018-11-29,-0.004749767043826125
2018-11-30,0.001057455156698417
2018-12-03,0.0
2018-12-04,-0.005387040007001076
2018-12-06,-0.00417055487152318
2018-12-07,0.0012441128415341396
2018-12-10,0.0031920580393416387
2018-12-11,0.003975797082307331
2018-12-12,-0.00114694088182965
2018-12-13,0.003348905923566292
2018-12-14,-0.002731158915437959
2018-12-17,-0.003446603208606014
2018-12-18,-0.003725059739799086
2018-12-19,-0.003471453038915051
2018-12-20,-0.007248678210856063
2018-12-21,-0.001797914903586495
2018-12-26,-0.006227737985648574
2018-12-27,0.0029833227388316175
2018-12-28,-0.0039797447606737535
2018-12-31,-0.005817140563099343
2019-01-02,-0.004385170557177354
2019-01-03,-0.010585031408933077
2019-01-04,0.0020336483252139104
2019-01-07,0.0030427389664104965
2019-01-08,-0.0004604263629381933
2019-01-09,-0.0017515561057930285
2019-01-10,-0.0008307564976792747
2019-01-11,0.00046161658946441975
2019-01-15,0.003501339613135812
2019-01-16,0.0011031440721565033
2019-01-17,0.0015607072252219467
2019-01-18,0.00712982910637372
2019-01-22,-0.00410715677978768
2019-01-23,0.0009141604073867882
2019-01-24,0.0025552121951628592
2019-01-25,-0.0010942915554874588
2019-01-28,-0.003656311203110718
2019-01-29,0.0014641291048897997
2019-01-30,0.0019184220016077447
2019-01-31,-0.006684700502257002
2019-02-01,0.006502152126429905
2019-02-04,0.0037355972555701555
2019-02-05,0.0002727892719800451
2019-02-06,-0.002184400613744586
2019-02-07,-0.00045568467409573543
2019-02-08,0.0005467966963905724
2019-02-11,0.005813969865419821
2019-02-12,0.0009053871148125836
2019-02-13,0.0032526230338509876
2019-02-14,-0.0016249890729334027
2019-02-15,-0.0012657085136087431
2019-02-19,0.0012657085136087431
2019-02-21,0.0003613369506334507
2019-02-22,-0.00018065215476781304
2019-02-25,0.003336793464437271
2019-02-26,-0.002794934876267696
2019-02-27,0.0014435224448163808
2019-02-28,0.004138557413945421
2019-03-01,0.004568467658106812
2019-03-04,-0.0018786068055671734
2019-03-05,0.0026826449066854607
2019-03-06,-0.0028617440385332316
2019-03-07,-0.0005374899350041318
2019-03-08,-0.004400348351293104
2019-03-11,0.0008996042348332622
2019-03-12,0.001527472330772106
2019-03-13,-0.0013476485575845132
2019-03-14,0.004306097978818535
2019-03-15,-0.0012540309776678527
2019-03-18,-0.0014351065338633617
2019-03-19,-0.0002693119097028074
2019-03-20,0.0002693119097028074
2019-03-21,-0.004948946079566419
2019-03-22,-0.009971980014083393
2019-03-25,0.0030020491047366704
2019-03-26,0.0037173078754957345
2019-03-27,-0.0010865629464529292
2019-03-28,0.001448488393761771
2019-03-29,0.0012657085136087431
2019-04-01,0.00549625206660842
2019-04-02,0.0002695296723560503
2019-04-03,0.00143626595605717
2019-04-04,0.0006277182647940194
2019-04-05,0.0014333067042153758
2019-04-08,-0.00215073118122433
2019-04-09,-0.0035048339629337733
2019-04-10,-0.001441441691021339
2019-04-11,0.005035981866170047
2019-04-12,0.0046536686813469785
2019-04-15,0.0
2019-04-16,-0.00044652825032986954
2019-04-17,0.00044652825032986954
2019-04-18,-0.0005358578318803708
2019-04-19,-0.00017868310598778692
2019-04-22,0.00017868310598778692
2019-04-23,-0.0007149240697721382
2019-04-24,-0.0004470872341650889
2019-04-25,-0.0019695619616664217
2019-04-26,8.960974960015022e-05
2019-04-29,0.0017905107737883341
2019-04-30,-0.0035842332278148703
2019-05-01,-0.0019768179678605335
2019-05-02,0.001887047331774916
2019-05-03,-0.000988009241910781
2019-05-06,-0.003781403623528412
2019-05-07,-0.0047016361473746215
2019-05-08,-0.001995827569877484
2019-05-09,-0.0051896142329317385
2019-05-10,9.127835340194679e-05
2019-05-13,-0.003474448041265177
2019-05-14,0.004569138900446745
2019-05-15,-0.0009121591437892818
2019-05-16,0.002824989348563456
2019-05-17,9.099595074335554e-05
2019-05-20,0.0005458018874691106
2019-05-21,0.0058034257911891984
2019-05-22,-0.0028975029326385737
2019-05-23,-0.006367710045326547
2019-05-24,-0.001826818191642765
2019-05-28,0.0010051629667069406
2019-05-29,-0.00228592427982921
2019-05-30,0.0039285601666128045
2019-05-31,-0.0092521156487404
2019-06-03,-0.002487907295718017
2019-06-04,-0.0008306798207140531
2019-06-05,-0.0009237875945631302
2019-06-06,-0.0011096727604380519
2019-06-07,0.0006474587471245741
2019-06-10,0.00378386312754575
2019-06-11,-0.00036852773588247345
2019-06-12,-0.0009219139585390224
2019-06-13,0.0001844507982724508
2019-06-14,0.0
2019-06-17,0.001105990896149045
2019-06-18,-0.001567181698955089
2019-06-19,-0.00027681661076428554
2019-06-20,-0.007782140442055052
2019-06-21,0.000278978938899499
2019-06-24,-0.0017681824903670318
2019-06-25,-0.004106781952653904
2019-06-26,0.006711434587987064
2019-06-27,0.0008357710473960722
2019-06-28,0.0010205502578957137
2019-07-01,0.005363926668195518
2019-07-02,-0.004066549042051726
2019-07-03,-0.001297377626143792
2019-07-05,0.006562249160303679
2019-07-08,0.00156487351858825
2019-07-09,0.0005517241519257254
2019-07-10,-0.003130469364349686
2019-07-11,-0.0013842109901762711
2019-07-12,-0.002681586516068535
2019-07-15,-0.0010190375609715474
2019-07-16,0.004254538419119491
2019-07-17,-0.002310003337205657
2019-07-18,-0.0033358073927747256
2019-07-19,0.00037119525296347433
2019-07-22,0.0012054338702913725
2019-07-23,0.001389082040277323
2019-07-24,0.00018506523602379588
2019-07-25,0.004615534825361145
2019-07-26,0.0010125650977910183
2019-07-29,0.001562859430958241
2019-07-30,-0.0018389118826771522
2019-07-31,-0.0007365126460721072
2019-08-01,-0.0027667637312038806
2019-08-02,-0.01526178887564722
2019-08-05,-0.005830920310793353
2019-08-06,0.0040476357798286955
2019-08-07,-0.007827644060701466
2019-08-08,0.003968634142037075
2019-08-09,-0.00700296228089492
2019-08-12,0.0007594456412105544
2019-08-13,0.011510646950603665
2019-08-14,-0.007627514733060892
2019-08-15,0.0031145322708558965
2019-08-16,0.002070978806653301
2019-08-19,0.0015034770732880176
2019-08-20,-0.0014094435032339092
2019-08-21,0.0015972192994855305
2019-08-22,-0.0007513148362434663
2019-08-23,-0.010768026969558697
2019-08-26,0.006625674972137396
2019-08-27,-0.001888574687868072
2019-08-28,0.0005669470056428594
2019-08-29,0.006027518719638358
2019-08-30,-0.0018796998015782052
2019-09-03,-0.003958907989001226
2019-09-04,0.0037707435327121175
2019-09-05,0.006377811902074981
2019-09-06,-0.0014970062675931928
2019-09-09,0.003178463926719388
2019-09-10,0.001864976295868459
2019-09-11,0.003626730157418656
2019-09-12,0.0022253138529482186
2019-09-13,0.0013883106491974218
2019-09-16,-0.001666204217749545
2019-09-17,0.001666204217749545
2019-09-18,0.0004623422339511407
2019-09-19,-0.0015728365179779047
2019-09-20,-0.00046307016340385587
2019-09-23,-0.00445641810775399
2019-09-24,-0.0013967132956391737
2019-09-25,0.004277086947928055
2019-09-26,-0.0010211186777251413
2019-09-27,0.0035230891252693297
2019-09-30,0.000555144351785053
2019-10-01,-0.0037996431423374943
2019-10-02,-0.004560056294194759
2019-10-03,-0.004206203331824199
2019-10-04,0.001404034489084438
2019-10-07,0.0014020659398275015
2019-10-08,0.0
2019-10-09,0.003450047713215554
2019-10-10,0.0044580736971910895
2019-10-11,0.00563694141508897
2019-10-15,0.002852543917239103
2019-10-16,-0.0011032454920618662
2019-10-17,-0.0018414515837923418
2019-10-18,-0.0006453100016514668
2019-10-21,0.001198101613296032
2019-10-22,-9.211071714698704e-05
2019-10-23,0.0007366482837722899
2019-10-24,-0.00018411120368710954
2019-10-25,0.001196117362094462
2019-10-28,0.00247968166734136
2019-10-29,-0.0017443199281643729
2019-10-30,0.0004593266352399539
2019-10-31,-0.007282144915098598
2019-11-01,0.0006473988665423036
2019-11-04,0.003691403231959711
2019-11-05,0.005236816598384486
2019-11-06,-0.002477179118944406
2019-11-07,0.005131035629625913
2019-11-08,-0.0025622268775942203
2019-11-12,-0.0004582321484205565
2019-11-13,-0.0023861979016945867
2019-11-14,-0.004604907750493936
2019-11-15,0.004329210464366184
2019-11-18,-0.0017478501298979765
2019-11-19,-0.00018416206313531802
2019-11-20,0.0007364448459510342
2019-11-21,-0.0012891346168366624
2019-11-22,0.0012891346168366624
2019-11-25,0.0025732943158685018
2019-11-26,0.0014674862763781604
2019-11-27,0.002471510251619513
2019-11-29,0.000822481197839231
2019-12-02,-0.0034773095068008075
2019-12-03,-0.005146597151741261
2019-12-04,0.0031278774351646277
2019-12-05,-0.0016547163179927438
2019-12-06,-0.00027605245171891113
2019-12-09,-0.0006444188945673446
2019-12-10,0.0012884227808491744
2019-12-11,-0.0005519779348981402
2019-12-12,0.004498928765377386
2019-12-13,0.0010986999823421328
2019-12-16,0.0032888756121050022
2019-12-17,-0.0010950904543918227
2019-12-18,0.0005476951300762423
2019-12-19,-0.003199125254817581
2019-12-20,0.0020120731134198877
2019-12-23,-0.0005483458371724481
2019-12-24,-9.142021307262382e-05
2019-12-26,0.002647798853490535
2019-12-27,-0.001825317655651304
2019-12-30,-0.005679751435909708
2019-12-31,-0.0016550206057956984
2020-01-02,-0.0022109635906701897
2020-01-03,-0.00452928629359306
2020-01-06,0.0038835000263972574
2020-01-07,0.0015676152410293298
2020-01-08,0.004596441260366291
2020-01-09,0.004027465398175778
2020-01-10,0.0002740101400897643
2020-01-13,0.003919250334217139
2020-01-14,0.0010910083816977334
2020-01-15,-0.0010000455399561403
2020-01-16,0.001999091987885393
2020-01-17,0.0
2020-01-21,-0.0019081374196296963
2020-01-22,-0.00018191740999728978
2020-01-23,-0.004924321459073511
2020-01-24,-0.0007315958259548339
2020-01-27,-0.0032988209151154635
2020-01-28,0.0020172389015495895
2020-01-29,-0.00018321729622527982
2020-01-30,-0.0036714130271597867
2020-01-31,-0.0023014969882790837
2020-02-03,0.0008291492482950247
2020-02-04,0.007522971259889211
2020-02-05,0.0030116381421310123
2020-02-06,0.0013659338280032074
2020-02-07,-0.0007282658492107075
2020-02-10,-0.0003643319103971976
2020-02-11,9.10954225181726e-05
2020-02-12,0.0020020026706735194
2020-02-13,-0.0017287661827944945
2020-02-14,-0.0003643319103971976
2020-02-18,0.0002732613762050917
2020-02-19,0.012400032170093667
2020-02-20,0.006187528147918009
2020-02-21,-0.001073345362438971
2020-02-24,-0.010616384011642666
2020-02-25,-0.0029892680441356845
2020-02-26,0.001178657373860581
2020-02-27,-0.0019046761007324164
2020-02-28,-0.018601351840105806
2020-03-02,-0.0009253262435020559
2020-03-03,-0.006874156191321923
2020-03-04,0.0005591277752596824
2020-03-05,-0.00729315995660329
2020-03-06,-0.011799825399573471
2020-03-09,-0.026850479896634916
2020-03-10,0.011540641105772131
2020-03-11,0.010550644580443524
2020-03-12,0.008171843270853074
2020-03-13,0.013908691466646417
2020-03-16,-0.014192634490654221
2020-03-17,0.01661620018102372
2020-03-18,0.009635949662928134
2020-03-19,0.014918136912149826
2020-03-20,0.011021884096465762
2020-03-23,0.0005389383046106033
2020-03-24,0.0007181328854404256
2020-03-25,-8.973841258708148e-05
2020-03-26,-0.01792876709009139
2020-03-27,-0.011856211674217576
2020-03-30,-0.0009249838787344089
2020-03-31,-0.004916750013484794
2020-04-01,-0.00447386336674338
2020-04-02,0.007445357799474195
2020-04-03,0.006285259622758055
2020-04-06,0.005329915209083325
2020-04-07,-0.0012839326782119187
2020-04-08,-0.002480820861631372
2020-04-09,-0.0029482239891960305
2020-04-10,9.226368969095233e-05
2020-04-13,-0.007408127221840921
2020-04-14,-0.004751487953665645
2020-04-15,0.0031701658251614973
2020-04-16,0.002788883466084968
2020-04-17,-0.001858391168559237
2020-04-20,0.0015798525659498353
2020-04-21,0.0
2020-04-22,0.0011136892102374674
2020-04-23,-0.0014851947406544497
2020-04-24,-0.001952671595390143
2020-04-27,-0.0020497538155908046
2020-04-28,-0.003644012441594846
2020-04-29,-0.0014988293204050152
2020-04-30,0.002527972883194174
2020-05-01,-0.0016846049842618172
2020-05-04,0.0005618503753002102
2020-05-05,-0.0028124139658922687
2020-05-06,-0.004233507428352823
2020-05-07,0.002730312857440076
2020-05-08,0.0013154187746611257
2020-05-11,0.011204599012862637
2020-05-12,-0.003441383668909559
2020-05-13,-0.003827309222715236
2020-05-14,0.001588711142066046
2020-05-15,0.001679418196554039
2020-05-18,-0.00018646280121181746
2020-05-19,0.005949631755122198
2020-05-20,-0.0039935042625733885
2020-05-21,0.0021380440401141954
2020-05-22,-0.001765881773072131
2020-05-26,0.001301478290987923
2020-05-27,0.001392563934832225
2020-05-28,-0.0011138959659113823
2020-05-29,0.0009283327811147046
2020-06-01,-0.0019504952080762195
2020-06-02,0.009622576099170388
2020-06-03,0.0025749508433756674
2020-06-04,0.0011015238859330978
2020-06-05,0.006219153024915158
2020-06-08,-0.011185593841144481
2020-06-09,-0.007403328280102706
2020-06-10,-0.003815555324685249
2020-06-11,-0.0054226011707347865
2020-06-12,0.006447716585980423
2020-06-15,-0.0002794727299386679
2020-06-16,0.00018632383135663844
2020-06-17,-0.0008387307700106206
2020-06-18,-0.004485150482739009
2020-06-19,0.0010296252138140005
2020-06-22,-0.00046788004409403783
2020-06-23,-0.003750942132271895
2020-06-24,0.003657339848308183
2020-06-25,0.0035507419103515403
2020-06-26,-0.00018656716471987522
2020-06-29,0.004839469659250639
2020-06-30,0.000556896246061811
2020-07-01,-0.0025084790410234703
2020-07-02,0.00046500814602179474
2020-07-06,-0.00046500814602179474
2020-07-07,0.0002790308347178083
2020-07-08,-0.0013028105323096284
2020-07-09,-0.001118047260787236
2020-07-10,-0.00467203241912717
2020-07-13,0.004205810209180427
2020-07-14,-0.00018654976268983603
2020-07-15,-0.002615357365983506
2020-07-16,0.0012151237649735691
2020-07-17,9.340992954420813e-05
2020-07-20,0.0014001029029122591
2020-07-21,-0.0036443529565239885
2020-07-22,0.0033644891550803635
2020-07-23,-0.0032708781089079153
2020-07-24,-0.009782788959113553
2020-07-27,-0.004737549130014784
2020-07-28,-0.002472424233983972
2020-07-29,0.0002855918911315314
2020-07-30,-9.518823480636485e-05
2020-07-31,0.0069250383468242305
2020-08-03,0.0031148262476650146
2020-08-04,-0.002264365530209922
2020-08-05,-0.004069855601091632
2020-08-06,0.0007584376548619431
2020-08-07,0.003783583779639166
2020-08-10,-0.00066109460782382
2020-08-11,0.006685209211204857
2020-08-12,0.002717774973077347
2020-08-13,0.0003742865206977086
2020-08-14,-0.003749184258562188
2020-08-17,-0.004895048840547034
2020-08-18,-0.005298526919647273
2020-08-19,0.0028419875134737538
2020-08-20,0.0009455371354984976
2020-08-21,0.0006613444428307247
2020-08-24,0.00018887524846000758
2020-08-25,0.004710324300183366
2020-08-26,-0.002540819133812988
2020-08-27,0.0027287713944925684
2020-08-28,-0.010580110028294065
2020-08-31,0.0051151006667709
2020-09-01,0.0015105743053664966
2020-09-02,0.0014140940371980548
2020-09-03,-9.421074951632136e-05
2020-09-04,0.0018825306764433947
2020-09-08,-0.0034854728894471165
2020-09-09,0.0024505196051771705
2020-09-10,-0.0003766123761677065
2020-09-11,-0.00018835939027272985
2020-09-14,-0.004625922811412053
2020-09-15,-0.0017047072979483602
2020-09-16,-0.005322194657555457
2020-09-17,-0.0016212868936920088
2020-09-18,-0.0031547275339454117
2020-09-21,0.002390858500334936
2020-09-22,0.0034328249597459504
2020-09-23,0.002756786764233965
2020-09-24,0.0007591573718173095
2020-09-25,0.0016112983913627588
2020-09-28,-0.000852716902302042
2020-09-29,0.0017047072979483602
2020-09-30,-0.0009467008185994885
2020-10-01,-0.00047368671247127736
2020-10-02,-0.001612215247972948
2020-10-05,0.0032218354411659433
2020-10-06,-0.0005678054472602057
2020-10-07,0.003118947757813295
2020-10-08,9.436187787148498e-05
2020-10-09,-0.0024563073285284176
2020-10-13,-0.0016093154417582411
2020-10-14,-0.004462809476990515
2020-10-15,0.0028508999638008348
2020-10-16,0.0002846434859575808
2020-10-19,9.486315996287686e-05
2020-10-20,0.0013271402080627936
2020-10-21,-0.009327182875138895
2020-10-22,0.0028645106954598987
2020-10-23,-0.0009539254753709869
2020-10-26,0.000763213164312937
2020-10-27,-0.004013383313457908
2020-10-28,-0.001053791351050215
2020-10-29,0.003444649851385151
2020-10-30,-0.001433829046487034
2020-11-02,0.002483998602165194
2020-11-03,-0.0028667004820759345
2020-11-04,-0.0010531859846585334
2020-11-05,-0.006921108085186312
2020-11-06,-0.003381809107381173
2020-11-09,0.021637991167830606
2020-11-10,-0.0020859019604442253
2020-11-12,-0.0019000575733452152
2020-11-13,-0.005243850506011505
2020-11-16,-0.000669376070892902
2020-11-17,-0.003257643965509871
2020-11-18,-0.004617168648803016
2020-11-19,0.001252589651658198
2020-11-20,-0.0003852451169672477
2020-11-23,0.005858922777251863
2020-11-24,0.0018179213732629762
2020-11-25,-0.002105263935462176
2020-11-30,-9.579920493951732e-05
2020-12-01,0.00019158923327111665
2020-12-02,0.0011487652038733032
2020-12-03,-0.007201529035224752
2020-12-04,0.003751266843072365
2020-12-07,-0.0014411300952179573
2020-12-08,0.0012490993697111819
2020-12-09,0.0013434413305484227
2020-12-10,0.0001917729414255831
2020-12-11,-0.004034975212179326
2020-12-14,0.0017312690676103415
2020-12-15,-0.0035619772919712744
2020-12-16,-0.000964878500175459
2020-12-17,-0.0044504717420332796
2020-12-18,0.00213095779979966
2020-12-21,0.000870448335824392
2020-12-22,0.0017386269230401652
2020-12-23,-0.0009655306340512482
2020-12-28,0.003086422203189443
2020-12-29,-0.0032796402503567634
2020-12-30,-0.0018374358440693683
2020-12-31,-0.0011622277337313136
2021-01-04,0.0
2021-01-05,-0.004759832193109936
2021-01-06,0.005341114906629585
2021-01-07,0.005698021114637797
2021-01-08,0.00048139412665992865
2021-01-11,0.0025955313778194267
2021-01-12,-0.0006722689328828579
2021-01-13,-0.0017307696628217073
2021-01-14,-0.00240882710299406
2021-01-15,0.001349657970227014
2021-01-19,0.0005778676843846142
2021-01-21,-0.002796125815384798
2021-01-22,0.00183282740740065
2021-01-25,0.00019273393140561978
2021-01-26,-0.0008675953694075034
2021-01-27,0.0038502309571901705
2021-01-28,0.0021113251605031635
2021-01-29,0.003158653021008817
2021-02-01,0.003148707338818113
2021-02-02,0.0011425308297985382
2021-02-03,-0.00038069858649603106
2021-02-04,0.0036107982978492714
2021-02-05,9.484516533841969e-05
2021-02-08,-0.002373832003014442
2021-02-09,-0.005433500808717184
2021-02-10,0.0004778059243273347
2021-02-11,0.0007640149354548598
2021-02-12,0.0018121994563182753
2021-02-16,0.00891761910033484
2021-02-17,-0.00047234425326792007
2021-02-18,-0.0013237520843771833
2021-02-19,-0.0010413216257854074
2021-02-22,-0.004937343869654498
2021-02-23,0.0014267372943805867
2021-02-24,0.0066313240353812475
2021-02-25,0.002922738138675385
2021-02-26,0.003946260876200647
2021-03-01,0.00037502344336015625
2021-03-02,0.000655952794920367
2021-03-03,0.0015912391619838928
2021-03-04,0.006153865574378692
2021-03-05,0.006116227017435527
2021-03-08,0.006262683943027092
2021-03-09,-0.0025740039951731575
2021-03-10,-0.0005524353330814691
2021-03-11,-0.0012902038468398658
2021-03-12,0.003957485262623628
2021-03-15,0.002202037773918697
2021-03-16,-0.000916926526739914
2021-03-17,0.0019245755837404843
2021-03-18,-0.002291581735212489
2021-03-19,-0.001101827308239045
2021-03-22,-0.0016550206057956984
2021-03-23,-0.0005522827828157162
2021-03-24,0.0018397576709761054
2021-03-25,0.0029365901620774792
2021-03-26,0.0038412339164768383
2021-03-29,0.0016417369612327093
2021-03-30,0.004183345496977964
2021-03-31,0.0038043524144768526
2021-04-01,0.0
2021-04-02,0.0005422993625314732
2021-04-05,-0.0053454260916607765
2021-04-06,-0.002273658384778443
2021-04-07,-0.0014578590281377757
2021-04-08,-0.003837022796417955
2021-04-09,0.0035634374588857654
2021-04-12,-0.0019171960042330127
2021-04-13,-0.002195591404377417
2021-04-14,-0.0023840099316201346
2021-04-15,-0.0013779800995399327
2021-04-16,0.0
2021-04-19,-0.006363280566702656
2021-04-20,-0.0001850481130372117
2021-04-21,0.0001850481130372117
2021-04-22,0.0007398502140860685
2021-04-23,-0.002128546451700686
2021-04-26,0.001666204217749545
2021-04-27,0.004061294118367087
2021-04-28,0.002300226436307007
2021-04-29,0.001194029992607426
2021-04-30,0.0035735594908654633
2021-05-03,-0.0022892734690058703
2021-05-04,0.00238073548946538
2021-05-05,-0.0006404098841992223
2021-05-06,-0.0009155832904754746
2021-05-07,-0.005971812501447182
2021-05-10,0.0016573063364324625
2021-05-11,-0.0015651616692400339
2021-05-12,0.009171851877731285
2021-05-13,0.00027386005922203083
2021-05-14,-0.0017357150477428362
2021-05-17,-0.001830329054955726
2021-05-18,-0.0014666791519113431
2021-05-19,-0.002296001375997392
2021-05-20,0.0002757986687216274
2021-05-21,0.0013778535225368316
2021-05-24,-0.001194029992607426
2021-05-25,0.0012858194277081125
2021-05-26,0.0013758314483958145
2021-05-27,0.0064867067705973724
2021-05-28,0.00018211619063279727
2021-06-01,-0.003648640369902978
2021-06-02,0.0014610540449488951
2021-06-03,0.006276456680295084
2021-06-04,-0.007828897519916111
2021-06-07,-0.0015548546599806201
2021-06-08,0.002011705140766651
2021-06-09,0.0012780721111660398
2021-06-10,-0.0010953903422983302
2021-06-11,0.0023718310699472056
2021-06-14,0.0020934791243876205
2021-06-15,0.0012721491947385033
2021-06-16,-0.002181819047334166
2021-06-17,0.0036337249285232076
2021-06-18,-0.0006349494521451504
2021-06-21,9.073175163898384e-05
2021-06-22,0.004797040470155167
2021-06-23,0.0009927350664140633
2021-06-24,0.000450917624990943
2021-06-25,-0.001172809011691811
2021-06-28,-0.0025307316471501196
2021-06-29,0.0002714563650556556
2021-06-30,0.004693573017572561
2021-07-01,0.004582012418851811
2021-07-02,-0.0025130151441006277
2021-07-06,-0.005587110145223839
2021-07-07,-0.0003615329034314385
2021-07-08,-0.007258242715805885
2021-07-09,0.003272730193843998
2021-07-12,0.00163235730451472
2021-07-13,0.0
2021-07-14,-0.002994693467263332
2021-07-15,0.00018175209064885678
2021-07-16,0.0007266782043817699
2021-07-19,-0.006193662207980566
2021-07-20,0.0042850045051672225
2021-07-21,0.0027255399810508507
2021-07-22,-0.0010893247264558426
2021-07-23,0.0038074563265819705
2021-07-26,-0.0019019160739253138
2021-07-27,-0.006092312546705614
2021-07-28,0.003823400197028093
2021-07-29,-0.004827187295957991
2021-07-30,0.0015508829455299633
2021-08-02,-0.004385170557177354
2021-08-03,-0.0011909671143426337
2021-08-04,0.0032032242645749776
2021-08-05,0.002828598081040745
2021-08-06,0.004273316499808999
2021-08-09,0.00027214587186552563
2021-08-10,0.002626932078161559
2021-08-11,-0.0006334555209326354
2021-08-12,-0.0009962415350992515
2021-08-13,-0.005542697393804197
2021-08-16,-0.0044746889877087526
2021-08-17,0.0030157665077288343
2021-08-18,0.0030066989987380666
2021-08-19,-0.0015477765187581483
2021-08-20,0.00018221574394416962
2021-08-23,9.10954225181726e-05
2021-08-24,-0.0009113278676844416
2021-08-25,0.0031860206277629644
2021-08-26,0.0005451572004906424
2021-08-27,-0.002273451622596845
2021-08-30,0.0006370876210937126
2021-08-31,0.0012729588916613466
2021-09-01,-0.00018175209064885678
2021-09-02,-0.00018178513047750755
2021-09-03,-0.003368999316759158
2021-09-07,0.0048223559173887764
2021-09-08,0.0013606061330726504
2021-09-09,-0.005089069507470789
2021-09-10,0.0015476356131971514
2021-09-13,9.096284174159308e-05
2021-09-14,-0.00255009245661153
2021-09-15,-0.002373779988022129
2021-09-16,0.0024649667842364664
2021-09-17,0.0024589056603971926
2021-09-20,-0.004284223316048497
2021-09-21,-0.0012797076700721277
2021-09-22,0.0023752980289071246
2021-09-23,0.005278497876672894
2021-09-24,0.004979864517385302
2021-09-27,0.0022554026431134133
2021-09-28,0.003238869228143315
2021-09-29,0.00448109729948154
2021-09-30,-0.0029552701399238046
2021-10-01,-0.004764696387701051
2021-10-04,-0.0002703798853840311
2021-10-05,0.004048042230009763
2021-10-06,-0.0005387931164824167
2021-10-07,0.0015258271595577355
2021-10-08,0.005812670066044134
2021-10-12,0.013638185174797535
2021-10-13,-0.0017607188279677999
2021-10-14,0.0008807469302825055
2021-10-15,0.006318581794356959
2021-10-18,-0.0007876428009696568
2021-10-19,0.00043765592190503355
2021-10-20,-0.00026257056734824147
2021-10-21,-0.004298440760214461
2021-10-22,-0.0018478600884792584
2021-10-25,0.001408203013910203
2021-10-26,0.004300326957066503
2021-10-27,-0.0038606698824974472
2021-10-28,-0.0032580489349021136
2021-10-29,0.0057165627731095014
2021-11-01,0.0014021560442900594
2021-11-02,-0.0035969683910552774
2021-11-03,0.002457866405891629
2021-11-04,-0.0037770697984758073
2021-11-05,-0.0015853447040665714
2021-11-08,-0.002647839146304065
2021-11-09,-0.002477658112011838
2021-11-10,0.00899635631872453
2021-11-12,8.780016687737202e-05
2021-11-15,0.000526639176571031
2021-11-16,0.005774799493883265
2021-11-17,-0.0025333055697123186
2021-11-18,-0.0009625903171617267
2021-11-19,-0.003596021942918526
2021-11-22,0.007702445082632181
2021-11-23,0.0025253638187141547
2021-11-24,0.0031260879921219953
2021-11-26,-0.016433936288845707
2021-11-29,0.002552705932638233
2021-11-30,-0.004670229222545785
2021-12-01,-0.0035392002966840863
2021-12-02,0.0024787548102453982
2021-12-03,-0.0019470755775161663
2021-12-06,0.0038021178479166196
2021-12-07,0.0026441051893373313
2021-12-08,0.0019345767553122784
2021-12-09,-0.0026389881606831977
2021-12-10,-0.0014985237940168261
2021-12-13,0.000529147203456759
2021-12-14,0.0018498133440356668
2021-12-15,0.001758551407207598
2021-12-16,-0.0014065936385057043
2021-12-17,-0.0009681820938487462
2021-12-20,-0.0009691203789197189
2021-12-21,0.005800684220737651
2021-12-22,0.0009635177901285985
2021-12-23,0.0017494756036660064
2021-12-27,0.003751040294724284
2021-12-28,-0.0008710801944529223
2021-12-29,0.0019153758249945696
2021-12-30,0.0017380729151668106
2022-01-03,0.0008679049321056453
2022-01-04,0.007346936543507709
2022-01-05,-0.0018101112557760146
2022-01-06,-0.0011221892497950137
2022-01-07,-0.0014693809636279198
2022-01-10,-0.004073678439566741
2022-01-11,0.0020822495810799424
2022-01-12,-0.005562329655018239
2022-01-13,-0.005944073445331988
2022-01-14,-0.0014915554421337518
2022-01-18,0.006214733994379884
2022-01-19,-0.002796226918067468
2022-01-20,-0.001751620696586187
2022-01-21,-0.0031606698831865288
2022-01-24,0.0008789663921788815
2022-01-25,0.0005270092348590438
2022-01-26,0.003943741144041724
2022-01-27,0.009921752409885798
2022-01-28,-0.0022542059138022097
2022-01-31,8.679425427438048e-05
2022-02-01,-0.003913218611660163
2022-02-02,-0.0035787582384658734
2022-02-03,0.004536737845802996
2022-02-04,0.0029552390043230403
2022-02-07,-0.001128913323837466
2022-02-08,0.004594520673930624
2022-02-09,-0.0015580371887145006
2022-02-10,0.003459014171791175
2022-02-11,0.0006040992632465603
2022-02-14,-0.0016405477927188272
2022-02-15,-0.0006915629597887829
2022-02-16,-0.001990911715831878
2022-02-17,-0.0032980415243946126
2022-02-18,0.00043457477542840905
2022-02-22,-0.0012172856037517832
2022-02-23,0.0015648094995164286
2022-02-24,0.0028624732213922144
2022-02-25,0.0014714158538255973
2022-02-28,-0.004420758727359697
2022-03-01,-0.002087138769657493
2022-03-02,0.006248393148863052
2022-03-03,0.0006918620011342469
2022-03-04,-0.00885730000339624
2022-03-07,0.006606996128399878
2022-03-08,0.001990911715831878
2022-03-09,0.0019869558608256455
2022-03-10,0.0015522597114747683
2022-03-11,0.008836329103239393
2022-03-14,0.00782716264197969
2022-03-15,0.0016088745584843522
2022-03-16,0.0024506709353939726
2022-03-17,-0.0002532393547491907
2022-03-18,0.00606011449792021
2022-03-21,-0.00016784155796312206
2022-03-22,0.012593469467864438
2022-03-23,0.00297914818155931
2022-03-24,0.008720746341971619
2022-03-25,-0.0008194706678361641
2022-03-28,0.010357716054488542
2022-03-29,-0.005206226678503789
2022-03-30,-0.005233473389148813
2022-03-31,-0.004354799207826332
2022-04-01,0.009506709854790962
2022-04-04,0.000815328214754274
2022-04-05,0.0063368479170931025
2022-04-06,0.0017800797644840216
2022-04-07,0.0008080808520531946
2022-04-08,0.004111085553128113
2022-04-11,0.009925639799970298
2022-04-12,-0.0023923456386203412
2022-04-13,0.00207369670738089
2022-04-14,0.003261347996738273
2022-04-15,0.0030924181167906184
2022-04-18,0.0036352181647520965
2022-04-19,0.013943512761263044
2022-04-20,-0.006164429805141758
2022-04-21,0.006708816799959827
2022-04-22,0.0012432014033203487
2022-04-25,-0.00873504228212596
2022-04-26,-0.0022742432262425893
2022-04-27,0.008365632619644181
2022-04-28,0.019277333791632323
2022-04-29,-0.008436279806609548
2022-05-02,0.002615184937905468
2022-05-03,-0.0006915895307733066
2022-05-04,-0.0009228640199703264
2022-05-05,0.0033796790753131134
2022-05-06,-0.0004601932892995819
2022-05-09,0.0001534212951765923
2022-05-10,-0.0012280299340501344
2022-05-11,-7.680196616899337e-05
2022-05-12,-0.016260520871779427
2022-05-13,0.008782553634411272
2022-05-16,-0.000619242995250957
2022-05-17,0.0012381027659111865
2022-05-18,-0.008465083748649072
2022-05-19,-0.0046904401189102884
2022-05-20,0.0018788168983796538
2022-05-23,-0.0006258801643834744
2022-05-24,-0.009593531154853174
2022-05-25,0.0059085530542102305
2022-05-26,-0.0006285849189451298
2022-05-27,-0.0007076306463460469
2022-05-31,0.010873498613777066
2022-06-01,0.01206417849142749
2022-06-02,-0.0020006162413057638
2022-06-03,0.006755226425299021
2022-06-06,0.006405878688840794
2022-06-07,0.007422027406285281
2022-06-08,0.011478426037224487
2022-06-09,0.0
2022-06-10,0.0009692451830547455
2022-06-13,-0.0005217845148379752
2022-06-14,0.005724709883559775
2022-06-15,-0.0028954324396943676
2022-06-16,-0.021417313099575175
2022-06-17,0.02616439218170985
2022-06-21,0.00818015541932482
2022-06-22,-0.0014689683140973742
2022-06-23,-0.00982391473523947
2022-06-24,0.0037045311685153237
2022-06-27,0.0002957704842625475
2022-06-28,0.006852117434071658
2022-06-29,0.002273645044148509
2022-06-30,-0.005951742467153132
2022-07-01,-0.004431649176271257
2022-07-05,0.004652716934439027
2022-07-06,-0.00044218439809551313
2022-07-07,0.002429598102934527
2022-07-08,0.0012493112041962462
2022-07-11,0.008264812084449069
2022-07-12,-0.004453049662422437
2022-07-13,0.004817175945439622
2022-07-14,0.011582582072204417
2022-07-15,-0.0026665721541112575
2022-07-18,-0.0024566486343582383
2022-07-19,-0.0021001564731202294
2022-07-20,0.0015936258352775567
2022-07-21,-0.0015936258352775567
2022-07-22,-0.013281958370439995
2022-07-25,0.004398189174629863
2022-07-26,-0.0007316895036320048
2022-07-27,0.005037794029957077
2022-07-28,-0.021048760618786133
2022-07-29,-0.008965319668919669
2022-08-01,-0.010941440977547678
2022-08-02,0.00393760920697428
2022-08-03,0.01395895085936072
2022-08-04,-0.006730003716208799
2022-08-05,0.015264061669881812
2022-08-08,-0.004443464320658563
2022-08-09,0.0016315636962573876
2022-08-10,-0.01771810265076823
2022-08-11,0.0006032272841647313
2022-08-12,0.006836220891603517
2022-08-15,-0.0032995905451880247
2022-08-16,0.009345513048178766
2022-08-17,0.007561752986170234
2022-08-18,-0.0008127378629056992
2022-08-19,0.012633293249748156
2022-08-22,0.004078962607887426
2022-08-23,-0.008834431203202264
2022-08-24,0.004098366392282671
2022-08-25,-0.0006575342702657139
2022-08-26,0.0017524648515703234
2022-08-29,0.012109933713865928
2022-08-30,-7.20798645215126e-05
2022-08-31,-0.00028837142439019914
2022-09-01,0.008901070899378638
2022-09-02,0.0007143878000634984
2022-09-06,0.020638233400634753
2022-09-07,0.01002305321480712
2022-09-08,-0.002357510452590361
2022-09-09,-0.011239603120960062
2022-09-12,-0.00021063717824088002
2022-09-13,0.013184244548488877
2022-09-14,-0.009539465858801499
2022-09-15,0.004467721218579079
2022-09-16,-0.0036984097143983874
2022-09-19,0.002095119140569146
2022-09-20,0.0020907387921083043
2022-09-21,0.003474880138413461
2022-09-22,-0.013831865649899022
2022-09-23,0.0071493961216431146
2022-09-26,0.008830846944205106
2022-09-27,0.001798312837657079
2022-09-28,-0.003877315665490322
2022-09-29,0.002079002827833243
2022-09-30,0.001798312837657079
2022-10-03,-0.001452232197414638
2022-10-04,-0.0012464512381731296
2022-10-05,0.00283688133519977
2022-10-06,0.0014499260316220841
2022-10-07,0.0017233658144606423
2022-10-11,0.0024764406960358087
2022-10-12,0.00902817157413871
2022-10-13,0.001904632913711346
2022-10-14,0.008863087009919113
2022-10-17,0.0016825390111909755
2022-10-18,0.0034906392427842547
2022-10-19,0.0036120440609277438
2022-10-20,0.0003337895154329473
2022-10-21,-0.023433560381842078
2022-10-24,0.016333255918974388
2022-10-25,-0.006136022758383319
2022-10-26,-0.009172817841363923
2022-10-27,-0.00328182982918257
2022-10-28,0.01130417212660273
2022-10-31,0.006412225406260852
2022-11-01,-0.0035047552219218403
2022-11-02,-0.006774634676760982
2022-11-03,0.007247144726390431
2022-11-04,-0.006499684357951452
2022-11-07,-0.0039474630991103155
2022-11-08,-0.008629599474959448
2022-11-09,0.0052824875007653205
2022-11-10,-0.030356931130383735
2022-11-14,-0.009567416446782495
2022-11-15,-0.0076486308758960675
2022-11-16,0.0016490414204737291
2022-11-17,0.006141999025586209
2022-11-18,-0.00299486818256689
2022-11-21,0.013618197551294564
2022-11-22,-0.0046603671412634995
2022-11-23,-0.010887849951915385
2022-11-25,-0.003943081425325623
2022-11-28,-0.0038865746347029884
2022-11-29,-0.0028163947123491795
2022-11-30,0.007421050664709661
2022-12-01,-0.027361089773458858
2022-12-02,-0.004880944463086401
2022-12-05,0.01223121643812597
2022-12-06,0.0008784130569949866
2022-12-07,-0.0007319572863755397
2022-12-08,-0.000879056535985967
2022-12-09,-0.0003665017449856478
2022-12-12,0.007813966073967116
2022-12-13,-0.01709443335930061
2022-12-14,-0.0014069386600148448
2022-12-15,0.021769467451369096
2022-12-16,-0.00998295899566859
2022-12-19,0.0023407223034608293
2022-12-20,-0.043223746392561324
2022-12-21,0.009717659222798325
2022-12-22,-0.0001511144694985589
2022-12-23,0.00331925470710015
2022-12-27,0.004883372463315716
2022-12-28,0.006275702330287736
2022-12-29,-0.008301285377792844
2022-12-30,-0.010189920982449863
2023-01-03,-0.007462721201589417
2023-01-04,0.008903152063585829
2023-01-05,0.011823762402642934
2023-01-06,-0.010234117467008197
2023-01-09,-0.004776535864153608
2023-01-10,0.005079039080556846
2023-01-11,0.0024921660748367103
2023-01-12,-0.02157671476724765
2023-01-13,-0.014751820308801733
2023-01-17,0.00257782433888476
2023-01-18,0.0021041974798121643
2023-01-19,0.00023352664255860134
2023-01-20,0.011530404395045935
2023-01-23,0.005524452015447601
2023-01-24,-0.004755339533295988
2023-01-25,-0.0033113888023024174
2023-01-26,0.005845271219206083
2023-01-27,-0.003533844040167544
2023-01-30,0.003073615451849143
2023-01-31,-0.0013051324258652741
2023-02-01,-0.006938048182512979
2023-02-02,-0.00636351673996316
2023-02-03,0.020191808075561646
2023-02-06,0.012811455220319345
2023-02-07,-0.010525217370356721
2023-02-08,-0.0007614986661010903
2023-02-09,-0.002211631025408778
2023-02-10,0.003962211827912121
2023-02-13,0.009159444831338348
2023-02-14,0.002558700974540251
2023-02-15,0.008755247306395653
2023-02-16,-0.0020136487394761815
2023-02-17,0.0019391414190970124
2023-02-21,0.004905614119051549
2023-02-22,-0.000741729747698372
2023-02-23,0.0002225766971388765
2023-02-24,0.011506248791495644
2023-02-27,-0.0013209072148816503
2023-02-28,-0.0006611084825944857
2023-03-01,-0.0019859518865805725
2023-03-02,0.0074818804237581915
2023-03-03,-0.005495928537177619
2023-03-06,-0.0011763842250696044
2023-03-07,0.007110684947247314
2023-03-08,0.002043199776771587
2023-03-09,-0.005628875566146441
2023-03-10,-0.010019976266404385
2023-03-13,-0.014318985794798955
2023-03-14,0.008973364631096103
2023-03-15,-0.011379923662762081
2023-03-16,0.0015047779530448224
2023-03-17,-0.007546636072536472
2023-03-20,-0.003186649130618946
2023-03-21,0.005154259875906675
2023-03-22,0.0030195538908701636
2023-03-23,-0.012743857519268431
2023-03-24,-0.0026755357473478014
2023-03-27,0.006485354436618351
2023-03-28,-0.003962513757516106
2023-03-29,0.013047291207032963
2023-03-30,0.00015071590081294772
2023-03-31,0.0003013636728903535
2023-04-03,-0.0030177314489376883
2023-04-04,-0.005682909781893564
2023-04-05,-0.003730353379905793
2023-04-06,0.004262126856941606
2023-04-07,0.0033361165220098243
2023-04-10,0.012337476885853071
2023-04-11,-0.0008975989831458975
2023-04-12,-0.0028477237470152517
2023-04-13,-0.006626031320275061
2023-04-14,0.010296584900153505
2023-04-17,0.00574092909465751
2023-04-18,-0.0029781869976410746
2023-04-19,0.005057653027328968
2023-04-20,-0.005132221462545772
2023-04-21,0.0013413818242016262
2023-04-24,0.0009676579712225575
2023-04-25,-0.003353582157052948
2023-04-26,-0.0017931863741056375
2023-04-27,0.002390201317211904
2023-04-28,0.014443090751758092
2023-05-01,0.009951058920415257
2023-05-02,-0.006500881154005711
2023-05-03,-0.008463089111724997
2023-05-04,-0.011521292939161043
2023-05-05,0.008115900249347163
2023-05-08,-0.00014832393975527935
2023-05-09,0.0023705470764729952
2023-05-10,-0.004672385850387428
2023-05-11,-0.0004461298311779771
2023-05-12,0.008663832933732074
2023-05-15,0.0032388692281442033
2023-05-16,0.0040338901009358
2023-05-17,0.006493292431150266
2023-05-18,0.007173683892539806
2023-05-19,-0.006010808552541214
2023-05-22,0.007093254986934916
2023-05-23,0.000648905895368479
2023-05-24,0.002878942538339757
2023-05-25,0.004803737504238015
2023-05-26,0.005136631112920398
2023-05-30,-0.004993590059894082
2023-05-31,-0.00035764100377644326
2023-06-01,-0.007468080091827645
2023-06-02,0.0073249878686461045
2023-06-05,-0.0008589835889658559
2023-06-06,0.00021481508084431056
2023-06-07,0.0022170579437137405
2023-06-08,-0.008249392214682238
2023-06-09,0.003738590881245507
2023-06-12,0.0026516660106743473
2023-06-13,0.0020020026706726313
2023-06-14,-0.004797202483802998
2023-06-15,0.008291091738059642
2023-06-16,0.009422336012289811
2023-06-20,-0.002541656268006065
2023-06-21,0.004443668042140025
2023-06-22,0.005614443830894267
2023-06-23,0.0062092500748471835
2023-06-26,-0.0016009469886526517
2023-06-27,0.003129893008927631
2023-06-28,0.0015959480194176479
2023-06-29,0.0033915934916217694
2023-06-30,-0.0017289675457501374
2023-07-03,0.00020763401119694436
2023-07-05,0.000415138731486131
2023-07-06,-0.0032565419391303863
2023-07-07,-0.013133265960237672
2023-07-10,-0.004581182907342551
2023-07-11,-0.0074449948590133985
2023-07-12,-0.016504393002313655
2023-07-13,-0.0005066039551087087
2023-07-14,0.0043340142963286254
2023-07-17,0.0012965499187176377
2023-07-18,0.00014395738886197051
2023-07-19,0.005884480561066496
2023-07-20,0.004497598158057947
2023-07-21,0.009640678624002419
2023-07-24,-0.0039584415864277744
2023-07-25,-0.001985112314420334
2023-07-26,-0.00355467458046288
2023-07-27,0.004405919577598283
2023-07-28,-0.0022005332748467055
2023-07-31,0.010321760072034891
2023-08-01,0.00812557006443626
2023-08-02,-0.0009073460751620743
2023-08-03,-0.005531645936632579
2023-08-04,-0.004433348804512072
2023-08-07,0.004643971194450813
2023-08-08,0.005041674428318821
2023-08-09,0.002859635776101044
2023-08-10,0.005694855310388824
2023-08-11,0.003732637222409352
2023-08-14,0.002480706895101825
2023-08-15,0.0006879945231812457
2023-08-16,0.002815839228775374
2023-08-17,0.0023975077415574475
2023-08-18,-0.006934221599112611
2023-08-21,0.007618169372165973
2023-08-22,-0.00321862972607434
2023-08-23,-0.008057617369924941
2023-08-24,0.007783212483795765
2023-08-25,0.004313154942479969
2023-08-28,0.0001366213541302841
2023-08-29,-0.002667489013739477
2023-08-30,-0.00047953417599799764
2023-08-31,-0.0017831429181214276
2023-09-01,0.0035631118963257435
2023-09-05,0.00973359623031822
2023-09-06,0.0001354646439351015
2023-09-07,-0.0035280584800760906
2023-09-08,0.0038666398274784797
2023-09-11,-0.008430835904410294
2023-09-12,0.004496226663142089
2023-09-13,0.0022405549652191326
2023-09-14,-0.0019007540852635785
2023-09-15,0.004474583736977067
2023-09-18,-0.0013538213670019061
2023-09-19,0.0011508649681051253
2023-09-20,-0.0004060364135103356
2023-09-21,-0.002168316339449028
2023-09-22,0.005546926215961534
2023-09-25,0.0033672332980501096
2023-09-26,0.001075124414809281
2023-09-27,0.003887664927320067
2023-09-28,-0.0020089740902662356
2023-09-29,0.0016744252262848036
2023-10-02,0.002473015329817585
2023-10-03,-0.004281515772500022
2023-10-04,-0.0022148403295521035
2023-10-05,-0.0022870990730972096
2023-10-06,0.003965458703087066
2023-10-10,-0.0030903618817337275
2023-10-11,0.003693882436515139
2023-10-12,0.0036134942959069605
2023-10-13,-0.0006013430174869328
2023-10-16,-0.0003342357730238277
2023-10-17,0.0009355787905107604
2023-10-18,0.001001435474418777
2023-10-19,0.00040029355394732846
2023-10-20,-0.00046702472743920254
2023-10-23,-0.00046724294145139567
2023-10-24,0.00040050731461160893
2023-10-25,0.0006671559390829529
2023-10-26,0.003329119527220037
2023-10-27,-0.0055992680617587
2023-10-30,-0.0039516477530083804
2023-10-31,0.01630814589830809
2023-11-01,-0.0033066626253823728
2023-11-02,-0.0031847160675200215
2023-11-03,-0.007470685759306761
2023-11-06,0.0027412847708365717
2023-11-07,0.004662944766482546
2023-11-08,0.0019917680200407517
2023-11-09,0.0017892056063626427
2023-11-13,0.0034368837532099406
2023-11-14,-0.005358750543105195
2023-11-15,0.002120469948338588
2023-11-16,-0.003182393456905075
2023-11-17,-0.005126338578991252
2023-11-20,-0.010467084291163609
2023-11-21,-0.002566355160142031
2023-11-22,0.012031736472623678
2023-11-24,-0.0006683598698202786
2023-11-27,-0.004556732403775854
2023-11-28,-0.009989958208272753
2023-11-29,-0.00013568521051965377
2023-11-30,0.003251374536729301
2023-12-01,-0.005900922606659975
2023-12-04,0.0010198879007461414
2023-12-05,0.0007472572610884853
2023-12-06,-0.0006793017039967708
2023-12-07,-0.021012927231097933
2023-12-08,0.0053983105696815414
2023-12-11,0.010505091630233387
2023-12-12,-0.006578520264180376
2023-12-13,-0.0019269154678740463
2023-12-14,-0.0253937607275887
2023-12-15,0.0019059053522791913
2023-12-18,0.008706697327177437
2023-12-19,0.004046611256967481
2023-12-20,0.0010438777523296139
2023-12-21,-0.011261616588105205
2023-12-22,0.0030903241337991716
2023-12-26,-0.0008418689987896855
2023-12-27,-0.003022530681208835
2023-12-28,-0.006852002932345336
2023-12-29,-0.0011347518948143787
2024-01-02,0.006859756046184273
2024-01-03,0.011631297047851596
2024-01-04,0.007218744472961447
2024-01-05,-0.00048424476059505395
2024-01-08,-0.004368787504112959
2024-01-09,0.0031917873336171354
2024-01-10,0.009171529310409099
2024-01-11,0.0023996446330274424
2024-01-12,-0.008044321285200162
2024-01-16,0.014732852908695193
2024-01-17,0.009343331342159367
2024-01-18,-0.0016186689984598601
2024-01-19,0.00040491294924915877
2024-01-22,-0.0017558081226054512
2024-01-23,0.004047223062398686
2024-01-24,-0.00838239208176983
2024-01-25,0.0025762726113711665
2024-01-26,0.0016913037215031679
2024-01-29,-0.0019621779697898134
2024-01-30,0.0004062838625769061
2024-01-31,-0.009865032209703806
2024-02-01,-0.0005471207905589637
2024-02-02,0.01601554318890397
2024-02-05,0.0016816335984559672
2024-02-06,-0.0051209599142048035
2024-02-07,6.755159255433796e-05
2024-02-08,0.008140244754756054
2024-02-09,0.0008706426562090641
2024-02-12,-6.69456067194929e-05
2024-02-13,0.008997361505851842
2024-02-14,-0.001460726639122889
2024-02-15,-0.002061924971440199
2024-02-16,0.0009982365318332853
2024-02-20,-0.0031311440924186584
2024-02-21,0.0027985092890983054
2024-02-22,0.002193347727202699
2024-02-23,-0.001727689977228053
2024-02-26,0.002855721681727097
2024-02-27,-0.002190872245629194
2024-02-28,0.0014611146917653528
2024-02-29,-0.0051899777152888404
2024-03-01,0.0019993342214821297
2024-03-04,0.0015965942721019033
2024-03-05,-0.0019961414572797764
2024-03-06,-0.00648159697901729
2024-03-07,-0.00733392690059631
2024-03-08,-0.006164287089220899
2024-03-11,-0.002108629152557384
2024-03-12,0.005635730414754292
2024-03-13,0.0002708008952980734
2024-03-14,0.003108950868570659
2024-03-15,0.006390227913561475
2024-03-18,-6.705334095791216e-05
2024-03-19,0.010671748047746732
2024-03-20,0.006151016450352209
2024-03-21,-0.00046166530086289015
2024-03-22,-0.0015844725041995744
2024-03-25,0.00046239720743290746
2024-03-26,0.001056105708722832
2024-03-27,-0.0015185029161557395
2024-03-28,0.0
2024-03-29,-0.0008593053376033666
2024-04-01,0.0033009866905739926
2024-04-02,-0.0011211133168860243
2024-04-03,0.0007915045594932835
2024-04-04,-6.593479051542062e-05
2024-04-05,-0.00046166530086289015
2024-04-08,0.0012525960038400896
2024-04-09,-0.0003294784386174143
2024-04-10,0.007681487397866782
2024-04-11,0.0018948680895887193
2024-04-12,-0.00045705331996082066
2024-04-15,0.007352735080853101
2024-04-16,0.002072405378729769
2024-04-17,0.000258748950276555
2024-04-18,0.0
2024-04-19,-0.00038814853637791913
2024-04-22,0.0014224753465423845
2024-04-23,0.0002584146277060384
2024-04-24,0.0019359840842856357
2024-04-25,0.002639798075469102
2024-04-26,0.013412732213375023
2024-04-29,-0.005790109390378717
2024-04-30,0.005282430740052746
2024-05-01,0.0006979917158922433
2024-05-02,-0.024919406463468796
2024-05-03,-0.006000931190757619
2024-05-06,0.0065210534312072355
2024-05-07,0.004798349240191513
2024-05-08,0.0053546787728535605
2024-05-09,0.0016714886565987186
2024-05-10,0.0010913877756513202
2024-05-13,0.0020511512864080927
2024-05-14,0.0021108524804533957
2024-05-15,-0.009501869126841811
2024-05-16,0.0014825799602222745
2024-05-17,0.002059070285442388
2024-05-20,0.0033369728712910884
2024-05-21,-6.406765546529414e-05
2024-05-22,0.002623413860224133
2024-05-23,0.0035721158095753935
2024-05-24,-0.0009555662456683933
2024-05-28,0.0
2024-05-29,0.004578413186516528
2024-05-30,-0.006300736834933041
2024-05-31,0.0035689286495754757
2024-06-03,-0.0073428801016905965
2024-06-04,-0.007526329310372226
2024-06-05,0.008615200514833887
2024-06-06,-0.0014734619405656346
2024-06-07,0.003839267577416372
2024-06-10,0.0022327845708609573
2024-06-11,0.002482101512979895
2024-06-12,-0.009195467093100262
2024-06-13,0.005693282609930961
2024-06-14,0.0032478933184165726
2024-06-17,0.003300752012918018
2024-06-18,6.336934826745022e-05
2024-06-20,0.006064836329378487
2024-06-21,0.004273779366646302
2024-06-24,0.0016292772121513366
2024-06-25,-0.00018785810506383172
2024-06-26,0.00624299692792718
2024-06-27,0.00012446325238535394
2024-06-28,0.0011194727209300481
2024-07-01,0.004155946806110755
2024-07-02,-0.00012380834484027048
2024-07-03,-0.0003095879409267255
2024-07-05,-0.004655357403691163
2024-07-08,0.000248833593819775
2024-07-09,0.003910983660979639
2024-07-10,0.002042522295838012
2024-07-11,-0.01966908028743397
2024-07-12,-0.004423947049605914
2024-07-15,6.333723915030731e-05
2024-07-16,0.004297548167679466
2024-07-17,-0.012756813113655951
2024-07-18,0.0026153811992948306
2024-07-19,0.0026085588197215515
2024-07-22,-0.0019080333970276087
2024-07-23,-0.00677102554964204
2024-07-24,-0.017000506400149717
2024-07-25,0.003774080481809605
2024-07-26,-0.0007146802110380435
2024-07-29,0.0006497303847563529
2024-07-30,-0.0015600627189025218
2024-07-31,-0.021967341746762514
2024-08-01,-0.0021302098322975027
2024-08-02,-0.020738691016857658
2024-08-05,-0.020830506042540442
2024-08-06,0.008026058444817075
2024-08-07,0.015793580258140594
2024-08-08,-0.0023089993280711596
2024-08-09,-0.004019489691392764
2024-08-12,0.007142158714477986
2024-08-13,-0.003870841137563197
2024-08-14,-0.000748732295129173
2024-08-15,0.013862344578649655
2024-08-16,-0.005251830008153213
2024-08-19,-0.011611062375464165
2024-08-20,-0.004929491017337639
2024-08-21,-0.003506483705562502
2024-08-22,0.0053578916468906
2024-08-23,-0.0076333623753068736
2024-08-26,-0.00241904945694138
2024-08-27,-0.0017314822347120895
2024-08-28,0.0014546464657634317
2024-08-29,0.0035239283314414394
2024-08-30,0.0066682954273922235
2024-09-03,-0.0008911129218391878
2024-09-04,-0.010409220930298169
2024-09-05,-0.00611665214186452
2024-09-06,-0.009104979555201176
2024-09-09,0.0055429014042882585
2024-09-10,-0.004488086074954545
2024-09-11,-0.003943667082983104
2024-09-12,0.0036624917683232283
2024-09-13,-0.011170140885722546
2024-09-16,0.0009237875945640184
2024-09-17,0.00693660765510451
2024-09-18,0.0011279521816263127
2024-09-19,0.006671138817021749
2024-09-20,0.007113496765133398
2024-09-23,-0.0021565975870361243
2024-09-24,0.0012527841282157226
2024-09-25,0.004441675703972692
2024-09-26,0.0018679309454228132
2024-09-27,-0.014480899103701539
2024-09-30,0.004547847614653655
2024-10-01,0.002858041051806204
2024-10-02,0.01649963218709516
2024-10-03,0.005258317848884531
2024-10-04,0.012656255026496588
2024-10-07,-0.0037733351151709726
2024-10-08,0.0006073899292520224
2024-10-09,0.006590031246448191
2024-10-10,-0.0042987707252102325
2024-10-11,0.0037624338928301526
2024-10-15,0.0006703761060871116
2024-10-16,0.003278362418377867
2024-10-17,0.0027348848050747776
2024-10-18,-0.0036036075032992443
2024-10-21,0.005932362007265546
2024-10-22,0.004244319654882034
2024-10-23,0.011187271191497317
2024-10-24,-0.006170427874987894
2024-10-25,0.0013818064379957917
2024-10-28,0.00740283114748852
2024-10-29,0.001695578859340685
2024-10-30,-0.00208727490821925
2024-10-31,-0.005237327847066098
2024-11-01,0.00386518218436116
2024-11-04,-0.0060335964781845774
2024-11-05,-0.0003947628184697294
2024-11-06,0.01709443335930061
2024-11-07,-0.009424527851608744
2024-11-08,-0.0035981851650328522
2024-11-12,0.013992613839497459
2024-11-13,0.003548276359173208
2024-11-14,0.004369625253642262
2024-11-15,-0.008823113106154246
2024-11-18,0.0012283028340709379
2024-11-19,-0.002846792812856158
2024-11-20,0.006715768492817631
2024-11-21,-0.0046445703413855455
2024-11-22,0.00045250332069191046
2024-11-25,-0.002847714046646743
2024-11-26,-0.0051985301296175734
2024-11-27,-0.018410671895253472
2024-11-29,-0.0018598477629412358
2024-12-02,-0.007675146963880941
2024-12-03,-0.0009384007659605231
2024-12-04,0.007083223734457356
2024-12-05,6.658454575170225e-05
2024-12-06,-0.002733608396268572
2024-12-09,0.00970042820151118
2024-12-10,0.005341435100641334
2024-12-11,0.0019054508212681398
2024-12-12,-0.0017739237922738127
2024-12-13,0.010921922768617698
2024-12-16,0.0028578871101307968
2024-12-17,-0.005006675174434427
2024-12-18,0.003838526556947386
2024-12-19,0.02393210808575308
2024-12-20,-0.01032382353080763
2024-12-23,0.00593966299963089
2024-12-24,0.001590685284345028
2024-12-26,0.004567086910856943
2024-12-27,-0.001773611664025232
2024-12-30,-0.002984223936012498
2024-12-31,0.0006992340494029747
2025-01-02,0.0017776653782970442
2025-01-03,-0.0028585059959640446
2025-01-06,0.0021605142800718014
2025-01-07,0.0017757488177112535
2025-01-08,0.0030999929927970626
2025-01-09,-0.001896813922278362
2025-01-10,-0.0020906593189433664
2025-01-13,-0.0010787145308208679
2025-01-14,0.0027895789344505317
2025-01-15,-0.00858374369139181
2025-01-16,-0.007434978487517618
2025-01-17,0.00551743235824631
2025-01-21,-0.005195816557706401
2025-01-22,0.0072410684530668235
2025-01-23,-0.0039664820732543404
2025-01-24,-0.0026959384709090983
2025-01-27,-0.008779914373813646
2025-01-28,0.009229742482802727
2025-01-29,-0.0027664314616240304
2025-01-30,-0.00516730254532316
2025-01-31,0.003168140237601591
2025-02-03,-0.0014858363791754314
2025-02-04,-0.0007760962748877276
2025-02-05,-0.01453315031559832
2025-02-06,-0.0019055760275623612
2025-02-07,-0.00487902332673773
2025-02-10,0.002772096026387949
2025-02-11,0.0042750566605658236
2025-02-12,0.014658720411064863
2025-02-13,-0.009356793410881359
2025-02-14,-0.00608979389144082
2025-02-18,-0.003025919951238798
2025-02-19,-0.0007908785754624503
2025-02-20,-0.01354152786797691
2025-02-21,-0.0009360792339050406
2025-02-24,0.0005350097098117956
2025-02-25,-0.003214360230927582
2025-02-26,0.00026825833438337554
2025-02-27,0.004482662308428864
2025-02-28,0.00559181326577729
2025-03-03,-0.003191492070643953
2025-03-04,-0.009031067836294149
2025-03-05,6.719752715600436e-05
2025-03-06,-0.006201152252360842
2025-03-07,-0.005219820006898246
2025-03-10,0.00013592496962644418
2025-03-11,0.002240098686461245
2025-03-12,0.005679528451601357
2025-03-13,-0.004121209765036049
2025-03-14,0.005401403990345166
2025-03-17,0.00033662100159670416
2025-03-18,0.006240583916972575
2025-03-19,0.003539117580067419
2025-03-20,-0.007896715063068882
2025-03-21,0.000940165269708082
2025-03-24,0.011744429667194467
2025-03-25,-0.006455714411019997
2025-03-26,0.0061239624257591885
2025-03-27,0.00185639514958158
2025-03-28,-0.004714014638630637
2025-03-31,-0.0023987218324625914
2025-04-01,-0.0033411324098349127
2025-04-02,0.0038746791745261078
2025-04-03,-0.026621395085807187
2025-04-04,-0.0007535021077815784
2025-04-07,0.013814912284598968
2025-04-08,-0.006373335018311721
2025-04-09,-0.013214392418348098
2025-04-10,-0.005182611883466137
2025-04-11,-0.005348906504524464
2025-04-14,-0.004257850288429843
2025-04-15,0.0009788157112318174
2025-04-16,-0.0037807228399051596
2025-04-17,-0.0016146586399656826
2025-04-18,-0.0007731506271619892
2025-04-21,-0.009963690526151758
2025-04-22,0.00042601534299535615
2025-04-23,0.012486494282669014
2025-04-24,0.0
2025-04-25,0.007751706122575364
2025-04-28,-0.007331155194669314
2025-04-29,-0.002877295925190815
2025-04-30,0.002386635977731366
2025-05-01,0.019784755583456715
2025-05-02,-0.006620713839348369
2025-05-05,-0.003743505238282374
2025-05-06,-0.0085095024191979
2025-05-07,0.004961055488339028
2025-05-08,0.013775180616096172
2025-05-09,-0.0021334442557554567
2025-05-12,0.020052506578773333
2025-05-13,-0.0022985407632045707
2025-05-14,-0.008223227554389645
2025-05-15,-0.006366614009004401
2025-05-16,0.002811783905126042
2025-05-19,-0.007078824102837444
2025-05-20,-0.0018639334380621264
2025-05-21,-0.007212236533150396
2025-05-22,0.0014605142214367817
2025-05-23,-0.008935487026651145
2025-05-27,0.01226581689304762
2025-05-28,0.004630117804872214
2025-05-29,-0.006571462101752523
2025-05-30,0.000624414631589687
2025-06-02,-0.009897620354473169
2025-06-03,0.008162171652620565
2025-06-04,-0.0071120087808767
2025-06-05,0.006695052555238945
2025-06-06,0.006926674504618369
2025-06-09,-0.003457339911837387
2025-06-10,0.003733411416109611
2025-06-11,-0.002971770389157413
2025-06-12,-0.005830920310793353
2025-06-13,0.0027808694227928754
2025-06-16,0.0006940107156205855
2025-06-17,0.006224516950299908
2025-06-18,-0.0031765788744442247
2025-06-20,0.009225538753869778
2025-06-23,0.0037621030041954384
2025-06-24,-0.010776780003579844
2025-06-25,0.004750602758598177
2025-06-26,-0.00862282444110729
2025-06-27,0.002767401793854596
2025-06-30,-0.003945870614169955
2025-07-01,-0.004100787675474393
2025-07-02,0.001252871326966165
2025-07-03,0.008312599819365829
2025-07-07,0.006189415261417253
2025-07-08,0.006491976195282412
2025-07-09,-0.0019090481014352179
2025-07-10,-0.0004778320170100159
2025-07-11,0.005651078868528003
2025-07-14,0.0027120499367665474
2025-07-15,0.007151561987520871
2025-07-16,-0.00451437616049688
2025-07-17,0.0031689336433746718
2025-07-18,0.0
2025-07-21,-0.008653965170545952
2025-07-22,-0.006198296587064611
2025-07-23,0.0012973270058953545
2025-07-24,0.002521553794564646
2025-07-25,0.005768789964076149
2025-07-28,0.004591190294226166
2025-07-29,0.0008080264394925152
2025-07-30,0.0033597666330775766
2025-07-31,0.010211321083454017
2025-08-01,-0.017009718350840863
2025-08-04,-0.006572952683700173
2025-08-05,0.0027157325401594434
2025-08-06,-0.0016285543397156488
2025-08-07,0.0006788866520075487
2025-08-08,0.0023724803536309125
2025-08-11,0.001961514376422002
2025-08-12,-0.0012846953996543675
2025-08-13,-0.003728185982406096
2025-08-14,0.0029836599065227176
2025-08-15,-0.004682895659482433
2025-08-18,0.005156749112248171
2025-08-19,-0.00027074590662135023
2025-08-20,-0.0035943207798672105
2025-08-21,0.007850077532335575
2025-08-22,-0.010367000054196218
2025-08-25,0.005366313866270289
2025-08-26,-0.0021023370803208152
2025-08-27,0.003050332817623236
2025-08-28,-0.005225133185482456
2025-08-29,-0.0005444399208931472
2025-09-02,0.009013038345936586
2025-09-03,-0.0017555710113255074
2025-09-04,0.004450445646360102
2025-09-05,-0.0121164375321694
2025-09-08,0.005026843001586734
2025-09-09,-0.002374411752903427
2025-09-10,0.0009504413478547136
2025-09-11,-0.00135805004915035
2025-09-12,0.00460986512246464
2025-09-15,-0.0039306095604150215
2025-09-16,-0.0048327358122506325
2025-09-17,-0.0013655607748139786
2025-09-18,0.01127805961831374
2025-09-19,-0.0012844348563216812
2025-09-22,0.0
2025-09-23,0.0
2025-09-24,0.005935135787593637
2025-09-25,0.007169450120628973
2025-09-26,-0.0017373876739137373
2025-09-29,-0.006373935498046102
2025-09-30,-0.004046677134818211
2025-10-01,-0.005489120277869297
2025-10-02,0.0012902789471294085
2025-10-03,-0.00013574046444020382
2025-10-06,0.018093649822227498
2025-10-07,0.007636412819126193
2025-10-08,0.010201148056875553
2025-10-09,0.002158485973929203
2025-10-10,-0.007278959316345812
2025-10-14,-0.0011194891031216514
2025-10-15,-0.0036966178473765154
2025-10-16,-0.0030467635172826135
2025-10-17,-0.0027899579675523256
2025-10-20,0.0017280344589858387
2025-10-21,0.0074758047219694035
2025-10-22,0.00046126981806970946
2025-10-23,0.006108192778724764
2025-10-24,0.0006545788019280963
2025-10-27,0.0017652255245694803
2025-10-28,-0.006224834174834548
2025-10-29,-0.0015129093495840351
2025-10-30,0.014767649452676501
2025-10-31,-0.0007786646295704358
2025-11-03,0.0005191771159509528
2025-11-04,-0.0037701552717965825
2025-11-05,0.003640386260454598
2025-11-06,-0.007424809412111877
2025-11-07,0.0005881776466001298
2025-11-10,0.006057663858547002
2025-11-12,0.004212169659753684
2025-11-13,-0.0015531973093994011
2025-11-14,0.0015531973093994011
2025-11-17,0.003614772849043213
2025-11-18,0.001545197320066194
2025-11-19,0.007626531021386107
2025-11-20,0.004967530276159593
2025-11-21,-0.005286804886962315
2025-11-24,0.002296505219558931
2025-11-25,-0.004086329271896005
2025-11-26,0.0005117052689369572
2025-11-28,-0.0013437851966138226
2025-12-01,-0.005715218638999708
2025-12-02,0.004113116338550604
2025-12-03,-0.004821765103912412
2025-12-04,-0.0017415426725699845
2025-12-05,0.0025789827318192238
2025-12-08,0.003791900169948015
2025-12-09,0.0061393043120974156
2025-12-10,-0.0033207770474543707
2025-12-11,-0.007576766694843862
2025-12-12,0.0042449253348744165
2025-12-15,-0.0033429796481661
2025-12-16,-0.0031603754254705407
2025-12-17,0.005154650588663934
2025-12-18,-0.00044997268782243083
2025-12-19,0.012142275970068894
2025-12-22,-0.0031810689759081967
2025-12-23,-0.0038306884613961145
2025-12-24,-0.003203488131709342
2025-12-26,0.005120666633047222
2025-12-29,-0.0033895085691844073
2025-12-30,0.0010244590472119341
2025-12-31,0.0034498213477087702
2026-01-02,-0.0005103342800216737
2026-01-05,-0.0025555853418124386
2026-01-06,0.0024279610675019825
2026-01-07,0.00019143030400137206
2026-01-08,0.0010840800730109734
2026-01-09,0.0074293131503164744
2026-01-12,0.0005059768623540961
2026-01-13,0.005737539777331158
2026-01-14,-0.005864009993763908
2026-01-15,0.0023371137821097676
2026-01-16,-0.003032986022748041
2026-01-20,-0.0008230192607898701
2026-01-21,0.0017085908285645601
2026-01-22,0.001263743375568005
2026-01-23,-0.005001118263975535
2026-01-26,-0.02369672608985951
2026-01-27,-0.005539097281149985
2026-01-28,0.0037178401106272574
2026-01-29,-0.004698520781554194
2026-01-30,0.009504661097439637
2026-02-02,0.0074877705898313
2026-02-03,0.0012853472206639793
2026-02-04,0.005827559638389879
2026-02-05,0.001913754092634612
2026-02-06,0.0012101526905983206
2026-02-09,-0.006513848946719136
2026-02-10,-0.011599562974828892
2026-02-11,-0.00878883297999522
2026-02-12,-0.0018980926600553616
2026-02-13,0.0008513146776545355
2026-02-17,0.005222966759970582
2026-02-18,0.00571393022698885
2026-02-19,0.0032965997341500852
2026-02-20,0.0001935796102188192
2026-02-23,-0.004461839339844786
2026-02-24,0.008775382162127698
2026-02-25,0.004103095896188513
2026-02-26,-0.0010882438740020817
2026-02-27,-0.0005125248366404378
2026-03-02,0.009121997358747969
2026-03-03,0.001332614341959193
2026-03-04,-0.00483123436686661
2026-03-05,0.004133419766913171
2026-03-06,0.00038068650926081915
2026-03-09,0.002787281672754993
2026-03-10,-0.003041056575779244
2026-03-11,0.007774270423285046
2026-03-12,0.0023896376608494307
2026-03-13,0.0020705889750702866
2026-03-16,-0.001505457566980617
2026-03-17,-0.001696353248178184
2026-03-18,0.0028256588453290377
2026-03-19,-0.008121680302665801
2026-03-20,0.006741244618810427
2026-03-23,-0.0035224592969349544
2026-03-24,0.0012594460103070304
2026-03-25,0.0018861998676120706
2026-03-26,0.002822645750508279
2026-03-27,0.0031893964061193714
2026-03-30,-0.004192091232247286
2026-03-31,-0.0025740039951731575
2026-04-01,-0.0028327739191258416
2026-04-02,0.004465837531856032
2026-04-03,0.0018809962283130588
2026-04-06,0.00043839048768479216
2026-04-07,0.0011889491716905454
2026-04-08,-0.009488273765579258
2026-04-09,0.003025911657602798
2026-04-10,0.002200635928500283
2026-04-13,0.003260599828810662
2026-04-14,-0.005209489264697886
2026-04-15,0.0006919762487926917
2026-04-16,0.00031437643693177364
2026-04-17,-0.006116612694842871
2026-04-20,0.00353580365842987
2026-04-21,0.004590481257104706
2026-04-22,0.0006271952037018025
2026-04-23,-0.00031354843012376676
2026-04-24,-0.0005646350411936396
2026-04-27,-0.00037660055679822335
2026-04-28,0.0015055520063587124
2026-04-29,0.004378290706882559
2026-04-30,-0.02253243108069647
2026-05-01,0.00063812139233832
2026-05-04,0.0028665178719924356
2026-05-05,0.0029851716410416174
2026-05-06,-0.00789511295715073
2026-05-07,0.00025565639919378214
2026-05-08,0.0010219724956925802
2026-05-11,0.002550371186005762
2026-05-12,0.004257353531260222
2026-05-13,0.0008239582148936719
2026-05-14,0.0015193722851982727
2026-05-15,0.0038513795751926594
2026-05-18,0.0008818342723131423
2026-05-19,0.0017613390727015954
2026-05-20,-0.001698380656714349
2026-05-21,0.002012579295676886
2026-05-22,0.00025128785155459354
2026-05-26,0.0010045204260054064
2026-05-27,0.0006900229235933253
2026-05-28,-0.0011293764533339967
2026-05-29,-0.0003767424382123963
2026-06-01,0.002696856349317933
2026-06-02,0.001251877980219973
2026-06-03,0.0006878654556317088
2026-06-04,0.0
2026-06-05,0.0018111986964202131
2026-06-08,-0.0008739622255520274
2026-06-09,0.0006867488954158674
2026-06-10,0.0014967261914797803
2026-06-11,0.0002492367138575702
2026-06-12,-0.0016835545675633057
2026-06-15,-0.00024965672330345967
2026-06-16,0.0011853147150278076
2026-06-17,-0.0010604785623158364
2026-06-18,0.007151994166290088
2026-06-22,0.0008671952971601726
2026-06-23,0.00024763202008593055
2026-06-24,0.001299063001654055
2026-06-25,-0.0005565346586466902
2026-06-26,0.0
2026-06-29,0.0016069224718648911
2026-06-30,0.004190552752251442
2026-07-01,-0.0012306936511192745
2026-07-02,-0.009340948188174103
2026-07-06,0.008540184339908663
2026-07-07,-0.002282613039585435
2026-07-08,0.004682983479701086
2026-07-09,-0.00233875045057097
2026-07-10,-0.0060568788380948035
2026-07-13,0.0062417160278629424
2026-07-14,-0.0011095359579984532
2026-07-15,-6.167699758297118e-05
2026-07-16,0.0017870902922867415
2026-07-17,6.156687704006458e-05
2026-07-20,0.000984554876159116
2026-07-21,0.0025798540107349055
2026-07-22,0.0004293293328538894
2026-07-23,0.004405293467916849
2026-07-24,-0.0005496015527191034
2026-07-27,0.0
2026-07-28,-0.000366568919060839
2026-07-29,0.0012824037664795895
2026-07-30,-0.027156587953787614
2026-07-31,-0.0019458312011533252
2026-08-03,-0.013918989741674714
2026-08-04,0.0030534374868897984
2026-08-05,0.0012060813345078358
2026-08-06,0.0051885714984791775
2026-08-07,-0.005759691861752181
2026-08-10,0.008595679267492606
2026-08-11,0.0022002209096019243
2026-08-12,-0.00012559658393751505
2026-08-13,0.0007533429950106196
2026-08-14,-0.0008789553554322538
2026-08-17,0.0008161984443066927
2026-08-18,0.0015050799279148208
2026-08-19,-0.007106277743204714
2026-08-20,0.0025212745785951896
2026-08-21,0.00037764350901969834
2026-08-24,0.0016348092172178141
2026-08-25,0.0002512720661504986
2026-08-26,0.0009417083283747019
2026-08-27,-0.000627707006989553
2026-08-28,0.0044482108242061
2026-08-31,-0.0014388041642616756
2026-09-01,0.0018138041686563966
2026-09-02,-0.0077787231198938045
2026-09-03,-0.021644488739362977
2026-09-04,0.004622801169932522
2026-09-08,-0.012051056106339608
2026-09-09,-0.004809263834983923
2026-09-10,0.003641569897568253
2026-09-11,-0.0022744266879790587
